id,first_name,last_name,email,job_title,company
1,James,Garcia,kyle40@example.com,"Engineer, drilling",Wright LLC
2,Michael,Brennan,amandaferguson@example.com,Careers adviser,Hudson-Craig
3,Stacy,Vega,jennifer77@example.org,"Engineer, control and instrumentation",Sanchez-Stout
4,Lindsay,Melendez,barnettheather@example.org,Insurance underwriter,Williams-Weeks
5,Ruth,Jones,sarabenjamin@example.net,Photographer,Moore-Keller
6,Thomas,Watson,olsonvanessa@example.net,"Designer, textile","Watts, Klein and Mata"
7,Christopher,Garcia,jeanbrewer@example.com,Technical sales engineer,Donaldson-Thompson
8,Matthew,Gibbs,margaret03@example.net,"Engineer, control and instrumentation",Cooper Ltd
9,Anna,Anderson,weavercharles@example.net,Catering manager,"Williamson, Anderson and Jones"
10,Sabrina,Smith,murphywilliam@example.org,"Merchandiser, retail","Davis, Potter and Kim"
11,Megan,Mcgee,kathleenbryan@example.net,Advertising copywriter,"Gonzalez, Nelson and Dean"
12,Mark,Weeks,amandabrown@example.com,Osteopath,Grant-White
13,Steven,Patrick,jennifer38@example.org,"Psychologist, counselling",Estrada Group
14,Norman,Jordan,reyesdiane@example.com,"Presenter, broadcasting","Vaughn, Richardson and George"
15,Lacey,King,edwardhall@example.org,Tour manager,"Clayton, Parks and Hernandez"
16,Courtney,Petersen,nsmith@example.org,"Surveyor, rural practice","Berry, Graham and Adams"
17,Kathy,Page,karen80@example.com,Personal assistant,"Rodriguez, Smith and Gonzalez"
18,Valerie,Freeman,tannermoore@example.com,Charity officer,"Nelson, Williamson and Schmidt"
19,Alexis,Shields,dmann@example.org,Investment analyst,"Alexander, Davidson and Day"
20,Jodi,Ingram,bgarcia@example.com,Pension scheme manager,"Ford, Harmon and Leonard"
21,Mary,Brady,tristan39@example.com,Therapeutic radiographer,Thompson-Smith
22,Joan,Jones,jbyrd@example.net,Geoscientist,"Johnson, Shaw and Cook"
23,Marcus,Gomez,hlee@example.net,"Engineer, broadcasting (operations)",Ramirez Group
24,Tammy,Baker,wwhite@example.org,Magazine features editor,Jackson Ltd
25,Matthew,Martinez,currybrian@example.net,"Administrator, sports",Ryan LLC
26,Denise,Booker,laurahill@example.net,Illustrator,Smith-Carter
27,Robert,Robinson,wreyes@example.com,Human resources officer,Jones PLC
28,Dakota,Sanford,kari42@example.com,Travel agency manager,Monroe-Colon
29,Patricia,Dixon,sarachambers@example.com,Corporate treasurer,Harrison-Johnson
30,Anthony,Jones,ryancarlson@example.com,"Research officer, political party",Molina-Garrett
31,Nicole,Coleman,bryanrichardson@example.org,Seismic interpreter,Page Inc
32,Amy,Carson,wthompson@example.org,Data scientist,Lee PLC
33,Jill,Young,adamwatson@example.com,Site engineer,Johnston LLC
34,Gregory,Campbell,arellanorenee@example.net,Statistician,Turner Group
35,William,Erickson,coleleslie@example.com,Environmental consultant,"Morton, Coleman and Riley"
36,Richard,Potts,twatson@example.com,Technical brewer,"Bennett, Buck and Ochoa"
37,Patrick,Smith,millerchristy@example.org,Acupuncturist,Williams LLC
38,Dawn,Watkins,byork@example.com,"Engineer, technical sales",Walton Inc
39,Amber,Smith,ashley77@example.net,Television floor manager,Perkins-Garrison
40,John,Dean,william54@example.com,Dentist,"Simmons, Hernandez and Graham"
41,Jasmine,Gilbert,bthomas@example.org,Freight forwarder,White Group
42,Eric,Smith,bphillips@example.net,Chartered accountant,Rodriguez Ltd
43,Sherri,Conrad,rachelthompson@example.org,Herbalist,Johnson-Klein
44,Christopher,Hall,melissalucas@example.com,Clinical cytogeneticist,King-Lam
45,James,Richardson,reedjennifer@example.com,Industrial/product designer,Mcintosh and Sons
46,Laura,Smith,teresayoung@example.com,"Engineer, maintenance","Sanchez, Hunter and Vaughn"
47,Jennifer,Medina,ashley41@example.net,Building control surveyor,Villarreal Inc
48,Katherine,Johnson,qmarsh@example.org,Prison officer,Navarro-Brady
49,Heather,Patrick,fcantu@example.org,"Engineer, drilling",Short Ltd
50,Amber,Miller,cbishop@example.org,Health visitor,Thompson-Jones
51,Jared,Thompson,sergioarnold@example.com,"Accountant, chartered",Alvarez-Williams
52,Joshua,Gutierrez,kaylaortega@example.org,Quality manager,Clayton PLC
53,Joel,Herman,qsanchez@example.org,Community development worker,Taylor-Young
54,Jerry,Cohen,marcus01@example.net,Adult guidance worker,Hill-Ruiz
55,Laura,Underwood,jerry55@example.net,"Accountant, chartered management",Page LLC
56,Kimberly,Washington,eric40@example.net,Commercial art gallery manager,Fisher Inc
57,Trevor,White,kspencer@example.net,"Buyer, retail","Wright, Oliver and Mitchell"
58,Felicia,King,westallison@example.com,Operational investment banker,"Frank, Carter and Estrada"
59,Jackie,Taylor,yclark@example.org,Training and development officer,Hale-Murray
60,Eric,Hayes,michaelmalone@example.net,"Pharmacist, hospital","Cox, Klein and Harmon"
61,Jennifer,Vargas,madelinejohns@example.net,Hospital pharmacist,"Estes, Chandler and Davis"
62,Richard,Martinez,crystalphillips@example.org,"Presenter, broadcasting",Perry-Curtis
63,Joseph,Lee,ericksonscott@example.org,Mining engineer,Morgan-Duarte
64,Nathan,Garrett,woodaudrey@example.net,Tourist information centre manager,"Kim, Long and Nguyen"
65,Deanna,Turner,benjamintaylor@example.net,Fitness centre manager,Martin and Sons
66,Hunter,Santana,josephsmith@example.com,"Teacher, secondary school","Schneider, Fisher and Long"
67,Taylor,Hartman,jeanne72@example.com,"Producer, radio",Hartman PLC
68,Steven,Kline,markgriffin@example.net,"Clinical scientist, histocompatibility and immunogenetics",Howell PLC
69,Robin,Mendoza,qlopez@example.com,Commissioning editor,Thomas Inc
70,Valerie,Carter,jacqueline75@example.org,Early years teacher,Townsend-Moore
71,Kimberly,Anderson,jsmith@example.org,"Radiographer, diagnostic",Mata Group
72,Ariel,Sanchez,wilsonmarilyn@example.com,Estate manager/land agent,Cox-Miller
73,Emily,Thompson,kayla26@example.net,Stage manager,Porter-Deleon
74,Jorge,Lopez,nicholas52@example.net,Comptroller,Johnson LLC
75,Anthony,Garner,zharvey@example.com,"Therapist, sports",Williams Ltd
76,Sierra,Frederick,justinbaker@example.org,"Producer, radio","Hensley, Jenkins and Nguyen"
77,Michael,Barton,owenmelissa@example.net,Dancer,Castro Inc
78,Heather,Carter,westmark@example.net,Learning mentor,"Watson, Powers and Serrano"
79,Crystal,Foster,jenkinssteven@example.net,Jewellery designer,Ellis PLC
80,Sheila,Rose,sandramartin@example.com,Paediatric nurse,Jones Group
81,Miguel,Thompson,qnorris@example.org,"Solicitor, Scotland",Evans Group
82,Brandi,Morris,mary17@example.org,Health and safety inspector,Goodman-Campos
83,Amy,Lynch,albertalvarado@example.com,Fish farm manager,Jones LLC
84,Cassandra,Green,vpatel@example.org,Audiological scientist,Butler-Little
85,Matthew,Franklin,jfletcher@example.net,Armed forces technical officer,"Morales, Rojas and Rodriguez"
86,David,Harris,garciastephanie@example.net,Radiation protection practitioner,Smith and Sons
87,Stacy,Gallagher,joan67@example.org,Field trials officer,Mccarthy Inc
88,Sarah,Foley,jerrywest@example.org,Seismic interpreter,"Jackson, Green and Williams"
89,Travis,Dennis,bailey62@example.com,"Engineer, building services","Diaz, Fowler and Jones"
90,Levi,Hernandez,eringentry@example.net,"Therapist, drama",Silva-Mcmillan
91,Jennifer,Johnson,sandra17@example.net,Intelligence analyst,Lopez PLC
92,Yvonne,Jenkins,patrickmiller@example.com,Tourism officer,"Young, Beard and Lane"
93,James,Moody,bryan49@example.net,Teaching laboratory technician,Reynolds-Lewis
94,Ashley,Salazar,michael67@example.com,Associate Professor,"Simpson, Avila and Thomas"
95,Tyler,Nelson,rwinters@example.com,"Scientist, audiological",Curry-Chapman
96,Jonathon,Jones,hannah92@example.com,Community education officer,Richards-Norton
97,Jessica,Wise,hintonandrew@example.net,"Teacher, special educational needs","Ramirez, Burns and Savage"
98,Jeffrey,Jefferson,mcowan@example.com,Insurance account manager,Meyer-Hanson
99,James,Singh,ebrown@example.org,Geographical information systems officer,"Mueller, Rodgers and Smith"
100,Vincent,Black,charlesmiller@example.com,Occupational therapist,Smith Group
101,Jamie,Smith,njohnson@example.org,Politician's assistant,"Porter, Ferguson and Howell"
102,William,Wise,elowery@example.com,Associate Professor,"Hansen, Thompson and Holmes"
103,Lori,Patterson,marcus75@example.com,Fisheries officer,Hogan-Walker
104,Cheryl,Collins,moorenichole@example.com,Barrister,Martin-Garcia
105,Wesley,Pierce,tamaraanderson@example.net,Chief Marketing Officer,"Powell, Welch and Williams"
106,James,Byrd,william12@example.net,Electronics engineer,"Nelson, Johnson and Diaz"
107,Alexander,George,debramartinez@example.org,"Embryologist, clinical",Huynh and Sons
108,James,Hill,ugallagher@example.com,"Engineer, mining",Scott Ltd
109,Sergio,Powell,james09@example.com,"Psychologist, occupational","Smith, Lang and Hayes"
110,Isabella,Davis,plopez@example.org,"Administrator, charities/voluntary organisations",Peters-Miranda
111,Corey,Horne,ofischer@example.com,"Editor, commissioning","Wells, Bennett and Marks"
112,Anthony,Salazar,hmoore@example.net,"Nurse, learning disability",Le Inc
113,Michael,Gill,davidwilliams@example.org,Field seismologist,Butler-Lee
114,Veronica,Juarez,barbaraharrison@example.org,Environmental manager,Lloyd-Bryant
115,Travis,Long,mikaylaharris@example.net,Glass blower/designer,"Mckinney, Williams and Larson"
116,Thomas,Hooper,amber63@example.net,Education administrator,Washington-Fisher
117,Amy,Swanson,morenomatthew@example.com,Financial manager,"Perez, Vance and Davis"
118,Janice,Banks,nelsonryan@example.com,Marine scientist,Long-Andrews
119,Carol,Short,teresa95@example.net,Government social research officer,"Gonzalez, Cook and Christensen"
120,Michael,Torres,jaredlarson@example.net,Industrial buyer,Smith-Wilson
121,Rachel,Hughes,austinlewis@example.com,"Nurse, mental health",Taylor Ltd
122,Christopher,Singleton,steven93@example.org,"Designer, furniture","Lopez, Campbell and Jackson"
123,Andrew,Matthews,leonardsmith@example.org,Insurance account manager,Brown LLC
124,Mariah,Santos,ecruz@example.org,"Designer, interior/spatial",Butler-Garner
125,Matthew,Turner,nshaw@example.org,"Psychotherapist, dance movement","Wiggins, Martinez and Chavez"
126,Mark,Montgomery,manderson@example.org,"Doctor, general practice","Green, Taylor and Chandler"
127,Michael,Smith,nflores@example.net,Industrial buyer,Burke and Sons
128,Joseph,Graham,joseph36@example.com,Politician's assistant,Perkins and Sons
129,Ryan,Sims,wallen@example.net,Plant breeder/geneticist,"Bryant, Nixon and Foley"
130,Mason,Mason,ronnie67@example.com,"Engineer, control and instrumentation","Hernandez, Jimenez and Simpson"
131,Jessica,Miles,robert30@example.org,Customer service manager,Estrada and Sons
132,Victor,Castro,annedyer@example.org,"Scientist, research (maths)",Sheppard and Sons
133,Lori,Schneider,donna15@example.com,Diagnostic radiographer,"Evans, Rivera and Jones"
134,Brett,Thomas,fredsanchez@example.com,Sports therapist,"Johnson, Munoz and Savage"
135,Joshua,Payne,tim16@example.org,Commercial art gallery manager,"Cross, Watts and Jackson"
136,Chloe,Adams,tracycole@example.net,"Lecturer, further education",Mercado-Molina
137,Christina,Holmes,justinvega@example.com,Occupational psychologist,Armstrong and Sons
138,Maureen,Mora,etyler@example.net,Haematologist,"Oneill, Harper and Thomas"
139,Terri,Ramirez,amanda71@example.net,Market researcher,Weaver Group
140,Christopher,Wells,adamsjeanette@example.net,Medical secretary,Robles Group
141,Dawn,Andersen,victoriascott@example.com,Holiday representative,Chavez Group
142,Craig,Wong,erika42@example.com,"Accountant, chartered public finance","Jordan, Moore and Webster"
143,Jermaine,Barnett,ynelson@example.net,"Geologist, engineering",Myers Ltd
144,William,Williams,ialvarez@example.com,Advertising account planner,Olson-Bates
145,Michael,Ruiz,kelleywendy@example.net,"Education officer, community",Harper-Gillespie
146,Crystal,Gibbs,rsullivan@example.com,Trade union research officer,Weeks and Sons
147,Justin,Bryant,marianelson@example.org,Immigration officer,Green and Sons
148,Nancy,Lang,cindy67@example.net,IT consultant,"Walters, Roberts and Chapman"
149,Sandra,Johnston,davidadams@example.org,Management consultant,Munoz-Brock
150,Heidi,Thompson,billkelly@example.net,Financial manager,Wilson-Montgomery
151,Miranda,Roberts,kenneth12@example.org,Software engineer,Wu-Ford
152,Jessica,Foster,rgordon@example.net,Media buyer,Fisher-Gardner
153,Kristen,Anderson,ubanks@example.com,Astronomer,"Higgins, Ramirez and Gordon"
154,Denise,Brown,karencarpenter@example.com,"Engineer, agricultural","Watson, Ford and Harris"
155,Corey,Boyer,robertsondaniel@example.net,Animal technologist,Cruz LLC
156,Michael,Vega,williamsryan@example.net,Local government officer,"Cervantes, Brown and Long"
157,Ryan,Gentry,tonirichardson@example.org,Customer service manager,Vega-Reynolds
158,Kimberly,Jones,mking@example.com,Amenity horticulturist,Cunningham and Sons
159,Jose,Benson,qgoodwin@example.net,"Engineer, manufacturing systems",Acosta-Smith
160,John,Parker,billyhartman@example.net,Broadcast journalist,"Hale, Williams and Richards"
161,Brandi,Nelson,dennisdavid@example.net,Publishing copy,Meyer PLC
162,David,Griffith,srivers@example.com,Legal executive,Stone Inc
163,Rachel,Torres,mary43@example.com,Electronics engineer,Carter LLC
164,Holly,Bryant,nicole65@example.org,Firefighter,"Skinner, Gonzales and Jackson"
165,Melissa,Solis,dennismcfarland@example.com,Architectural technologist,Adkins and Sons
166,Jesus,Kim,jennifer81@example.com,Occupational therapist,White-Wood
167,John,Velez,nicole87@example.net,"Programmer, applications","Wagner, Wright and Lane"
168,Joseph,Colon,patricia24@example.org,Data scientist,Mendoza-Bridges
169,Robyn,Smith,hollowaycolleen@example.com,"Psychologist, sport and exercise","Saunders, Brown and Knight"
170,Samuel,Jensen,steven71@example.com,Television/film/video producer,"Hernandez, Smith and Williams"
171,Erika,Mercer,richardhouston@example.org,Stage manager,"Heath, Hill and Gray"
172,Robert,Reed,stevenwood@example.net,Film/video editor,Young Inc
173,Jonathan,Gross,carrie12@example.com,Associate Professor,Hart PLC
174,Brandon,Lopez,xfuller@example.org,"Editor, commissioning",Johnson and Sons
175,Anthony,Stokes,randolphtamara@example.com,Haematologist,Mendez-Douglas
176,Shawn,Smith,dyermadison@example.com,Manufacturing engineer,Daniels LLC
177,Kimberly,Cunningham,kimcole@example.net,"Horticulturist, amenity","Smith, Dougherty and Smith"
178,Courtney,Ryan,westryan@example.org,Architectural technologist,"Thompson, Gregory and Lester"
179,Todd,Bell,holtangela@example.com,Learning disability nurse,Cox-Jones
180,John,Wood,michael87@example.net,Mudlogger,"Brown, Lopez and Kim"
181,Adam,Heath,cpena@example.com,"Psychologist, forensic","Johnson, West and Jackson"
182,William,Downs,pattersonjoshua@example.org,"Biochemist, clinical",West-Tyler
183,Joshua,Kaiser,michael57@example.org,Travel agency manager,Nash Group
184,Richard,Russell,ntrevino@example.com,Meteorologist,"Pugh, Wagner and Edwards"
185,Natalie,Turner,smithlindsay@example.com,Corporate investment banker,"May, Bryan and Miller"
186,Ariana,Guerrero,jameslee@example.net,Psychotherapist,Chambers-Rodriguez
187,Cathy,King,franklinlinda@example.net,Dentist,Perez PLC
188,Sharon,Sanchez,james57@example.net,"Engineer, manufacturing","Decker, Hernandez and Decker"
189,Geoffrey,Richardson,williamjones@example.com,Advertising account executive,Schultz Ltd
190,Nicolas,Simpson,kevin65@example.org,Web designer,Reyes PLC
191,Andrew,Hall,fhudson@example.net,Aeronautical engineer,Chapman Ltd
192,Alicia,Brooks,nzamora@example.net,Civil Service fast streamer,Smith-Diaz
193,Heather,Gonzales,rklein@example.com,Building control surveyor,Johnson Group
194,James,Reeves,stewartrussell@example.com,Tax adviser,Hernandez and Sons
195,Joseph,Petersen,seanmora@example.net,Insurance underwriter,Rowe Inc
196,Gregory,Smith,robinsonjohn@example.com,Field trials officer,Mitchell-Campos
197,Stephanie,Donovan,edward00@example.com,Higher education lecturer,Mason-Patterson
198,Brianna,Rivera,veronica67@example.com,Contracting civil engineer,"Wilson, Gray and Ryan"
199,Carly,Hicks,pfleming@example.org,General practice doctor,Reed Group
200,James,Osborne,ylopez@example.org,Patent examiner,Mccoy-Manning
201,Robert,Thomas,yellis@example.com,"Therapist, occupational","Scott, Butler and Hahn"
202,Sarah,Osborne,zwalker@example.com,Building services engineer,"Watson, Gardner and Adams"
203,Jeffery,Jefferson,tsexton@example.org,"Scientist, marine","Woodard, Pruitt and Oliver"
204,Alexandra,Downs,laurenfrancis@example.net,Housing manager/officer,"Singleton, Wise and Johnson"
205,Shannon,Mcdaniel,mfloyd@example.com,"Surveyor, hydrographic",Vargas-Johnson
206,Brandy,Davidson,callahankimberly@example.net,Industrial buyer,Koch-Gonzalez
207,Katie,Clay,vazquezvalerie@example.org,Musician,"Johnson, Bush and Hansen"
208,Jason,Wright,james32@example.com,Senior tax professional/tax inspector,"Reyes, White and Petty"
209,Jacqueline,Williams,bennettcassandra@example.org,Print production planner,Martinez LLC
210,Jacqueline,Harris,jhill@example.org,"Runner, broadcasting/film/video",Ware-Wagner
211,John,Nguyen,reynoldsvictoria@example.net,Data scientist,Dawson LLC
212,Amy,Hicks,cynthiagrant@example.net,Water engineer,"Stewart, Jones and Turner"
213,Matthew,Vazquez,imay@example.com,"Journalist, magazine",Monroe Ltd
214,Stephen,Powell,ricky20@example.com,Farm manager,Gilbert and Sons
215,Bradley,Gilmore,khanrickey@example.com,Personnel officer,Stephens-Moore
216,Duane,Burnett,hlarson@example.com,Probation officer,Williams LLC
217,Ethan,Austin,alan46@example.org,Clinical molecular geneticist,Torres-Flores
218,Megan,Anderson,jennifer56@example.net,Police officer,Flores-Jackson
219,Sara,Navarro,vpowers@example.org,Publishing rights manager,"Harris, Wilson and Williams"
220,Amy,Diaz,melinda53@example.com,"Engineer, broadcasting (operations)",Thomas PLC
221,Margaret,Johnson,swilson@example.net,"Conservator, furniture",Dennis Group
222,Patricia,Day,hoodjose@example.com,"Geneticist, molecular",Melendez-Wright
223,Brandy,Fuentes,hendrixsusan@example.net,"Editor, film/video",Henderson-Moon
224,Stephanie,Bell,vickie35@example.org,"Production assistant, television","Marks, Lawrence and Smith"
225,Elizabeth,Lopez,aaronparks@example.com,"Engineer, control and instrumentation",Keller-Vasquez
226,Adam,Velasquez,colederrick@example.org,Land/geomatics surveyor,"Flores, Armstrong and Combs"
227,Edward,Bass,marissasmith@example.org,Podiatrist,"Ortiz, Shaffer and Griffin"
228,Steven,Higgins,dfrank@example.net,Colour technologist,"Cooper, Johnson and Fernandez"
229,Sarah,Rose,diana62@example.org,"Exhibitions officer, museum/gallery","Williamson, Myers and Matthews"
230,Lisa,Dean,pking@example.org,Farm manager,Mcguire-Williams
231,Christopher,Smith,zdavila@example.org,"Psychologist, occupational","Flores, Mcguire and Lester"
232,Steven,Williams,collinsaaron@example.net,Diagnostic radiographer,Roberts Inc
233,Michael,Gardner,jcampbell@example.net,"Therapist, drama","Wells, Burton and Gregory"
234,Gregory,Davis,whitewalter@example.com,Publishing copy,"Snyder, Dorsey and Small"
235,Michael,Thomas,ericbrady@example.org,Graphic designer,"Fritz, Kim and Miranda"
236,Eric,Kelly,clarkamanda@example.org,Probation officer,Rich Group
237,Heather,Jones,meltonthomas@example.net,IT consultant,Mcbride-Jones
238,Michele,Tucker,williamgraham@example.org,"Designer, interior/spatial","Adams, Garcia and Hall"
239,Matthew,Snyder,bsanders@example.com,Insurance account manager,Massey Inc
240,Jeffery,Long,ambermoore@example.org,Ophthalmologist,Higgins and Sons
241,Scott,Clayton,sherri47@example.com,Acupuncturist,Jensen-Guzman
242,Michael,Morris,watkinsvalerie@example.org,Sales promotion account executive,Leonard PLC
243,Michael,Guerrero,ndeleon@example.net,"Copywriter, advertising",Powell LLC
244,Misty,Gomez,christopher73@example.net,Diplomatic Services operational officer,Cortez PLC
245,Gina,Payne,mdecker@example.org,"Nurse, mental health","Bradley, Jackson and Roberts"
246,Heidi,Lopez,kimberly19@example.com,Photographer,White-Rodriguez
247,Richard,Wallace,christianmegan@example.com,Interpreter,Miller-Parks
248,Mark,Rodriguez,lisahenderson@example.net,"Programmer, applications",Mcintosh-Herman
249,Daniel,Wilson,larsenrobert@example.org,Energy manager,Gordon-Gomez
250,Sarah,Guzman,whitakerjames@example.com,Museum/gallery conservator,Velasquez-Wright
251,Kimberly,Barrera,loganmariah@example.com,Systems analyst,Johnson Inc
252,Eric,Pierce,ulewis@example.org,Town planner,Hoffman LLC
253,Lori,Blake,samuel52@example.org,"Surveyor, minerals","Walton, Herrera and Bolton"
254,Donna,Levy,domingueztara@example.org,"Loss adjuster, chartered",Holt-Mccormick
255,Destiny,Ford,nharris@example.org,"Social research officer, government",Jensen PLC
256,David,Willis,xwhite@example.com,Plant breeder/geneticist,Proctor and Sons
257,Jeremy,Wallace,patrick84@example.com,Writer,Smith and Sons
258,Christopher,Johnston,carpenterchristina@example.com,Air cabin crew,Rush-Peters
259,Kelly,Holden,doughertysharon@example.net,Environmental health practitioner,Rush and Sons
260,Andrew,Griffin,matthew80@example.com,Building control surveyor,Smith LLC
261,Terri,Rowland,dustingarrison@example.net,Product/process development scientist,Harrison LLC
262,Gregory,Wong,clarkdonna@example.com,Futures trader,Oliver-Garcia
263,Dylan,Bowen,lisa11@example.org,Ship broker,Kirk PLC
264,Reginald,Patel,ukoch@example.com,"Therapist, occupational","Frank, Cabrera and Waters"
265,Lisa,Richardson,iespinoza@example.com,"Editor, commissioning",Maxwell LLC
266,Kevin,Anderson,tthompson@example.net,Professor Emeritus,"Gonzalez, Mcdonald and Drake"
267,Emma,Hill,mejiadonna@example.net,Chief Financial Officer,Baker Inc
268,David,Lindsey,moorediana@example.org,"Nurse, adult",Mills PLC
269,William,Bryant,carsonantonio@example.net,Purchasing manager,Paul-Mcintyre
270,Lisa,Rogers,amywaters@example.net,"Librarian, public",Martinez LLC
271,Timothy,Thomas,karen35@example.com,Psychotherapist,Sanders Inc
272,Justin,Anderson,npeterson@example.org,Chief Executive Officer,Miller Group
273,Amanda,Harper,sheppardlisa@example.com,Primary school teacher,Johnson-Powell
274,Mary,Beck,fparsons@example.org,Curator,"Walker, Mathis and Stewart"
275,Darrell,Smith,james70@example.net,Sports development officer,"Reed, Hamilton and Mcintyre"
276,James,Baldwin,nhanson@example.net,"Conservator, furniture",Shepard PLC
277,Douglas,Gibson,chelsea57@example.com,Operational investment banker,"Campbell, Garcia and Howard"
278,Sarah,Jimenez,kelly60@example.com,Quarry manager,Moreno Ltd
279,Jamie,Rivera,katherine69@example.com,Fisheries officer,Crosby and Sons
280,Marco,Combs,emeza@example.net,Trading standards officer,"Bailey, Spencer and Hernandez"
281,James,Figueroa,ktaylor@example.net,Animator,Green Group
282,Jacob,Fuller,jenningsivan@example.net,"Sound technician, broadcasting/film/video",Cook LLC
283,Alexandria,Robertson,mark53@example.com,Manufacturing systems engineer,"Allen, Hampton and Garrison"
284,Richard,Le,maldonadowanda@example.net,Chartered management accountant,Riley Ltd
285,John,Powell,brianjenkins@example.org,"Engineer, communications","Johnson, Rogers and Evans"
286,Renee,Sullivan,lisa32@example.net,Tax adviser,Marsh LLC
287,Jonathan,Walsh,nsmith@example.net,Toxicologist,Cox Group
288,Martin,Rios,torresshirley@example.net,Call centre manager,Smith LLC
289,Tracy,Ramirez,josephvaldez@example.com,Legal executive,Young-Campbell
290,John,Flynn,cody21@example.net,Water engineer,"Macias, Mcdonald and Daugherty"
291,Christopher,Davis,zpratt@example.com,Chief Executive Officer,Adams-Freeman
292,Kelsey,Davis,wrightdouglas@example.com,"Teacher, primary school",Perry and Sons
293,Christopher,Fisher,michaelwillis@example.net,Police officer,Lindsey-Martin
294,Elizabeth,Maldonado,toddkatherine@example.org,Production manager,Ryan-Mills
295,Walter,Burns,henrybenjamin@example.net,Air traffic controller,"Miller, Davis and Williams"
296,Julia,Dunlap,watsonisaiah@example.net,"Buyer, retail","Walker, Bailey and Howard"
297,Jennifer,Scott,hayescrystal@example.net,Volunteer coordinator,Shaffer-Patel
298,Tracy,Melton,danielbell@example.com,"Engineer, automotive","Miller, Rhodes and Gill"
299,Nicole,Nielsen,jack45@example.com,Ambulance person,Elliott-Oliver
300,Kristen,Newman,amber21@example.net,Legal secretary,"Sanchez, Warner and Fitzpatrick"
301,Jennifer,Gray,debbiewilliams@example.net,Operational researcher,Christian Group
302,John,Henderson,melissahatfield@example.org,Hospital pharmacist,Phillips PLC
303,Eric,Lane,clementssean@example.net,Location manager,Martinez LLC
304,Andrew,Phillips,nfarrell@example.net,"Engineer, civil (contracting)",Braun-Dalton
305,Jared,Brewer,alexisflores@example.org,Building surveyor,"Young, Turner and West"
306,William,Stewart,turnerjustin@example.org,Environmental manager,Conley and Sons
307,Jared,Morris,brian12@example.org,"Solicitor, Scotland",Trujillo-Marsh
308,Mark,Vazquez,andrew90@example.org,Regulatory affairs officer,Romero-Jones
309,Jennifer,Johnson,umoore@example.org,Geoscientist,"Powell, Lawrence and Foster"
310,Vanessa,Brandt,chapmanamy@example.com,Education administrator,Mills-Hughes
311,Dakota,Butler,sullivankari@example.net,"Engineer, aeronautical","Clark, Taylor and Beltran"
312,Kimberly,Perez,eshelton@example.com,Location manager,Cantrell-Sparks
313,Reginald,Pacheco,grivera@example.net,Advertising copywriter,Day LLC
314,Mark,Bryant,allisoncaldwell@example.com,"Accountant, chartered certified","Mckenzie, Morgan and Munoz"
315,William,Blair,thompsonjames@example.org,Furniture conservator/restorer,"Rodriguez, Lewis and Cisneros"
316,Michael,Jones,samuel33@example.com,"Geologist, engineering",Ortiz-Richardson
317,Jeremy,Larson,parsonselaine@example.com,Midwife,Wilson Group
318,Kayla,Shelton,anthonymorris@example.org,Multimedia specialist,Smith Ltd
319,Adam,Le,grahamjames@example.net,"Lighting technician, broadcasting/film/video","Rangel, Duarte and Marquez"
320,Christopher,Barron,tfrank@example.net,"Geologist, engineering",Arnold-Martin
321,Daniel,Cole,rbrooks@example.org,Quarry manager,Hall-Singh
322,Timothy,Combs,martinezerika@example.org,Politician's assistant,"James, Barrett and Fischer"
323,Amanda,Cook,emelton@example.org,"Surveyor, minerals",Patterson-Clark
324,Robert,Carpenter,heathercaldwell@example.net,Barista,Lane PLC
325,Aaron,Davis,stokesnancy@example.org,Haematologist,Santiago-Saunders
326,Allison,Hayes,jamesfoster@example.com,"Designer, jewellery",Thomas-Romero
327,Veronica,Lawrence,richard85@example.org,Medical technical officer,Fleming-Obrien
328,Deborah,Ford,lhorne@example.com,Field seismologist,"White, Riggs and Thompson"
329,Amy,Sutton,steven76@example.net,"Scientist, research (maths)","Garcia, Young and Rivas"
330,Stephanie,Lara,marshalljohn@example.net,Secretary/administrator,Cooke LLC
331,Jason,Chambers,eric03@example.org,Research scientist (life sciences),Johnson-Tucker
332,Dennis,Martin,steve52@example.com,Logistics and distribution manager,"Decker, Santiago and Lopez"
333,Roger,Christensen,qfrank@example.net,Health and safety adviser,"West, Duran and Williams"
334,Steven,Fernandez,acarrillo@example.com,Location manager,Holder Inc
335,Wendy,Lamb,joseph10@example.net,English as a foreign language teacher,Cole-Figueroa
336,Taylor,Willis,traciweeks@example.net,Ambulance person,Wilkins and Sons
337,Jacob,Crawford,briana34@example.net,Animator,"Obrien, Jordan and Long"
338,Gina,Smith,garrettford@example.com,Meteorologist,"Hart, Hernandez and Reed"
339,James,Cross,alejandrowright@example.com,"Conservation officer, nature",Livingston LLC
340,Brian,Simon,hbrown@example.org,"Engineer, electrical",Cruz-Collins
341,Timothy,Clark,rebeccarodriguez@example.net,"Surveyor, minerals",Blevins-Williams
342,Michelle,Grant,theresa93@example.org,Radiation protection practitioner,Gonzalez-Brown
343,Jose,Dixon,aerickson@example.net,"Teacher, adult education",Wilson LLC
344,Christopher,Martin,tcampbell@example.net,Multimedia programmer,Richards-Watson
345,Elizabeth,Bates,leonmarcus@example.org,Computer games developer,Huerta PLC
346,Jill,Knight,smithshawn@example.com,Ambulance person,Warren-Jackson
347,Alexandra,Brown,hhall@example.org,Magazine journalist,Ritter PLC
348,Brittany,Davis,sherylstephenson@example.com,"Research officer, trade union",Cruz-Pierce
349,Kelsey,Ortiz,sramirez@example.net,Newspaper journalist,Fisher PLC
350,Carrie,Gilbert,dustingreene@example.org,Ambulance person,Parker LLC
351,Christopher,Sanchez,mercerpaul@example.com,Make,"Peterson, Butler and Erickson"
352,Brenda,Davis,hsmith@example.org,Agricultural engineer,Berry-Mccoy
353,Valerie,Walsh,umitchell@example.org,Network engineer,"Anderson, Thomas and Kane"
354,Katie,Martinez,fharper@example.com,"Journalist, newspaper",Lopez-Smith
355,Heather,Campbell,tyler11@example.net,Logistics and distribution manager,"Mendoza, Reid and Green"
356,Kurt,Chavez,changdouglas@example.net,Multimedia specialist,"Villa, Jacobs and Williams"
357,Brenda,Parker,christinetaylor@example.net,Electrical engineer,Hansen-Burton
358,Maria,Park,hannah13@example.com,"Production assistant, radio","Wood, Bowen and Gonzalez"
359,Brandi,Rogers,tom46@example.net,Environmental education officer,Nguyen LLC
360,Logan,Marquez,jennifer97@example.com,Hydrographic surveyor,"Cole, Velasquez and Johnson"
361,Amanda,Carter,brittany73@example.com,"Engineer, electronics",Harvey-Willis
362,Alyssa,Lang,rbell@example.com,Product manager,"Rose, Blackwell and Long"
363,Katie,Burke,parkerjohn@example.net,Television floor manager,Coleman-Bailey
364,Kelly,Fisher,clementseric@example.com,Financial controller,Cameron-Clark
365,Stephen,Webb,smithmark@example.org,Translator,"George, Johnson and Dunlap"
366,Michelle,Jenkins,monica03@example.net,"Scientist, research (maths)","Reyes, Bennett and Hernandez"
367,Gary,Wilson,jimenezsarah@example.com,"Physicist, medical",Donaldson-Wright
368,Jasmine,Martin,tclark@example.org,Graphic designer,Jackson-Hanson
369,Amanda,Johnson,mark72@example.org,Osteopath,"Gomez, Smith and Lee"
370,Timothy,Oconnor,smithfrank@example.com,Police officer,Glenn-Reyes
371,Eric,Jones,andersontaylor@example.com,"Psychologist, sport and exercise",Thomas-Wade
372,Andrew,Cameron,jonesjeffrey@example.org,Chief of Staff,Lawrence-Logan
373,Laura,Chapman,owilson@example.net,Civil Service administrator,"Rivera, Orozco and Bender"
374,Miranda,Garcia,davidpena@example.org,"Doctor, general practice","Buck, Perez and Wiley"
375,Diana,Huffman,gwood@example.com,Tax inspector,Steele Group
376,Brendan,Silva,thomaswilliam@example.com,Animal nutritionist,Russell and Sons
377,Curtis,Washington,stephensmelissa@example.com,Armed forces training and education officer,Brown-Costa
378,Rachel,Cox,jensendavid@example.net,Broadcast journalist,May-Ortiz
379,Daniel,Martin,daniel87@example.net,Ecologist,Harris Inc
380,Andrea,Miller,ashleyfischer@example.org,Chartered accountant,"Moreno, Franklin and Bennett"
381,April,Baird,wbates@example.org,Barrister's clerk,Brewer-Bailey
382,Kurt,Larsen,robert53@example.net,Midwife,Pineda LLC
383,Kimberly,Joseph,rivaspatricia@example.net,Recycling officer,"Peterson, Weber and Henry"
384,Brandi,Dorsey,carterannette@example.com,"Lecturer, further education","Hamilton, Ibarra and Wilson"
385,Victoria,Cooper,townsendlaurie@example.org,Investment analyst,West Ltd
386,Brenda,Rios,collierjessica@example.net,"Geologist, engineering",Collins-Hill
387,Brandon,Alvarez,stephendaugherty@example.org,Airline pilot,Anthony-Diaz
388,Derrick,Jackson,hendrixlinda@example.org,Engineering geologist,Clark-Wise
389,Matthew,Solomon,osantana@example.com,Television production assistant,"Williams, Johnson and Wheeler"
390,Robert,Dickerson,allengeoffrey@example.net,Data scientist,"Mendez, Anderson and Jackson"
391,Renee,Wu,xmiles@example.net,Teaching laboratory technician,"Ramirez, Allen and Bentley"
392,Allison,Brown,jeffreyleon@example.org,Stage manager,"Conner, Brown and Johnson"
393,Melissa,Taylor,obeck@example.net,Community education officer,"Brown, Ford and Gibson"
394,Phillip,Evans,usmith@example.org,Astronomer,Wang PLC
395,Eric,Hernandez,christopher27@example.org,Retail merchandiser,"Hernandez, Lewis and Palmer"
396,Daniel,Murphy,xwalker@example.net,"Pharmacist, hospital",Howard LLC
397,Scott,Anderson,tayloranthony@example.com,"Editor, commissioning",Dalton and Sons
398,Stacy,Wilson,nharris@example.com,Clinical embryologist,"Molina, Houston and Johnson"
399,Nicole,Martinez,ivargas@example.org,Archaeologist,"Mack, Drake and Hudson"
400,Kayla,Bailey,josephalexander@example.net,"Teacher, English as a foreign language","Rodriguez, Castaneda and Coleman"
401,Donald,Stanley,tyler83@example.com,Customer service manager,"Gay, Whitaker and Moore"
402,Tommy,Phillips,kathleen71@example.net,Market researcher,"Reyes, Murray and Baker"
403,Megan,Martin,oschmidt@example.com,"Radiographer, diagnostic","Kelley, Rice and Schneider"
404,Brian,Cook,floydelizabeth@example.org,Television production assistant,Sandoval-Dawson
405,Anthony,Nguyen,melissa33@example.com,Youth worker,Wheeler Ltd
406,John,Adams,vedwards@example.com,Prison officer,Carter-Ferguson
407,Michael,Gallagher,greenlaurie@example.org,"Psychologist, occupational","Hawkins, Stevens and Harrington"
408,Erin,Castro,ovasquez@example.org,Hydrographic surveyor,"Sloan, Salazar and Ramirez"
409,Matthew,Craig,brittanyperez@example.net,Armed forces training and education officer,Sweeney Group
410,Joseph,Myers,kleinnathaniel@example.com,Ship broker,"Reyes, Mendoza and Griffin"
411,Kelly,Adkins,robertharris@example.com,"Loss adjuster, chartered","Roberts, Baldwin and Castro"
412,Christine,Ware,zosborne@example.net,"Engineer, chemical","Jackson, Cobb and Anthony"
413,Kevin,Mack,zhangtristan@example.org,"Surveyor, land/geomatics",Parker Group
414,Melissa,Myers,lisamosley@example.com,Insurance risk surveyor,"Nicholson, Nichols and Kirk"
415,Cynthia,Schmitt,djohnson@example.com,"Scientist, forensic","Brown, Rodriguez and Smith"
416,Christopher,Evans,wrightsusan@example.org,Restaurant manager,White-Williams
417,Alicia,Soto,lynn78@example.com,"Surveyor, quantity",Nichols LLC
418,Sabrina,Olsen,phillipsjason@example.com,"Psychotherapist, dance movement",Hughes-Sanchez
419,Brian,Cooke,zguzman@example.net,Retail banker,Murray and Sons
420,Sean,Zavala,jeremyrowe@example.com,"Surveyor, rural practice",Davis-Jackson
421,Suzanne,Waters,ldougherty@example.net,Video editor,Barber-Obrien
422,Brittany,Gregory,josemullins@example.org,Management consultant,Villarreal PLC
423,Anthony,Brown,bwhite@example.org,"Designer, interior/spatial",Chen Ltd
424,Jennifer,Morgan,ruthknox@example.org,"Administrator, charities/voluntary organisations","Page, Taylor and Harris"
425,Lynn,Rodriguez,kelly20@example.com,Visual merchandiser,"Love, Greene and Adams"
426,Thomas,Welch,bernard51@example.com,"Optician, dispensing","Rodriguez, Ortiz and Greene"
427,Jennifer,Baker,monique96@example.org,"Buyer, retail",Hoffman-Greene
428,Jackson,Walton,ikelly@example.net,Production manager,Perez PLC
429,Vanessa,Sandoval,kellyjackson@example.net,"Surveyor, land/geomatics",Miller LLC
430,Sherry,Johnson,andersontravis@example.net,Chartered accountant,"Miller, Fletcher and Floyd"
431,Katrina,Franklin,qpatterson@example.org,Fish farm manager,Cruz-Young
432,Crystal,Duncan,ellisaaron@example.org,Claims inspector/assessor,Carpenter-Barron
433,Kimberly,West,ydickson@example.net,Museum/gallery conservator,Rogers PLC
434,Emily,Weaver,daniel83@example.com,Sports development officer,Anderson PLC
435,Roger,Bell,kathrynhall@example.org,Consulting civil engineer,Jones-Smith
436,David,Craig,matthewmatthews@example.com,Video editor,Mcintyre PLC
437,Darlene,Frank,bmcgee@example.org,Public house manager,Vazquez Inc
438,Mitchell,Avila,nbrown@example.net,Product/process development scientist,"Bennett, Church and Yang"
439,Gary,Stewart,christineallen@example.org,"Accountant, chartered certified","Robinson, Boyd and Richardson"
440,Edward,Mcclure,barnesjacqueline@example.org,"Clinical scientist, histocompatibility and immunogenetics",Miller and Sons
441,Lisa,Lewis,yortiz@example.org,Associate Professor,"Logan, Ball and Gilbert"
442,Michael,Cooper,jenniferward@example.net,Orthoptist,Alvarado-Davis
443,Erin,Floyd,robinsonlauren@example.com,Quality manager,Mendoza Group
444,Joseph,Scott,vali@example.com,Geophysicist/field seismologist,Hughes-Hall
445,Cory,Kim,thompsondanny@example.com,Research scientist (maths),"Hughes, Schroeder and Diaz"
446,Andrea,Wells,hardinjenny@example.com,Engineering geologist,"Rivera, Gibbs and Paul"
447,Tiffany,Padilla,richardsonjustin@example.com,Landscape architect,Jones Group
448,Benjamin,Franklin,ogonzales@example.com,Local government officer,Chapman-Lambert
449,Edgar,Knight,sullivannatasha@example.com,"Surveyor, quantity",Beasley-Garrison
450,Jason,Sims,garrett85@example.org,Textile designer,Chen-Barnes
451,Travis,Smith,kathrynherring@example.net,"Engineer, structural",Rubio Inc
452,Gwendolyn,Williams,abigail22@example.com,Chief of Staff,Lopez Ltd
453,Karen,Sanders,huntercole@example.org,"Programme researcher, broadcasting/film/video",Cherry-Robinson
454,Patricia,Estrada,ebonykennedy@example.org,Tour manager,"Shepherd, Mendoza and Gonzalez"
455,Mary,Johnston,david71@example.com,Research scientist (medical),Anderson LLC
456,Edward,Brown,kperez@example.com,Commercial/residential surveyor,"Morrison, Ibarra and Li"
457,Anthony,Wells,joanne79@example.net,Plant breeder/geneticist,"Miller, Humphrey and Petty"
458,Dawn,Monroe,griffinmichele@example.net,"Runner, broadcasting/film/video",Chase PLC
459,Katherine,Davis,joseph68@example.com,Town planner,Ross Group
460,Andrew,Austin,moranmark@example.com,Psychotherapist,Stewart PLC
461,Amy,Ferguson,morganpatrick@example.net,"Embryologist, clinical","Bowman, Grant and Lambert"
462,Jessica,Moore,jessica27@example.com,Quality manager,Weaver and Sons
463,Eric,Gibson,antoniogarcia@example.net,"Accountant, chartered certified",Gibson-Adams
464,Alexandra,Nelson,julie52@example.net,Art gallery manager,Morse-Richardson
465,Emily,Johnson,kennethblack@example.org,Product/process development scientist,"Moreno, Edwards and Archer"
466,William,Young,diane07@example.com,Plant breeder/geneticist,Stanley Group
467,Stephen,Johnson,vincent16@example.net,Fisheries officer,Johnson-Adkins
468,Christopher,Smith,millerjeffrey@example.org,"Teacher, primary school","Bell, Francis and Henry"
469,Lucas,Moore,arnoldmargaret@example.com,Broadcast journalist,Weiss Group
470,Tyler,Yang,trevorroberts@example.com,"Administrator, arts",Castro and Sons
471,Jose,Thomas,justinbriggs@example.net,Pension scheme manager,"Davis, Kidd and Knight"
472,Daniel,Johnson,jimmyramos@example.net,Warehouse manager,Larson-Manning
473,Carol,Cook,mkelly@example.com,Patent examiner,"Rivera, Robinson and Williams"
474,Alexandra,Dunn,shariramsey@example.org,Paramedic,Cox PLC
475,Traci,Gonzalez,nmoses@example.net,"Nurse, mental health",Taylor Ltd
476,Robert,Dunn,kelsey66@example.net,Naval architect,"Cook, Lambert and Scott"
477,Kayla,Johnson,smoore@example.net,"Civil engineer, contracting",Barnes PLC
478,Amanda,Douglas,greenjohn@example.com,Research scientist (maths),"Meza, Gonzalez and Hanson"
479,Timothy,Jenkins,fpatel@example.net,"Secretary, company","Valencia, Diaz and Mcknight"
480,Mary,Lane,whitechristy@example.com,Charity officer,"Martinez, Beck and Humphrey"
481,Norma,Brooks,warechristopher@example.net,Production engineer,"Wall, Schneider and Gomez"
482,Aaron,Howell,savannah80@example.org,Seismic interpreter,Miller LLC
483,Jesse,Bauer,ewaters@example.com,Recycling officer,"Watkins, Boone and Johns"
484,Amanda,Walker,kimberlyvincent@example.com,Lobbyist,"Taylor, Baker and Dunn"
485,Kathleen,Edwards,paulhoward@example.com,Applications developer,Benton LLC
486,Amber,Fox,sallen@example.com,Higher education careers adviser,"Blake, Patterson and Smith"
487,Joseph,Patterson,melissa30@example.net,"Psychologist, prison and probation services",Lopez PLC
488,Dana,Haynes,vho@example.org,"Doctor, hospital",Morgan-Greer
489,Melanie,Miller,youngjames@example.com,Technical author,Mitchell-Flores
490,Peter,Taylor,davidowens@example.net,Building surveyor,"Clark, Hughes and Dominguez"
491,Jason,Johnson,jennifer34@example.net,Interpreter,"Hull, Munoz and Mcdonald"
492,Sandra,Bird,jamesdowns@example.com,Barrister's clerk,"Day, Meyers and Simmons"
493,Michael,Evans,nathan51@example.com,Lexicographer,Horton Ltd
494,Heather,Hanson,brownkatrina@example.com,Estate agent,"Hale, Harris and Park"
495,Andre,Whitaker,brian74@example.com,Chief Marketing Officer,Johnson-Holland
496,Jeffrey,Edwards,jonesjose@example.com,"Production assistant, radio","Norton, Arnold and Sweeney"
497,Tyler,Johnson,jessicaballard@example.org,Petroleum engineer,"Myers, Olsen and Wheeler"
498,Fred,Sutton,fhowe@example.org,"Engineer, electrical",Barron Group
499,Sean,Wise,valerie50@example.com,Dealer,"Allen, Joseph and Nelson"
500,Eric,Reynolds,nwinters@example.com,"Engineer, automotive",Jacobs-Wiley
501,Martin,Young,anna29@example.com,International aid/development worker,"White, Gray and Rogers"
502,Duane,Vasquez,walkerwesley@example.net,Ship broker,Shepherd-Warren
503,Ronald,Thompson,gravesadrian@example.net,"Designer, furniture",Johnson Ltd
504,Matthew,Walker,nicolehoffman@example.net,Public house manager,Thompson-Christensen
505,Nicole,Tapia,andreafisher@example.net,Product/process development scientist,Petersen and Sons
506,Alexandria,Salinas,efoster@example.com,Higher education lecturer,Kelley LLC
507,Chad,Austin,jodishields@example.org,Astronomer,Harrison PLC
508,Kimberly,Gibson,smithgina@example.com,"Psychotherapist, dance movement","Stewart, Elliott and Tran"
509,Douglas,Jacobson,jennifer11@example.org,Patent examiner,Hernandez-Ramirez
510,Jenna,Perez,eric29@example.net,Chartered accountant,Mccarthy and Sons
511,Lauren,Brock,gmurray@example.org,Toxicologist,"Green, Nunez and Smith"
512,Stephanie,Oconnor,qpage@example.com,"Geologist, wellsite","Brown, Nunez and Phillips"
513,Roy,Morris,tgraham@example.org,Veterinary surgeon,Morrison Inc
514,Jeffrey,James,walterseric@example.com,Curator,Mullins-Rodriguez
515,Kenneth,Young,dwalker@example.com,"Geologist, wellsite",Keith-Eaton
516,Steven,Bennett,benderlaura@example.org,"Scientist, physiological","Harris, Arnold and Brown"
517,James,Nguyen,cthompson@example.org,"Engineer, drilling",Klein Inc
518,Stephanie,Johnson,jacob60@example.com,Osteopath,"Anderson, Webb and Sims"
519,Rachel,Vaughn,jennifer33@example.net,"Conservation officer, nature","Johnson, Watson and Stanley"
520,Joshua,Riley,makayla63@example.org,Secondary school teacher,Alexander-Berry
521,Krystal,Brown,shane46@example.com,Rural practice surveyor,Carrillo PLC
522,Patrick,Brown,svaughn@example.com,Bonds trader,Nguyen-Medina
523,Amy,Friedman,emaxwell@example.org,Multimedia specialist,"Wyatt, Hunter and Cooper"
524,Charles,Jones,derrickstewart@example.net,Fine artist,Oneill-Parrish
525,Rachel,Lopez,barbaracline@example.net,"Buyer, industrial",Bryant Group
526,Carlos,Ramsey,kholmes@example.com,Jewellery designer,"Finley, Bates and Miller"
527,Karen,Herring,mark63@example.net,Equality and diversity officer,"Lam, Orr and Skinner"
528,Kristin,Wolfe,brandon00@example.net,Insurance claims handler,Wilkerson Ltd
529,Keith,Adams,thomasmatthew@example.net,"Engineer, civil (contracting)","Thomas, Martin and Conley"
530,Adam,Boyd,xwaller@example.net,Agricultural engineer,Mcintyre-Pruitt
531,Elizabeth,Campbell,matthew14@example.net,Medical secretary,"Mitchell, Cole and Allen"
532,Megan,Davidson,jenniferbrown@example.com,Toxicologist,"Cooper, Greene and Hill"
533,Erik,Parsons,mortonamanda@example.org,Learning mentor,Rodriguez Inc
534,Alexander,Booth,cherylcunningham@example.com,"Engineer, site",Long LLC
535,Aaron,Williams,lisa09@example.com,Neurosurgeon,"Berry, Mcintosh and Vasquez"
536,Rebecca,Stafford,cjenkins@example.net,Air cabin crew,Finley Group
537,Timothy,Waters,christopher24@example.org,Psychiatrist,Bailey-Stanton
538,Anthony,Harrison,kristin84@example.com,Armed forces operational officer,Diaz Group
539,Nancy,Sandoval,douglas44@example.com,Analytical chemist,Larson-Roth
540,Deborah,Scott,zphillips@example.org,Volunteer coordinator,Suarez-Bryant
541,Amber,Hunt,chandlermichael@example.org,"Sound technician, broadcasting/film/video",Butler and Sons
542,Jonathan,Moore,jordancourtney@example.net,"Engineer, automotive","Hart, Mayer and Weaver"
543,Stephen,Spears,markroberts@example.org,Financial planner,Hawkins-Salazar
544,Michael,Smith,jreyes@example.com,Airline pilot,Burns LLC
545,Sarah,Nelson,cjennings@example.net,Theatre stage manager,Underwood-Barton
546,John,Wise,christina06@example.org,IT consultant,Dunn Group
547,Lisa,Jones,kellistein@example.com,Architectural technologist,Allen PLC
548,Gabriel,Burgess,ndougherty@example.com,Translator,Robinson-Taylor
549,James,Davis,zbradley@example.net,Personal assistant,Hoover-Wall
550,Andrea,Liu,markmcintyre@example.com,"Engineer, civil (consulting)",Jackson Inc
551,Carol,Aguilar,npadilla@example.org,Garment/textile technologist,Lopez Ltd
552,Charles,Hood,desireebailey@example.net,Music tutor,Alexander-Hogan
553,Julia,Stewart,thorntonveronica@example.com,Control and instrumentation engineer,Ball Ltd
554,Sylvia,Hansen,tiffany49@example.com,Applications developer,Jenkins Ltd
555,Stephen,Miller,ryanjesse@example.com,Insurance account manager,Butler PLC
556,Edward,Gutierrez,xstewart@example.net,Insurance claims handler,"Pierce, Hobbs and Patton"
557,Jerome,Blair,aaron99@example.net,Phytotherapist,"Harrell, Lee and Bird"
558,Autumn,Mendoza,michael57@example.org,Dealer,Cole-Hanna
559,Edward,Miller,yhall@example.net,"Engineer, biomedical",White-Shaw
560,Nathan,Hamilton,robert65@example.com,Exercise physiologist,"Richard, Barker and Wilson"
561,Jennifer,Gilmore,weavermartha@example.org,Retail buyer,Becker PLC
562,Christina,Garcia,kingsamantha@example.com,General practice doctor,"Cox, Wilson and Bowen"
563,Angela,White,mmurillo@example.com,Passenger transport manager,"Rose, Cole and Silva"
564,Tiffany,Thompson,mark16@example.net,Writer,Collins-Sanchez
565,Jessica,Anderson,campbellmichael@example.net,"Therapist, drama",James-Baker
566,Zachary,Clayton,jeffery77@example.com,"Designer, ceramics/pottery","Moore, Weaver and Smith"
567,Adam,Clark,leachchristopher@example.org,Furniture conservator/restorer,Howard-Brown
568,Kristie,Shaffer,martintaylor@example.com,"Engineer, broadcasting (operations)",Henry Group
569,Raven,Castillo,joshua87@example.com,Forensic psychologist,David-Shelton
570,Edward,Hall,patrickmorgan@example.com,Education administrator,Thomas-Garcia
571,Jennifer,Henderson,harry63@example.org,Advertising art director,Munoz-Ward
572,John,Jordan,jeffreygriffin@example.com,Cabin crew,Banks Inc
573,Nancy,Shelton,mclaughlinanthony@example.net,Petroleum engineer,"Fox, Ramirez and Aguirre"
574,Hannah,Ramirez,griffinsusan@example.com,Product designer,"Wright, Zimmerman and Webster"
575,Lauren,Miller,chernandez@example.com,Osteopath,"Mendez, Walton and Kelly"
576,James,Graves,livingstongarrett@example.com,Sales promotion account executive,"Stevens, Andrews and Fisher"
577,Johnny,Sanchez,hooddylan@example.net,Health service manager,"Cordova, Brown and Hill"
578,Hannah,Cox,ycoleman@example.com,Pension scheme manager,Wiley Inc
579,Phyllis,Hicks,smithsteven@example.org,Furniture designer,Green-Stanley
580,Connie,Brewer,eric65@example.net,"Surveyor, land/geomatics",Baker Inc
581,Calvin,Barker,ashort@example.org,"Librarian, academic",Jones-Garcia
582,Leslie,Harrison,cody60@example.net,Information systems manager,Juarez Group
583,Elizabeth,Hart,marymartin@example.net,Materials engineer,Jones-Blackwell
584,Victor,Taylor,jessicapennington@example.net,English as a second language teacher,Glenn PLC
585,Jacqueline,Gibson,megan56@example.net,Automotive engineer,Paul-Turner
586,Nicole,Diaz,mmorris@example.com,Software engineer,Smith-Hill
587,Raymond,Mendez,skelly@example.com,Illustrator,"Foster, Lopez and Bentley"
588,Dana,Cruz,melissagilbert@example.com,Geochemist,Roberts-Carter
589,James,Gonzalez,andrew08@example.net,Financial risk analyst,Medina-Kim
590,Christine,Long,monica34@example.com,Television/film/video producer,Stewart and Sons
591,Meredith,Vance,linda80@example.com,Audiological scientist,Powell LLC
592,Emma,Evans,grosswendy@example.net,Artist,"Mcguire, Thompson and Davis"
593,Thomas,Fox,fwalker@example.org,"Engineer, automotive",Mathis PLC
594,Jamie,Ramirez,turnerjames@example.com,Politician's assistant,"Wong, Blair and Cervantes"
595,Robert,Murray,melissaguzman@example.com,Newspaper journalist,"Potter, Harvey and Hudson"
596,Thomas,Henry,kelleywendy@example.net,"Education officer, community","Sanchez, Cole and Perez"
597,Nicole,Cabrera,jamesangela@example.org,Museum/gallery curator,Walker-Arnold
598,Scott,Boyer,davisrichard@example.net,Armed forces logistics/support/administrative officer,Pearson Inc
599,Jason,Burke,xholmes@example.org,Armed forces operational officer,"Lopez, Brown and Martinez"
600,Jamie,Nichols,nicolemurphy@example.org,"Engineer, manufacturing",Russell-Lyons
601,Thomas,Allen,scott14@example.com,Nature conservation officer,"Jimenez, Jackson and Walker"
602,Cindy,Cardenas,jason28@example.org,Chief Marketing Officer,Brown-Johnson
603,Emily,White,phillipellison@example.org,Theatre stage manager,Roberts-Morrow
604,Michelle,Jackson,mvargas@example.com,"Administrator, sports",Fernandez-Hampton
605,Jennifer,Lopez,oweber@example.net,Geophysicist/field seismologist,Wright-Frank
606,Nicole,Morgan,caroljohnson@example.org,Airline pilot,"Carrillo, Williams and Patel"
607,Robert,White,stevenbishop@example.org,Fine artist,"Lewis, Smith and Bishop"
608,Brett,Pearson,badkins@example.com,Control and instrumentation engineer,"Cox, Lopez and Rivas"
609,Hannah,Roberts,kristen62@example.org,Social worker,White PLC
610,Jose,Blake,matthew82@example.net,"Physicist, medical",Velasquez LLC
611,Becky,Lewis,lferguson@example.com,Commercial art gallery manager,Mcgrath-Johnston
612,Paul,Aguirre,vestes@example.org,Artist,"Potter, Brown and Oliver"
613,Edward,Bailey,cookbrian@example.net,"Engineer, petroleum","Adams, Morales and Harris"
614,Mark,Mcdaniel,kellymelissa@example.com,Photographer,"Johnson, Reynolds and Perry"
615,Nathan,Morris,ecombs@example.com,"Pilot, airline",Phillips Group
616,Angela,Cochran,turnermiranda@example.org,Film/video editor,"Bruce, Bell and Bush"
617,Kayla,Berry,daniel10@example.net,Radiation protection practitioner,"Nelson, Chandler and Rodriguez"
618,Amy,Moody,zlee@example.org,Special educational needs teacher,Rivera-Murphy
619,Sarah,Carter,robin24@example.net,"Scientist, forensic",Smith-Curry
620,Erica,Sullivan,xstewart@example.org,Agricultural engineer,"Allen, Rodriguez and Hunter"
621,Karen,Scott,patriciapage@example.com,"Scientist, research (life sciences)",Lawrence-Clark
622,Kristin,Hines,jbrown@example.org,Chartered management accountant,Johnson Inc
623,Melissa,Mueller,janetsmith@example.com,Engineering geologist,"Kelly, Murray and Phillips"
624,Gloria,Fowler,milleralyssa@example.net,Software engineer,White-Morales
625,Jason,Bush,william88@example.com,Clinical embryologist,Keith LLC
626,Ashley,Mcintyre,ihernandez@example.com,"Education officer, community","Grimes, Robbins and Carroll"
627,Emily,Mendoza,bshaw@example.net,Recycling officer,"Garcia, Burton and Sullivan"
628,Omar,Howe,stephaniewilliams@example.net,Company secretary,Reynolds Ltd
629,Sara,Shelton,ethompson@example.com,Cytogeneticist,"Flores, Tran and Anderson"
630,Natalie,Mueller,ellisrichard@example.com,Theatre manager,Patterson Ltd
631,Lori,Holder,rwalker@example.net,"Production designer, theatre/television/film",Bridges-Richards
632,Jessica,Boone,swheeler@example.com,Geochemist,Holt Group
633,Jeffrey,Martinez,njohnson@example.com,Contracting civil engineer,Proctor-Lee
634,Jason,Mendoza,munozsteven@example.net,IT technical support officer,Griffin Group
635,Kevin,Ward,elizabethwood@example.org,"Teacher, primary school",Collins Group
636,Tiffany,Carter,lauramurray@example.org,Tourist information centre manager,"Johnson, Gomez and Pena"
637,Nicole,Martin,colin49@example.com,Food technologist,Nelson LLC
638,Laura,Rice,katie75@example.net,Tourist information centre manager,Oliver-Davis
639,Raymond,Peters,nthomas@example.net,Logistics and distribution manager,"Barnes, Curtis and Johnson"
640,Jason,Davis,lindseyhughes@example.com,"Engineer, electrical","Long, Knight and Zavala"
641,Wendy,Rodriguez,nicholasmcintosh@example.org,Psychiatric nurse,Campbell-Boyd
642,Melissa,Garza,ysmith@example.com,Art gallery manager,"Jackson, Randolph and Wagner"
643,Carrie,Watts,sharon17@example.net,"Engineer, technical sales",West-Douglas
644,David,Richardson,lfaulkner@example.com,"Radiographer, therapeutic","Smith, Robbins and Stanley"
645,Walter,Le,patricia10@example.net,Clinical cytogeneticist,"Perez, Mathews and Murphy"
646,Edward,Schneider,littlecorey@example.com,"Scientist, physiological",Byrd-Hayes
647,Diane,Ward,cpham@example.net,Geophysicist/field seismologist,Shields-Johnson
648,Sonia,Gentry,harmonbrandon@example.com,Restaurant manager,Cabrera Inc
649,Renee,Green,omatthews@example.com,"Journalist, newspaper",Davis LLC
650,Dana,Fisher,cynthiacollins@example.com,"Presenter, broadcasting","Lozano, Riddle and Holland"
651,Cindy,Lee,davismarissa@example.net,Building control surveyor,"Jones, Rice and Peters"
652,Raymond,Schmidt,tyler23@example.org,"Teacher, early years/pre",Blevins Ltd
653,Clayton,Austin,zcannon@example.com,Radio producer,"Waters, Davis and Herring"
654,Stephanie,Smith,westkimberly@example.net,Health promotion specialist,Miles-Davis
655,Danielle,Boyer,hubersamantha@example.org,Clinical research associate,Peterson-Rose
656,Tiffany,White,csanchez@example.org,Trade mark attorney,"Walters, Evans and Davidson"
657,Lauren,Mann,yumatthew@example.net,Media buyer,Wiggins-Howe
658,Timothy,Daniel,amy08@example.com,Dance movement psychotherapist,Ali Ltd
659,Cory,Hayes,chad06@example.org,"Teacher, special educational needs",Oliver-Figueroa
660,Rachel,Robertson,crystaljohnson@example.net,Recruitment consultant,Santana-Scott
661,Vanessa,Hoover,morgancody@example.com,Agricultural consultant,"Tran, Nelson and Collins"
662,Daniel,Guzman,brian12@example.net,Clinical research associate,Turner-Graham
663,Michelle,Torres,ronaldkaufman@example.net,"Producer, television/film/video",Miller-Neal
664,Tara,Stafford,meverett@example.com,Interpreter,"Smith, Shannon and Kaiser"
665,Jorge,Cline,jason73@example.com,Holiday representative,Williams-Murphy
666,Kevin,Gutierrez,danielle15@example.org,Health and safety adviser,"Henderson, Hernandez and Gill"
667,Deanna,Coffey,ivincent@example.org,Claims inspector/assessor,Gomez-Harrison
668,Bryan,Sherman,ubennett@example.net,"Teacher, music","Sanchez, Brown and Williams"
669,Nancy,Olson,eric62@example.org,"Surveyor, hydrographic","Galloway, Fernandez and Campos"
670,Timothy,Simpson,kelly35@example.org,Market researcher,"Gonzalez, Orozco and Medina"
671,Michael,Young,michaelwhite@example.com,"Engineer, civil (consulting)","Lopez, Hansen and Torres"
672,Lisa,Jennings,kellianderson@example.net,Arts development officer,Hall-Morales
673,Nicholas,Lawrence,dbrown@example.net,Financial risk analyst,Clark-Camacho
674,Frank,Lloyd,jessicahawkins@example.net,Solicitor,Weaver-Morgan
675,Kayla,Short,jerome61@example.com,Dancer,Manning-Riley
676,Katherine,Ellis,meredithjones@example.com,English as a second language teacher,Robinson Group
677,Andre,Nguyen,eatonmichael@example.org,Risk manager,Reeves Ltd
678,Joseph,Schultz,ngibson@example.net,"Programmer, applications",Bailey-Lara
679,Darlene,Green,brittanynunez@example.net,Mental health nurse,Barnes-Anderson
680,Mary,Steele,brogers@example.com,"Designer, textile",Padilla-Harris
681,Martin,Torres,ssantos@example.com,Cytogeneticist,"Brown, Shelton and Hudson"
682,Michael,Perkins,bethfaulkner@example.org,"Teacher, music",Harrell Inc
683,Tina,Holmes,nathanterry@example.net,Advertising art director,Leblanc-Logan
684,Wendy,Spencer,lcruz@example.org,Purchasing manager,Bryan PLC
685,Cesar,Rios,ereynolds@example.net,Systems analyst,Hopkins-Edwards
686,William,Robinson,rubenshelton@example.net,Insurance broker,"Guzman, Reilly and Juarez"
687,Ashley,Meza,marysmith@example.org,Ceramics designer,Stewart Inc
688,Jeffrey,Holder,ryankey@example.com,Land,Murphy-Patrick
689,Lawrence,Jordan,joshua77@example.net,Horticultural consultant,Jones-Moreno
690,Jeremiah,Frank,matthewhodge@example.org,"Radiographer, diagnostic",Ramsey-Mullins
691,Steven,Andrews,michelleellis@example.net,"Engineer, chemical","Hernandez, Farmer and Baldwin"
692,Keith,Baldwin,tylerbowman@example.net,Counselling psychologist,"Holder, Yates and Alvarez"
693,Margaret,Chambers,bruiz@example.net,"Surveyor, planning and development",Mcmillan-Walker
694,Cindy,Bright,hlopez@example.net,Economist,Shaw Ltd
695,Michael,Marshall,vazquezjennifer@example.com,Osteopath,Reyes Group
696,Matthew,Henry,wgregory@example.org,"Programmer, systems","Avila, Allen and Cardenas"
697,Paula,Lowe,catherine18@example.com,Higher education careers adviser,Martin-Brown
698,Philip,Castro,thomaskatherine@example.com,Firefighter,Schultz PLC
699,Christine,Carter,meyeramanda@example.org,Art therapist,Moore and Sons
700,Tanya,Martinez,jessica76@example.org,IT trainer,"Campbell, Vaughan and Martin"
701,Michael,Harvey,marissajohnston@example.org,Freight forwarder,Welch-Davis
702,Megan,Morris,vanessahenderson@example.com,Special effects artist,"Davis, Lyons and Mcdaniel"
703,Dawn,Dalton,herrerahenry@example.org,Public librarian,George-Matthews
704,Rebecca,Martin,benjaminsantiago@example.net,"Journalist, magazine",Frazier PLC
705,Elizabeth,Henderson,randyhuynh@example.com,"Scientist, marine",Grant LLC
706,William,Oconnor,richard36@example.org,Theme park manager,Edwards-Norton
707,Terrence,Wright,hernandezangela@example.net,Transport planner,"Bryant, Smith and Martinez"
708,Douglas,Mitchell,christinewong@example.net,Television/film/video producer,King Inc
709,Jessica,Ferguson,cynthiafernandez@example.org,"Therapist, speech and language",Wilson-Thomas
710,Jeremy,Martinez,alyssajackson@example.net,Geographical information systems officer,"Jones, Taylor and Bowen"
711,Tammy,Griffin,wsanders@example.org,Barrister,"Gillespie, Liu and Young"
712,Sean,Cannon,ryan48@example.net,Database administrator,"Cortez, Wright and Alvarez"
713,Judy,Lynn,diana89@example.com,Warden/ranger,Hill-Alvarez
714,Jason,Weaver,raven14@example.com,"Psychologist, clinical","Newman, Guerra and Hernandez"
715,Elizabeth,Andrews,donaldsullivan@example.com,Landscape architect,"Foster, Lee and Stewart"
716,Amber,Morgan,dsmith@example.com,Geoscientist,"Perkins, Rivera and Green"
717,Alexandria,Gilbert,millerallison@example.net,"Therapist, art","Miller, Hoffman and Washington"
718,Mary,Tyler,vanessa24@example.org,"Surveyor, quantity",Ellis Group
719,Joseph,Bennett,browndavid@example.com,"Scientist, forensic",Francis-Coleman
720,Shannon,Johnson,campbellcassidy@example.net,Historic buildings inspector/conservation officer,Lawson Ltd
721,Tina,Larsen,rking@example.com,Arboriculturist,"Carter, Willis and Mitchell"
722,Theodore,Mccall,melissapatrick@example.com,Theatre director,"Myers, Powell and Alvarez"
723,Ronnie,Simmons,williamsjames@example.com,"Pharmacist, hospital",Malone Group
724,Cristian,Miller,echavez@example.net,Amenity horticulturist,Thomas Inc
725,Stephanie,Alexander,mcconnellheather@example.com,Public relations officer,Smith-Heath
726,David,Schroeder,escobarariana@example.com,Paediatric nurse,"Coffey, Fuentes and Joseph"
727,Crystal,Suarez,hrodriguez@example.org,Town planner,Morton-Taylor
728,Cody,Long,rshaw@example.com,Animal nutritionist,"Avila, Carter and Morris"
729,Jeremy,Miller,codyjuarez@example.org,Exhibition designer,Hanson PLC
730,Robert,Rodriguez,colleen87@example.com,Commercial/residential surveyor,Bell and Sons
731,Justin,Barajas,ilewis@example.com,"Therapist, speech and language","Kelly, Gutierrez and Sparks"
732,Wendy,Larsen,kellydeleon@example.net,"Production assistant, television",Gallagher Ltd
733,Thomas,Delacruz,garyfrey@example.org,Planning and development surveyor,"Newton, Young and Davis"
734,Andrew,Phillips,gvazquez@example.com,"Administrator, arts",West LLC
735,Sean,Miles,michael31@example.net,English as a foreign language teacher,Bradford and Sons
736,Elizabeth,Smith,troybond@example.com,"Surveyor, insurance",Cohen-Cruz
737,Shawn,Henderson,ashley01@example.com,"Engineer, agricultural",Nelson LLC
738,Shane,Ortiz,angela60@example.net,Pensions consultant,"Jones, Moran and Walker"
739,Scott,Nelson,mollytucker@example.org,Musician,"Walker, Townsend and Snyder"
740,Mallory,Gordon,sotojason@example.com,Office manager,"Hernandez, Guerra and Smith"
741,Barbara,Henderson,rhondaarmstrong@example.com,"Runner, broadcasting/film/video",Trujillo Ltd
742,Christopher,Brown,angela61@example.com,Licensed conveyancer,"Lawson, Mclaughlin and Garrett"
743,Jennifer,Stewart,qelliott@example.org,Public relations officer,"Wells, Williams and Howard"
744,Timothy,Howell,brownchristopher@example.net,Advice worker,Long-Allen
745,Pamela,Harris,reillydiane@example.com,"Psychologist, educational",Young and Sons
746,Sarah,Hunter,raymondwashington@example.com,Ecologist,Griffith PLC
747,Karen,West,kevin55@example.org,"Psychologist, counselling",Love-Ross
748,Kimberly,Carter,bauerchristopher@example.net,Psychiatric nurse,Hendricks LLC
749,Andrew,Coleman,mmorales@example.org,Counselling psychologist,Weber-Rush
750,Casey,Johnson,simsamber@example.net,Production engineer,"Johnson, Jackson and Hayes"
751,Jennifer,Torres,knightedward@example.org,Special educational needs teacher,Martinez Ltd
752,Ashley,Castillo,christine84@example.org,Broadcast journalist,"Luna, Kent and Farmer"
753,Robert,Moyer,allisonjody@example.org,"Psychologist, counselling",Graves-Lee
754,Destiny,Smith,lisa48@example.org,Architect,"Hayes, Jones and Thompson"
755,Vanessa,Collins,usavage@example.com,Fitness centre manager,"Houston, Mann and Mcguire"
756,Lisa,Martin,kenneth59@example.org,Equities trader,Dunn-Collier
757,Theresa,Ruiz,martinezjeffrey@example.org,Proofreader,Coleman-Johnson
758,Amber,Saunders,vcamacho@example.net,Legal executive,Jackson and Sons
759,Alyssa,Yoder,mday@example.org,"Designer, television/film set","Moore, Parks and Powell"
760,Manuel,Schmidt,daniellelutz@example.org,Armed forces operational officer,Shaw-Carroll
761,Katherine,Johnston,cherylpope@example.net,Seismic interpreter,Moyer Inc
762,Ashley,Burke,shannonkelley@example.com,"Exhibitions officer, museum/gallery",Phillips-Thomas
763,Suzanne,York,dbrooks@example.com,"Psychologist, clinical",Cabrera-Bush
764,Jacob,Mitchell,espinozatiffany@example.org,Advertising art director,Wilson Ltd
765,Susan,Garcia,nicholas45@example.org,Barista,"Norman, Morris and Davidson"
766,Jon,Hays,kempcandice@example.org,Diplomatic Services operational officer,Oconnell Inc
767,Matthew,Brown,ericjames@example.net,Paramedic,Rosales-Glover
768,Scott,Peterson,alexandra34@example.org,Energy manager,"Beltran, Key and Richardson"
769,Heather,Brown,stevenwilson@example.net,Recycling officer,Jones-Vance
770,Carrie,Crawford,bradley23@example.com,Housing manager/officer,Todd and Sons
771,Alexis,Williams,jcruz@example.net,"Civil engineer, consulting","Robinson, Wade and Schultz"
772,John,Watson,spencer17@example.com,Clinical embryologist,"May, Rodriguez and Villanueva"
773,Frank,Frye,dadams@example.com,Fish farm manager,Andrews-Parker
774,Nichole,Barnes,tracy85@example.net,"Programmer, systems","Jordan, Wright and Hill"
775,William,Aguilar,david38@example.org,Information systems manager,"Nunez, Cruz and Vaughn"
776,Anthony,Brown,omoyer@example.org,"Scientist, biomedical",Forbes PLC
777,Ashley,Burton,dianewerner@example.org,Occupational hygienist,Fowler LLC
778,Nicole,Mack,briannamartinez@example.net,Sport and exercise psychologist,"Martin, Phillips and Baldwin"
779,Adam,Shannon,timothytaylor@example.com,Veterinary surgeon,David-Vaughn
780,Manuel,Flores,iprice@example.net,Higher education lecturer,Walker Ltd
781,Anna,Foley,jessicapayne@example.com,Ecologist,"Sanchez, Conley and Knox"
782,David,Mccoy,toddlaura@example.org,Archivist,Miranda Ltd
783,Eric,Williamson,dmartin@example.com,"Psychotherapist, child",Palmer-Davis
784,Lisa,Brown,mirandaluna@example.org,Trade mark attorney,Cross-Maddox
785,Patrick,Brewer,pcervantes@example.net,Field trials officer,Duncan-Gibson
786,Robin,Sanders,laurenmartin@example.org,Information officer,"Diaz, Smith and Perry"
787,Kevin,Gomez,bellsara@example.org,"Surveyor, insurance",Thompson-Lopez
788,Kevin,Hoffman,ucook@example.net,"Education officer, environmental",Cook-Evans
789,Christopher,Gonzalez,tiffanywilliams@example.com,Child psychotherapist,"Kelly, Montgomery and Eaton"
790,Christopher,Holden,kyledaugherty@example.org,"Teacher, primary school",Fletcher and Sons
791,Wendy,Murphy,laurahenderson@example.com,Information officer,"Mcdowell, Cannon and Jensen"
792,Stephen,Murphy,hbrooks@example.com,Corporate treasurer,"Riddle, Turner and Mann"
793,Justin,Koch,yandrade@example.com,Historic buildings inspector/conservation officer,"Martinez, Simmons and Harris"
794,Crystal,Lawson,mariasalas@example.com,Ambulance person,Morales-Lawson
795,Michelle,Contreras,ericsanford@example.org,Video editor,Dawson Group
796,Richard,Kline,lstrickland@example.net,"Engineer, civil (contracting)","Dunn, Miller and Reilly"
797,Elizabeth,Martinez,ugonzalez@example.net,Fashion designer,Hernandez Ltd
798,Gregory,Johnson,mitchellcobb@example.org,Diplomatic Services operational officer,Bernard-Johnson
799,Alexander,Ford,ayerskatherine@example.org,"Accountant, chartered management",Bauer and Sons
800,Shawn,Torres,vritter@example.com,"Psychotherapist, child",Wade Group
801,Mary,Hughes,sandrajohnson@example.net,Product designer,"Nelson, Haney and Murphy"
802,William,Ware,pmelendez@example.com,"Engineer, technical sales",Andrews-Martin
803,Sheila,Rivera,uortega@example.org,Nutritional therapist,Munoz Ltd
804,Jaclyn,Barajas,jamie27@example.net,"Surveyor, planning and development",Scott-Griffin
805,Christopher,Martinez,nicole06@example.net,Air cabin crew,Torres Inc
806,Alejandra,Kline,vlynch@example.com,"Engineer, communications",Cortez Group
807,Haley,Wolfe,matthewpierce@example.com,Medical sales representative,Brown-Wood
808,Susan,Roberts,larry82@example.net,Special educational needs teacher,Smith Ltd
809,Patricia,Morrison,maryjackson@example.com,Mechanical engineer,Sanchez Ltd
810,Lauren,Duran,vasqueztina@example.com,Architectural technologist,Walker-Lewis
811,Toni,Diaz,cthompson@example.com,Geoscientist,Simpson-Boyer
812,Robert,Bolton,scottalicia@example.com,Radiation protection practitioner,Cross Ltd
813,Adam,Thompson,allendebbie@example.net,Operational investment banker,Jones PLC
814,Barry,Gibbs,annechambers@example.org,"Teacher, adult education",Duncan-Moore
815,Charlotte,Huynh,jwilliams@example.com,Regulatory affairs officer,"Pierce, Simpson and Lewis"
816,Michael,Ruiz,peterblackburn@example.org,Academic librarian,"Kelley, Johnson and Wilson"
817,Katherine,Wagner,elizabeth67@example.net,"Teacher, adult education","Bryant, Greene and Huerta"
818,Anthony,Harper,jordanmerritt@example.com,Manufacturing engineer,Delgado PLC
819,Michael,Williams,iwilcox@example.org,"Accountant, chartered certified",Butler-Roberson
820,Kenneth,Perkins,davispaul@example.com,Building control surveyor,Hughes LLC
821,Lindsey,Waters,jessicamarquez@example.net,Sports development officer,Richards-Dunn
822,Cory,Madden,khart@example.com,Music therapist,"Collier, Johnson and Perez"
823,Natasha,Fernandez,hmyers@example.net,Arts development officer,White-Powers
824,Jillian,Wilson,ryangarcia@example.org,Firefighter,"Watson, Clay and Barnett"
825,Jonathan,George,stephanie81@example.com,Animator,"Smith, Burke and Schultz"
826,Lisa,Riley,wnelson@example.org,"Teacher, secondary school",Taylor-Lynch
827,Laura,Davies,allenmichael@example.org,"Designer, interior/spatial","Mcdaniel, Wilson and Scott"
828,Randy,Hicks,jason94@example.org,"Scientist, product/process development","Carroll, Campbell and Juarez"
829,Debbie,Bridges,lreyes@example.org,Print production planner,Santos Group
830,Ryan,Anderson,parkdavid@example.org,"Designer, textile",Edwards-Ward
831,Michelle,Williams,beansusan@example.com,Forensic psychologist,Harper Ltd
832,Andrew,Young,yeseniaporter@example.org,Database administrator,Perez and Sons
833,Randy,Roberts,xhines@example.net,Immigration officer,Reed-Smith
834,Francisco,Ross,davidcross@example.org,"Engineer, manufacturing","Gaines, Smith and Andersen"
835,James,Kane,jamesgarner@example.com,"Development worker, community","Atkins, Carr and Gonzales"
836,Jason,Moore,sstevens@example.org,"Lecturer, higher education",Wood PLC
837,Robert,Cowan,walkermark@example.org,"Engineer, structural",Martin-Jefferson
838,Dana,Alvarado,jamiesimpson@example.org,Bonds trader,Kelley Group
839,Amy,Mcdaniel,samueljohnson@example.net,"Programmer, systems",Maddox Group
840,Brian,Conner,westxavier@example.net,"Lighting technician, broadcasting/film/video",Marquez PLC
841,Brett,Suarez,suzanneruiz@example.org,Research scientist (physical sciences),Frank Inc
842,Cassandra,Whitehead,jessicabates@example.com,"Teacher, special educational needs",Beltran-Howe
843,Ashley,Harris,torresdonna@example.com,"Scientist, audiological",Robles-King
844,James,Barber,lwillis@example.com,Information officer,Edwards Ltd
845,Pamela,Hayes,rmorgan@example.org,Manufacturing engineer,Mcgee-Roberts
846,Megan,Macdonald,qthompson@example.org,Therapeutic radiographer,"Robinson, Reeves and Gilbert"
847,Jeffrey,Kelley,schmidtkathleen@example.com,Administrator,Bright PLC
848,Elizabeth,Harris,dcohen@example.net,Musician,Hood and Sons
849,Sandra,Brown,gravesbryce@example.net,"Geologist, engineering",White PLC
850,Holly,Jackson,robertli@example.org,"Production assistant, television",Morgan-Morales
851,Christopher,Durham,jeffrey25@example.org,Sports administrator,Cole-Hardy
852,Katie,Perry,jean95@example.net,Sports therapist,Lopez-Fuller
853,Kelly,Cardenas,harriseileen@example.org,Politician's assistant,Powell Ltd
854,Krystal,Jones,jeffreyhicks@example.com,Film/video editor,Holmes-Smith
855,Lisa,King,margaretwilliams@example.net,Astronomer,Brown-Brady
856,Sabrina,Pham,luishernandez@example.org,Probation officer,Medina Ltd
857,Elizabeth,Miller,shelly73@example.com,Secretary/administrator,Lewis-Swanson
858,Richard,Small,forddanielle@example.org,Analytical chemist,Moreno-Downs
859,Laurie,Paul,qquinn@example.org,Outdoor activities/education manager,Hawkins and Sons
860,Robert,Boyd,mfinley@example.com,Hydrogeologist,Owen-Gonzalez
861,Heather,Shepherd,award@example.com,"Editor, magazine features","Fisher, Garcia and Ford"
862,Margaret,Meadows,tammymcdaniel@example.com,Equality and diversity officer,Benson-Phillips
863,Jeffrey,Hall,jeromepruitt@example.org,Armed forces technical officer,"West, Ramos and Chambers"
864,Anthony,Chen,william89@example.com,Geophysicist/field seismologist,"Hill, Higgins and Burnett"
865,Megan,King,hillann@example.org,Travel agency manager,Pearson-Taylor
866,Rebecca,Christensen,erika71@example.net,Armed forces operational officer,"Smith, Roberts and Morales"
867,Nicholas,Jones,sancheztyler@example.com,Printmaker,Smith-Goodman
868,Gregg,Martin,reynoldskeith@example.org,Health promotion specialist,"Nixon, Francis and Brown"
869,Aimee,Reyes,amiles@example.org,Insurance underwriter,Sharp Ltd
870,Mackenzie,Davis,gutierrezjenny@example.net,Chief of Staff,Jimenez PLC
871,Steven,Green,joseph74@example.com,"Psychologist, clinical",James-Moore
872,Brent,Atkins,brian50@example.com,"Education officer, museum","Green, Watson and Mclaughlin"
873,Jorge,Sawyer,jeffrey59@example.net,Financial trader,"Reyes, Anderson and Fisher"
874,April,West,aligrace@example.net,"Surveyor, minerals",Johnson-Thomas
875,Troy,Watson,thomasball@example.net,Advertising account planner,"Alvarez, Adams and Olson"
876,David,Mcdonald,lbaker@example.com,"Therapist, sports",Cardenas-Vasquez
877,Kelli,Hendrix,kbrown@example.net,"Psychotherapist, dance movement",Bolton-Clark
878,Beth,Foster,oross@example.com,Midwife,"Mason, Ramsey and Tanner"
879,Jennifer,Wells,grimesallison@example.org,Professor Emeritus,"Robinson, Velez and Bailey"
880,Jennifer,Jordan,leerobert@example.net,Theme park manager,"Anderson, Pierce and Mack"
881,Heidi,Massey,hardythomas@example.com,Mining engineer,Moore PLC
882,James,Bennett,dawn15@example.net,"Lecturer, higher education",Martinez-Thompson
883,Laura,Taylor,lamberic@example.net,Writer,Lopez Ltd
884,Carolyn,Barrett,katelyn87@example.com,Proofreader,"Todd, Jackson and Davis"
885,Thomas,Maddox,hrussell@example.net,Surgeon,"Ritter, Warren and Davis"
886,Denise,Roberts,kimberly67@example.com,Public relations officer,"Davis, Oconnor and Adams"
887,Aaron,Jones,jenniferduffy@example.org,Aeronautical engineer,"Peters, Larson and Roberts"
888,Kevin,Wolf,xblackburn@example.org,"Psychologist, sport and exercise",Williams LLC
889,Andre,Brooks,mark12@example.org,Network engineer,"Carroll, Ellis and Wright"
890,Matthew,Best,melissa75@example.net,Software engineer,Merritt-Cook
891,Charles,Johnson,pnavarro@example.net,Chiropractor,Taylor-Anderson
892,Michael,Smith,susan54@example.net,Barrister,Howard-Humphrey
893,Cameron,Leach,franciscofisher@example.org,Educational psychologist,Davis and Sons
894,Brandon,Hart,cgood@example.com,"Producer, radio","Blanchard, Quinn and Welch"
895,Ashley,Mccullough,christopherthompson@example.com,Museum education officer,King Inc
896,Brooke,Roberts,uweaver@example.net,Company secretary,Espinoza-Peters
897,Stephanie,Martin,lucasapril@example.net,Emergency planning/management officer,Lowe-Kim
898,Michael,Stone,wardkevin@example.net,Geoscientist,Hardy LLC
899,Robert,Robinson,lisaheath@example.com,Commissioning editor,Lucero Inc
900,Jeff,Newton,imitchell@example.net,"Conservation officer, nature","Allen, Lopez and Anderson"
901,Pamela,Morse,patriciamoore@example.org,"Journalist, magazine","Martin, Quinn and Love"
902,Barbara,Moore,hross@example.net,Data processing manager,Tran Group
903,Alicia,White,ucastillo@example.net,Commissioning editor,"Wood, Gallagher and Stewart"
904,Jennifer,Cruz,leejacob@example.net,Primary school teacher,Moore PLC
905,Joel,Sims,richard76@example.org,"Journalist, broadcasting",Allen and Sons
906,Kelsey,Griffith,jack78@example.com,"Engineer, materials","Monroe, Thompson and King"
907,Cynthia,Mitchell,aaron75@example.com,Broadcast engineer,Wright Ltd
908,Kiara,Greer,tanyathompson@example.net,Sales promotion account executive,Jackson-Peterson
909,Ronnie,Johnson,robertknapp@example.org,"Engineer, control and instrumentation",Hansen and Sons
910,Isabella,Parsons,suarezsusan@example.net,"Physicist, medical","Warren, Mooney and White"
911,Karen,Schultz,dennis61@example.net,"Investment banker, corporate",Baker Group
912,Ronnie,Randall,mike94@example.org,"Editor, commissioning",Roberts Inc
913,Holly,Tapia,pgiles@example.com,"Surveyor, planning and development",Graham-Jenkins
914,Kelsey,Newton,daviscynthia@example.net,"Therapist, horticultural","Martin, Hudson and Cannon"
915,Cheryl,Scott,williamhenderson@example.net,"Accountant, chartered",Smith Group
916,Timothy,Mcdonald,herreramatthew@example.com,Location manager,"Carey, Salazar and Carrillo"
917,Michael,Carpenter,sylviaadams@example.org,Dispensing optician,"Black, Ochoa and Johnson"
918,Christina,Garcia,jennifersmith@example.net,Education administrator,Cook PLC
919,Trevor,Dawson,brian73@example.org,Acupuncturist,Moran-Wyatt
920,Jared,Gordon,shermanronald@example.org,Ship broker,"Hernandez, Warren and Buck"
921,Shawn,Rivera,diazdavid@example.org,"Development worker, community",Rodriguez-Forbes
922,Deborah,Murphy,sheilabrewer@example.net,Actuary,Perez-Bowman
923,Mary,Gonzalez,andersonbrenda@example.org,Civil Service administrator,Taylor LLC
924,Jennifer,Gonzalez,mossbelinda@example.org,Jewellery designer,Thomas-Adams
925,Stacy,Sanders,townsendtabitha@example.org,Comptroller,"Zamora, Gonzalez and Nelson"
926,Shari,Simpson,kathleendavis@example.com,Television/film/video producer,Schultz Inc
927,Derek,Estrada,christy35@example.net,Translator,"Simon, Beck and Simmons"
928,Maria,Nicholson,bartonjulie@example.com,"Psychotherapist, child",Doyle PLC
929,Shannon,Taylor,kerrandrew@example.org,"Engineer, drilling",Parker-Flores
930,Angela,Bell,fischerjerry@example.net,Ceramics designer,Watson-Spencer
931,Crystal,Mack,castillojames@example.com,"Pharmacist, hospital","Johnson, Rodgers and Conrad"
932,Stephanie,Perez,tammy24@example.com,Arboriculturist,Rose-Lewis
933,Christopher,Garcia,fharris@example.com,Civil Service fast streamer,Porter Group
934,Sean,Whitehead,sarahevans@example.org,"Conservator, furniture",Moore-Stone
935,Dustin,Golden,jessicascott@example.org,Clinical biochemist,Flores LLC
936,Luis,Mccall,kristenmacdonald@example.com,Data scientist,Rodriguez PLC
937,Chase,Gutierrez,valdezcharles@example.org,Games developer,Barrett-Nguyen
938,Helen,Chase,randysnyder@example.org,Heritage manager,Nunez-Jordan
939,Ronald,Harris,robert86@example.org,Arts development officer,Taylor-Peters
940,Eric,Frederick,tbrown@example.net,Games developer,Santos LLC
941,Shannon,Lucas,floresdaniel@example.com,Veterinary surgeon,Nelson Ltd
942,Aimee,Floyd,margaret11@example.org,"Scientist, audiological","Garcia, Thompson and Miles"
943,Carrie,Ingram,morganjay@example.net,Marine scientist,Pennington Ltd
944,Tracy,Schmitt,johnmcgee@example.net,"Editor, commissioning",George-Hebert
945,Rebecca,Farrell,epena@example.net,Geophysicist/field seismologist,Turner PLC
946,Kiara,Kaiser,erikahendricks@example.com,Equality and diversity officer,Fitzgerald Inc
947,Zachary,Davis,carlos59@example.com,Network engineer,Mays-Jimenez
948,Anna,Bell,katie95@example.net,Mechanical engineer,Mcintosh-Pineda
949,Donald,Jones,matthewmason@example.org,Air cabin crew,Adams and Sons
950,David,Terry,gpatterson@example.com,Warehouse manager,Porter PLC
951,Wanda,Haynes,heather27@example.net,Control and instrumentation engineer,Miller-Collier
952,Robert,Barker,bradysarah@example.com,Maintenance engineer,Simmons-Robinson
953,Yvette,Thomas,elijahanderson@example.net,Fast food restaurant manager,Johnston Group
954,Latoya,Cole,curtis59@example.net,Multimedia programmer,"Ross, Washington and Hicks"
955,Kathryn,Perez,daymichael@example.com,Advertising account planner,Ray Inc
956,Lance,Wagner,vguerrero@example.net,"Therapist, occupational","Murphy, Scott and Vaughn"
957,Julia,Bowen,erichill@example.net,Biomedical scientist,"Burton, Brady and Caldwell"
958,Danielle,Sparks,obrienian@example.com,"Teacher, adult education","Greer, Roberson and Turner"
959,Bailey,Castillo,riosdaniel@example.com,Data scientist,Frazier-Logan
960,Aaron,Williams,ycastro@example.com,Educational psychologist,Hayes-Stokes
961,Randy,Beck,norr@example.org,Environmental education officer,"Collins, Greene and Phillips"
962,Christopher,Mills,yatesjennifer@example.net,"Therapist, horticultural",Torres-English
963,Lauren,Moore,ijackson@example.org,Tourist information centre manager,Gardner LLC
964,Brandon,Esparza,qmurray@example.com,"Engineer, civil (consulting)",Johns-Woods
965,Laura,Scott,matthewjensen@example.com,Water quality scientist,Wolfe-Mills
966,Virginia,Shaw,gerald09@example.com,Hospital doctor,Lindsey and Sons
967,Courtney,Bullock,amanda17@example.com,Theatre director,"Acosta, Coleman and Brown"
968,Kristin,Simmons,pglenn@example.com,Technical brewer,"Smith, Ibarra and Knight"
969,Rachel,Gonzalez,vincent67@example.net,Writer,"Thomas, Summers and Hayes"
970,Guy,Simmons,pachecopatrick@example.com,Biomedical engineer,Jacobson and Sons
971,Tammy,Reeves,luis82@example.org,"Librarian, public",James Inc
972,Ann,Martinez,davidcook@example.com,"Journalist, newspaper",Bradshaw PLC
973,Keith,Jones,ernest66@example.com,"Programmer, applications",Willis-Wolfe
974,John,Morris,alex55@example.org,Financial manager,Blackwell-Ward
975,Craig,Hicks,theresa51@example.com,Research scientist (physical sciences),Harvey Group
976,Matthew,Franklin,alicia55@example.org,"Teacher, music",Williamson and Sons
977,Scott,Stanton,sarajohnson@example.com,Phytotherapist,Kelley and Sons
978,Alexander,Hoffman,erikdavis@example.com,Armed forces operational officer,Wise-Jones
979,Abigail,Stewart,qroth@example.org,Building surveyor,Lang Group
980,Melinda,Miller,michaeljohnson@example.com,Licensed conveyancer,Snyder LLC
981,Randy,Phelps,wangdavid@example.net,Optometrist,Ortiz-Arnold
982,Kelly,Bird,brandonmurphy@example.net,Advertising account planner,"Garcia, Huff and Pierce"
983,Aaron,Young,michaelalvarado@example.com,"Teacher, primary school",Hansen-Nguyen
984,Adam,Reynolds,rodriguezsean@example.org,Sports development officer,"Campbell, Mitchell and Brewer"
985,Elaine,Steele,ksharp@example.org,Sports development officer,Hendrix LLC
986,Susan,Schmidt,susanbray@example.net,Geochemist,Alvarado Group
987,Eric,Smith,eodom@example.com,Psychotherapist,Skinner PLC
988,Mark,Barnes,james60@example.net,"Nurse, learning disability",Moore LLC
989,Joshua,Baxter,coreyhill@example.net,Chief Financial Officer,Garcia and Sons
990,Briana,Welch,hclements@example.org,Financial risk analyst,"Gonzalez, Reeves and Henderson"
991,Justin,Davis,lucasgutierrez@example.net,Theme park manager,"French, Williams and Ross"
992,Thomas,Knight,joseph01@example.net,Nature conservation officer,"Ramirez, Wilson and Dillon"
993,Billy,Gomez,johnsonjorge@example.org,"Embryologist, clinical",Stephens-Golden
994,Shannon,Keller,eugenerodgers@example.org,Data scientist,Lawrence LLC
995,Amanda,Beck,paul23@example.com,"Scientist, marine",Stein-Mahoney
996,Tyrone,Franklin,petersonpaul@example.com,"Surveyor, insurance",Salas LLC
997,Thomas,Daniels,zlee@example.net,Jewellery designer,French-Farrell
998,Veronica,Roberts,manuelneal@example.com,Fitness centre manager,Perkins Inc
999,Charles,King,qaguilar@example.com,Sub,Tyler-Waters
1000,Maria,Campos,changthomas@example.net,Waste management officer,Delgado-Schaefer
1001,John,Chen,hineswilliam@example.com,Freight forwarder,Smith Group
1002,Pamela,Schmidt,mooremarvin@example.com,"Restaurant manager, fast food",Petty-Williams
1003,Brooke,Perry,stacy34@example.org,Licensed conveyancer,Davenport PLC
1004,David,Mcdaniel,dtucker@example.org,Health and safety inspector,Roth PLC
1005,Michael,Walker,james80@example.org,Health promotion specialist,"Robinson, Andrews and Clay"
1006,Angela,Williams,christian60@example.org,"Engineer, building services",Hayes LLC
1007,Sarah,Gomez,lprince@example.com,Logistics and distribution manager,Hart-Miller
1008,Tiffany,Hall,samuel53@example.com,Trade union research officer,"Atkins, Hudson and Drake"
1009,Melinda,Mcdonald,hmoody@example.org,Materials engineer,"Moody, Booker and Edwards"
1010,Kenneth,Cannon,csmith@example.com,Network engineer,Vasquez-Robinson
1011,Richard,Oneal,jacob56@example.com,Colour technologist,Mccall-Sharp
1012,Sarah,Evans,mark21@example.net,Bonds trader,Wilson Ltd
1013,Erik,Castaneda,wwiggins@example.org,Data processing manager,"Campbell, Diaz and Goodwin"
1014,Daniel,Gutierrez,aguilaramanda@example.com,Civil Service fast streamer,Evans-Hester
1015,Corey,Henry,charles55@example.com,Community education officer,Alvarez-Martinez
1016,Jessica,Diaz,melissa29@example.org,Chief Marketing Officer,"Perkins, Flores and Clark"
1017,Tracy,Marks,jonathan99@example.net,"Research officer, political party",Hawkins Ltd
1018,Jacqueline,Hudson,dustinboyd@example.org,Community pharmacist,"Wilson, Sharp and Watson"
1019,Brian,Dominguez,noblechase@example.net,"Scientist, research (medical)",Lara Group
1020,Jennifer,Short,smithheather@example.com,Hydrogeologist,Murphy-Morse
1021,Cynthia,Moreno,sandramoore@example.com,Chiropodist,Marsh Inc
1022,Henry,Houston,andreawaters@example.net,Best boy,Cole-Dean
1023,James,Williams,jocelynfrench@example.com,Pathologist,Nguyen-Hernandez
1024,Tara,Newman,darren62@example.org,Estate agent,"Lawson, Cervantes and Campbell"
1025,John,Estrada,melendezdaniel@example.org,Chief Financial Officer,"Thompson, Paul and Perez"
1026,Michael,Lee,william42@example.org,"Scientist, marine",Grant Ltd
1027,Arthur,Quinn,townsendmeghan@example.net,Commissioning editor,Obrien LLC
1028,Joyce,Cardenas,cameroncheryl@example.net,Colour technologist,Wallace PLC
1029,Michele,Brown,jenniferdennis@example.com,"Copywriter, advertising",Cline-Green
1030,Carol,Vasquez,stevensexton@example.org,Analytical chemist,Hall-Garcia
1031,Gregory,Michael,woodsmadeline@example.net,"Sales professional, IT",Lambert-Humphrey
1032,Brandon,Johnson,gabrielrose@example.net,Medical sales representative,"Irwin, Vazquez and Anderson"
1033,Todd,Berry,whoward@example.org,Diplomatic Services operational officer,Lopez-Clements
1034,Kristen,Simmons,angela35@example.net,Pension scheme manager,Myers-Cox
1035,Victor,Jones,nelsonrobert@example.com,Patent examiner,Woods PLC
1036,Rachel,Stevens,hlee@example.com,"Journalist, magazine",Johnson Inc
1037,Katherine,Ray,sgoodwin@example.net,"Designer, interior/spatial",Smith-Mendoza
1038,Joseph,Brown,davidmcintyre@example.com,"Journalist, broadcasting","Vaughn, Nguyen and Long"
1039,Christopher,Vaughn,hcamacho@example.net,Operational investment banker,Powers Ltd
1040,Mark,Smith,rcampbell@example.org,Optometrist,"Webb, Butler and Perez"
1041,Denise,Avery,owensconnie@example.net,"Geneticist, molecular",Ramirez LLC
1042,Zachary,Miller,cowanryan@example.com,Drilling engineer,"Mills, Morrison and Nelson"
1043,Angel,Smith,mmiller@example.org,Photographer,Hardy-Mckenzie
1044,William,Carr,gregory44@example.org,"Surveyor, minerals",Cook Group
1045,William,Cameron,hutchinsonlaurie@example.net,Systems analyst,"Williams, Walker and White"
1046,Harry,Gray,kelly44@example.com,Interior and spatial designer,Anderson and Sons
1047,Tyler,Anderson,caitlingonzales@example.com,Broadcast journalist,"Fuller, Harper and Ellis"
1048,Stephanie,Smith,lespinoza@example.com,Insurance risk surveyor,Jackson-Hutchinson
1049,Oscar,Norton,shawndyer@example.org,Insurance claims handler,"Peterson, Kirk and Paul"
1050,Victoria,Schmidt,john36@example.org,"Scientist, forensic",Burnett-Martinez
1051,Casey,Washington,richardthomas@example.net,Transport planner,Rodgers Group
1052,Roy,Peters,lauren47@example.org,Armed forces logistics/support/administrative officer,Greer LLC
1053,Lisa,Logan,rachel56@example.net,Senior tax professional/tax inspector,Perry-Brandt
1054,Hector,Allen,lopezalexandra@example.net,Data processing manager,"Hunter, Johnston and Williamson"
1055,Kevin,Crawford,christina99@example.com,Magazine journalist,Whitehead-Duran
1056,James,Mills,xmartinez@example.com,Theme park manager,Spencer LLC
1057,Bonnie,Porter,pgates@example.com,Archaeologist,Berger-Parsons
1058,Corey,Lowery,shane94@example.net,"Secretary, company",Kennedy Inc
1059,Jesus,White,longrussell@example.net,"Teacher, special educational needs",Adams-Lowery
1060,Martin,Ramirez,kimberly92@example.net,"Engineer, communications",Torres PLC
1061,Carol,Bates,christopher16@example.org,"Engineer, materials",Roberts Inc
1062,Matthew,Larson,marshalllatoya@example.com,"Scientist, product/process development",Ford-Price
1063,Amanda,Patel,jordansalazar@example.org,Energy manager,Torres Group
1064,Brandon,Heath,jameswinters@example.net,Firefighter,Huber Group
1065,Kimberly,Rivera,michael53@example.org,Financial manager,"Turner, Chavez and Sanchez"
1066,Jason,Edwards,fbridges@example.org,IT sales professional,"Hunt, Wilson and White"
1067,Susan,Gordon,dstewart@example.org,"Engineer, site",Morrow Group
1068,Steven,Evans,alanharris@example.com,Mining engineer,Garcia-Andersen
1069,Joseph,Robinson,nelsonbryan@example.com,Counselling psychologist,Holt-Grant
1070,Jon,Perez,lspence@example.net,Cartographer,Coleman-Rodriguez
1071,Sarah,Moran,tina55@example.net,Orthoptist,"Evans, King and Russell"
1072,Jennifer,Anderson,twest@example.com,Town planner,Jackson-Adams
1073,Anthony,Stanley,teresa95@example.org,Data processing manager,Cunningham-Kelley
1074,Karen,Huff,bbaldwin@example.org,Health physicist,Thompson-Wright
1075,Joshua,Wells,leejennifer@example.org,"Restaurant manager, fast food",Short-Sims
1076,Shawn,Mccarty,jessica91@example.com,"Scientist, physiological",Hobbs-Woods
1077,Dakota,Tran,melissachristensen@example.net,"Designer, graphic",Lambert-Mahoney
1078,Michelle,Kline,chris57@example.net,Amenity horticulturist,Schmidt-Johnson
1079,Thomas,Harper,patriciamills@example.net,Sports administrator,Price LLC
1080,John,Smith,brownkara@example.net,Ranger/warden,Taylor Inc
1081,Kenneth,Haynes,roneal@example.net,Equities trader,"Lin, Maldonado and Keller"
1082,Andrew,Pope,allison11@example.org,Psychiatric nurse,Brown-Morton
1083,Mark,Burns,jonesvanessa@example.com,Further education lecturer,Jones Ltd
1084,Cynthia,Hebert,michael62@example.net,Educational psychologist,Rhodes-Brown
1085,Christopher,Stevenson,iturner@example.com,Data scientist,Dominguez Group
1086,Kristina,Rodriguez,kellyoneill@example.net,"Engineer, land","Murphy, Brown and Baker"
1087,Pamela,Medina,rthompson@example.org,Speech and language therapist,"Johnson, Moore and Thomas"
1088,Jacob,Morris,kathleen06@example.org,Special educational needs teacher,Paul-Pierce
1089,Caroline,Flynn,kelly41@example.org,Building surveyor,"Russell, Arroyo and Young"
1090,Bryan,Walsh,istark@example.com,Charity officer,Perez-Anderson
1091,Brittany,Wilson,anna36@example.net,Psychotherapist,Walker PLC
1092,Kenneth,Hamilton,michaelveronica@example.net,Government social research officer,Ross-King
1093,Brandon,Steele,hdavis@example.net,Geophysical data processor,Jensen-Parks
1094,Jason,Ward,rhodeszachary@example.net,Fashion designer,"Reyes, Lopez and Brown"
1095,Belinda,Martinez,wferguson@example.net,"Radiographer, diagnostic",Walker-Friedman
1096,Stephen,Garcia,phillipsrobert@example.org,Educational psychologist,Lawrence-Dean
1097,Gina,Raymond,maryharris@example.com,Information officer,Bass Inc
1098,Valerie,Wilson,linda43@example.com,"Designer, ceramics/pottery","West, Stewart and Gray"
1099,Amanda,White,andrewphelps@example.net,Set designer,Shepard-Young
1100,Albert,Jones,patrickquinn@example.com,"Production assistant, radio",Rollins LLC
1101,Brittany,Singleton,thomaswilson@example.com,Orthoptist,Richardson-White
1102,Richard,Wilcox,qguerrero@example.com,Prison officer,"Fisher, Higgins and Clark"
1103,Dennis,Pitts,josebryant@example.org,Risk manager,Vance Inc
1104,Sara,Soto,nicholas79@example.org,Passenger transport manager,"Frazier, Osborne and Peck"
1105,Lori,Garrett,smithjacob@example.com,Trading standards officer,"Miranda, Duncan and Lawson"
1106,Jason,Ortega,qhampton@example.net,"Horticulturist, commercial","Davis, Fuller and Yang"
1107,Paul,Mitchell,kellygarcia@example.com,Paediatric nurse,"Benjamin, Alexander and Bright"
1108,Anthony,Wells,geraldwalker@example.org,Community development worker,Steele and Sons
1109,Joshua,Smith,sgreene@example.com,Armed forces operational officer,Wu-Murray
1110,Frank,Silva,lisahall@example.org,"Sales professional, IT",Walsh and Sons
1111,Christopher,Ruiz,joyceerin@example.com,Chartered loss adjuster,Silva-Powell
1112,Lauren,Howell,danielcampbell@example.com,Building services engineer,"Bailey, Daugherty and Cardenas"
1113,Lawrence,Knight,uwalker@example.com,Building control surveyor,Sanchez-Nelson
1114,Kimberly,Thomas,llloyd@example.org,Trade mark attorney,Martinez Group
1115,Shane,Allen,aellis@example.com,Sports therapist,"Gilbert, Barber and Evans"
1116,Robert,Leach,michaelrodriguez@example.org,Animal nutritionist,Gibson-Lopez
1117,Vanessa,Lozano,cbond@example.net,Politician's assistant,Atkinson and Sons
1118,Sarah,Howell,sbrooks@example.net,Energy manager,"Johnson, Lara and Eaton"
1119,Joshua,Dominguez,tmcbride@example.net,"Education officer, museum",Alvarez-Le
1120,Brian,Lawson,matthew91@example.net,Astronomer,Lucero PLC
1121,Henry,Turner,leedylan@example.org,Engineering geologist,Mendez Group
1122,Craig,Hawkins,kfigueroa@example.org,"Editor, magazine features",Bass-Diaz
1123,Allen,Davila,erogers@example.org,Social worker,Smith Group
1124,Melissa,Sanders,msingh@example.net,"Nurse, mental health",Thompson-Rodgers
1125,Lauren,Zimmerman,tkeith@example.org,Psychiatrist,Brown-Cruz
1126,Joseph,Anderson,tcarter@example.com,Risk manager,Smith-Ward
1127,Jill,Patterson,andersontara@example.com,Estate agent,Donovan Ltd
1128,Cathy,Curtis,james11@example.org,Airline pilot,"Gillespie, Jimenez and Williams"
1129,Trevor,Wright,yadams@example.com,Emergency planning/management officer,"Pitts, Reid and Clark"
1130,Alex,Lane,martin63@example.net,Radio broadcast assistant,Brown-Thomas
1131,Paula,Brown,ryangriffin@example.net,Science writer,Blackwell Inc
1132,Eric,Little,kerreric@example.net,Management consultant,Jacobs and Sons
1133,Jacqueline,Davis,cody73@example.com,Academic librarian,Lowe-Woods
1134,Valerie,Park,kimberlychang@example.com,"Surveyor, quantity",Campbell Group
1135,Marcus,Christensen,paulrosario@example.com,Industrial/product designer,Manning-Valencia
1136,Paula,Bryant,glendabarrett@example.org,Commercial art gallery manager,"Hernandez, Willis and Hurley"
1137,Jeremy,Roberts,smalldaniel@example.net,"Engineer, petroleum","King, Richards and Cooke"
1138,Albert,Alvarez,stacyperez@example.com,Advertising copywriter,Krause-Krause
1139,Michael,Flores,richard00@example.com,Retail merchandiser,Castillo Inc
1140,Jennifer,Wilson,rileyandrew@example.org,"Engineer, manufacturing",Beasley Inc
1141,Sue,Walsh,justin66@example.com,"Engineer, biomedical",Russell Group
1142,Nicole,Hill,mramos@example.org,Information systems manager,Moore LLC
1143,Samuel,Johnson,ohenderson@example.org,Theme park manager,Graham-Taylor
1144,Ashley,Kelly,stephanie22@example.org,IT trainer,"Schwartz, Washington and Page"
1145,Linda,Harmon,candace60@example.com,Arboriculturist,"Fields, Bennett and Hernandez"
1146,Jimmy,Burke,kevin93@example.org,Chief Technology Officer,James-Miller
1147,Emily,Collins,jhodges@example.com,Neurosurgeon,Proctor-Le
1148,Richard,Price,sabrina35@example.net,"Engineer, agricultural",Yates Ltd
1149,Nicole,Vincent,joshua94@example.org,Dance movement psychotherapist,Scott-Tran
1150,Lisa,Stephens,ortizdanielle@example.net,Orthoptist,Stevens Ltd
1151,Sean,Wilson,smithkatrina@example.net,Energy manager,Welch and Sons
1152,Daniel,Evans,xabbott@example.com,Quantity surveyor,"Alexander, Martinez and Jones"
1153,Brianna,Roy,marcus36@example.net,Accounting technician,Erickson-White
1154,Ashley,Wilcox,gregoryramos@example.net,Secondary school teacher,Henderson PLC
1155,Robert,Sharp,olivia26@example.net,"Education officer, community","Farley, Bradley and Salazar"
1156,Micheal,Gallagher,franklinjames@example.com,Barista,Suarez-Williams
1157,Kevin,Wolf,rsanchez@example.org,"Surveyor, mining",Jones LLC
1158,Daniel,Washington,chloe32@example.net,Radiation protection practitioner,King and Sons
1159,Ann,Doyle,andre88@example.org,Dispensing optician,"Moore, Davis and Santana"
1160,Lisa,Robinson,staceyjackson@example.org,Public relations officer,Smith-Neal
1161,Rhonda,Lane,timothy63@example.com,IT consultant,Moran-Martin
1162,Adam,Edwards,stephanie79@example.org,"Engineer, electronics",Sutton-Gross
1163,Scott,Cohen,nathan57@example.net,"Horticulturist, amenity",Fitzgerald-Stein
1164,Meagan,Porter,wgonzales@example.org,Product designer,Martin Inc
1165,Emily,Mcdowell,ipham@example.com,Multimedia specialist,Martin Ltd
1166,Noah,Yoder,cruzrandall@example.net,"Education officer, environmental","Castillo, Johnson and Price"
1167,Jacob,Richardson,robertslinda@example.com,Make,"Boyd, Russell and Fields"
1168,Rebecca,Schmitt,brianlawrence@example.net,"Production assistant, television",Sanchez-Fisher
1169,Roger,Grimes,zrios@example.com,"Therapist, nutritional",Smith-Kim
1170,Dakota,Martin,derrick12@example.net,"Exhibitions officer, museum/gallery","Torres, Fernandez and Taylor"
1171,Tracy,Ortiz,beth53@example.org,"Engineer, production",Rhodes-Mclaughlin
1172,Tiffany,Taylor,bandrade@example.net,Radio producer,"Garner, Hill and Hernandez"
1173,Rebecca,Gray,iortiz@example.net,Television production assistant,Reyes Ltd
1174,Jeffrey,Dean,rosedonald@example.com,Clothing/textile technologist,"Allen, Gamble and Murray"
1175,Laura,Hickman,stephanieholmes@example.com,Video editor,"Gallegos, Valdez and Griffin"
1176,Nathan,Young,qlong@example.net,Health and safety inspector,Cook LLC
1177,Kenneth,Villanueva,margarettrevino@example.org,Financial adviser,Lee PLC
1178,Monica,Russell,trodriguez@example.com,Psychiatrist,Murray-Huber
1179,Brian,Morales,fsanders@example.com,"Research officer, political party","Harris, Moore and Hickman"
1180,Michael,Salinas,xmartinez@example.org,Educational psychologist,"Spencer, Sherman and Martinez"
1181,James,York,feliciaherring@example.net,Probation officer,"Carr, Johnson and Miller"
1182,Laura,Clark,troylang@example.org,Claims inspector/assessor,Robinson-Jackson
1183,Stacy,Moon,hingram@example.net,Press photographer,Clark-Morrison
1184,Christina,Rodriguez,carmenboyle@example.com,Operational investment banker,Lester LLC
1185,Matthew,Thompson,wbrown@example.net,Music therapist,Obrien-Abbott
1186,Taylor,Lewis,rprice@example.net,"Teacher, secondary school",Lewis PLC
1187,Ronald,Williams,emorgan@example.net,Research scientist (life sciences),"Alvarez, James and Herrera"
1188,Michael,Espinoza,pjacobs@example.com,Nutritional therapist,Small and Sons
1189,Isaiah,Hopkins,sotochristine@example.net,Chartered accountant,"Reid, Santos and Newton"
1190,Christian,Orozco,bernard39@example.com,Therapeutic radiographer,Fleming Inc
1191,Richard,Gonzalez,obrienjon@example.net,"Administrator, arts",Robertson-Wright
1192,Elizabeth,Williams,erica35@example.org,"Nurse, mental health","Ali, Smith and Gibson"
1193,Brenda,Estes,traceywu@example.net,Archaeologist,Thompson-Williams
1194,Albert,Barnes,miagonzalez@example.com,Interpreter,"Norris, Lewis and Frazier"
1195,Richard,Moore,carrhector@example.net,Trade union research officer,Bentley-Martinez
1196,Robert,Ross,gregory85@example.org,"Secretary, company","Henderson, Fernandez and Acosta"
1197,Renee,Robinson,rossgeorge@example.com,Actuary,Smith Ltd
1198,Jorge,Collins,gina30@example.com,Futures trader,Burgess LLC
1199,Whitney,Snyder,murphykelly@example.net,"Engineer, materials",Smith Group
1200,Christopher,Bennett,crystal46@example.com,"Journalist, broadcasting","Welch, Rice and Calhoun"
1201,Jose,Hull,duane33@example.org,Civil Service fast streamer,Levy PLC
1202,Richard,Lucero,imoss@example.com,"Physicist, medical",Porter LLC
1203,Gabriela,Barker,alexandra30@example.net,Diagnostic radiographer,"Gonzalez, Cannon and Harper"
1204,Lisa,Wolf,wrightlisa@example.com,Academic librarian,Harris-Estrada
1205,Katrina,Gonzalez,odonnelljessica@example.net,"Accountant, chartered public finance","Soto, Campbell and Williams"
1206,Laurie,Palmer,andrew43@example.com,Dance movement psychotherapist,Mendoza LLC
1207,Loretta,Jones,robertschmidt@example.org,Customer service manager,Richard-Young
1208,Michelle,Lopez,morrowrobert@example.net,Theatre manager,"Schroeder, Smith and Valdez"
1209,Erika,Rodriguez,samueltodd@example.org,"Engineer, electrical","Becker, Jones and Gentry"
1210,Ricky,Jones,gkidd@example.org,Senior tax professional/tax inspector,Olson Ltd
1211,Monica,Bradford,kennethhorne@example.com,Marketing executive,Scott Inc
1212,Andrew,Davis,perezjason@example.org,Local government officer,"Taylor, Howard and Clark"
1213,Laura,Haley,angelairwin@example.com,Event organiser,Arnold Inc
1214,Amanda,Chavez,jenniferhancock@example.com,"Accountant, chartered management",Perkins Group
1215,Lauren,Wheeler,danielfisher@example.com,Associate Professor,Perkins Inc
1216,Brandon,Green,wgreen@example.net,Fashion designer,Tucker-Dillon
1217,Kelly,Mcgee,justin40@example.com,"Scientist, forensic","Cooper, Smith and West"
1218,Jessica,Richardson,matthew91@example.org,Volunteer coordinator,Smith-Smith
1219,Susan,Yang,katherine29@example.net,Media buyer,Gordon LLC
1220,Brandon,Joseph,moniqueadams@example.com,Geochemist,Salinas-George
1221,Melissa,Jordan,collinsvictoria@example.net,"Designer, furniture",Hutchinson-White
1222,Daniel,Brown,harperperry@example.net,"Journalist, newspaper",Wood-Mora
1223,Peter,Craig,phall@example.org,Media planner,Leon-Thomas
1224,Alexandra,Anderson,ncook@example.com,"Nurse, adult","Bates, Kelly and Benson"
1225,Mary,Santos,wnunez@example.com,Geochemist,"Trujillo, Smith and Holmes"
1226,Christine,Lane,williammalone@example.org,Manufacturing engineer,Johnson PLC
1227,James,Collier,brianmason@example.com,Graphic designer,Taylor-Fernandez
1228,Audrey,Cooper,simmonsjohn@example.org,Plant breeder/geneticist,Velazquez-Johnson
1229,Regina,Pittman,sean33@example.org,"Loss adjuster, chartered",Johnson-Flores
1230,Stephanie,Bray,mullinscody@example.net,Academic librarian,Romero-Luna
1231,Joseph,Davis,hamptonmelissa@example.net,"Administrator, education",Russo-Bass
1232,Kristen,Luna,eyoung@example.net,Associate Professor,Wilson-Doyle
1233,Caleb,Welch,cnovak@example.com,"Biochemist, clinical",Quinn and Sons
1234,Mackenzie,Riley,lroberts@example.net,Ambulance person,Lane LLC
1235,Bethany,Robinson,scott93@example.com,Pensions consultant,Smith and Sons
1236,Susan,Diaz,woodbrian@example.org,"Production assistant, television","Burns, Guerra and Khan"
1237,Carlos,Garcia,jimenezwilliam@example.net,Ophthalmologist,Brooks-Stein
1238,Carol,Lopez,kyle49@example.net,Research scientist (physical sciences),Scott-Nolan
1239,Jessica,Snow,brownleslie@example.com,Chartered accountant,Johns-Thomas
1240,Dana,Mitchell,tmontgomery@example.org,Civil Service administrator,"Barrett, Mora and Hawkins"
1241,Rebecca,Waters,stacy68@example.org,Archaeologist,"Martin, Johnston and Butler"
1242,Anthony,Callahan,olsonallen@example.org,"Scientist, research (maths)",Noble-Lewis
1243,Timothy,Costa,qjames@example.com,IT trainer,"Yates, Young and Turner"
1244,Victoria,Roberts,johnsondaniel@example.org,Quality manager,Flynn Ltd
1245,Savannah,Brown,teresataylor@example.org,Health and safety inspector,Smith Group
1246,Steven,Parker,larryschultz@example.org,Theatre manager,"Miller, Larsen and Gregory"
1247,Alison,Carpenter,dawsongarrett@example.net,Broadcast engineer,"Hill, Davis and Keller"
1248,Elizabeth,Fernandez,ifrancis@example.net,Restaurant manager,Sparks-Hall
1249,Gabriel,Reynolds,billyvazquez@example.net,IT trainer,Cervantes Group
1250,Jessica,Johnson,bethfloyd@example.org,Health and safety inspector,Stout Group
1251,Barbara,Frazier,ltravis@example.com,Broadcast engineer,Pratt-Finley
1252,Erik,Ashley,jeffrey16@example.org,"Embryologist, clinical","Moore, Mays and Hunter"
1253,Barry,Johnson,lshaw@example.com,"Physicist, medical","Marshall, Rogers and Taylor"
1254,Christopher,Espinoza,lisa35@example.org,Psychiatrist,"Clay, House and Graham"
1255,David,Gomez,wilsonjoe@example.com,Pathologist,Jones and Sons
1256,Kristin,Hunter,taylornicole@example.com,"Psychologist, educational",Ayala LLC
1257,Jack,Spence,morrismichael@example.net,"Psychologist, prison and probation services","Foster, Thomas and Nichols"
1258,Daniel,Hall,rebekahmartin@example.org,Retail buyer,Garcia and Sons
1259,Maria,Gallegos,dawn38@example.org,"Embryologist, clinical",Mullins-Bentley
1260,Scott,Vaughan,joycejonathan@example.org,Advice worker,"Morrow, Stone and Jones"
1261,Dylan,Hunt,dwayne41@example.com,Community education officer,"Hendrix, Mcmillan and Randolph"
1262,Allen,Anderson,michellelee@example.com,Occupational therapist,Oliver-Berger
1263,Andrew,Clark,hpatton@example.org,Radiation protection practitioner,Brock-Eaton
1264,Tara,Watkins,pbrown@example.com,Licensed conveyancer,Lamb-Hubbard
1265,Terri,Carter,reevesmatthew@example.org,Insurance risk surveyor,Barnett PLC
1266,Jennifer,Brooks,christopher58@example.com,Arts development officer,Davis PLC
1267,Nancy,Wilson,randyharris@example.com,"Buyer, retail","Kane, Shaffer and Lewis"
1268,Amy,Sanders,nicole20@example.org,Recruitment consultant,Lowery-Acosta
1269,Billy,Martinez,areese@example.org,Industrial/product designer,Church-Martin
1270,Thomas,Foster,kimblair@example.net,Art gallery manager,Johnson-Bailey
1271,Michelle,Thomas,travismathis@example.org,Plant breeder/geneticist,Miranda Group
1272,Lori,Novak,marclam@example.org,Seismic interpreter,"Myers, Brown and Smith"
1273,Dakota,Byrd,beasleymandy@example.org,Sub,Abbott-Terry
1274,Diana,Nichols,crawfordfrank@example.org,Data scientist,Lambert-Harris
1275,Kristy,Perez,beckerrichard@example.org,"Solicitor, Scotland",Garcia PLC
1276,Elizabeth,Stewart,theresasmith@example.org,Teaching laboratory technician,Wiley and Sons
1277,Brian,Stokes,csanders@example.com,Arts development officer,Freeman and Sons
1278,Brianna,Johnson,harringtonpaul@example.org,"Surveyor, building control",Lopez-Williams
1279,Candice,Padilla,paulmay@example.net,Broadcast presenter,"Scott, Robinson and Carter"
1280,Charles,Davidson,kathleenjackson@example.org,Information systems manager,"Nunez, Jones and Mcclain"
1281,Crystal,Phillips,sdiaz@example.com,Personal assistant,Walker-Coleman
1282,Dawn,Heath,hurleymary@example.com,Press photographer,Griffin PLC
1283,Deanna,Lopez,lthomas@example.net,Legal executive,Saunders Inc
1284,Michael,Bell,baileykyle@example.org,Personnel officer,Gilbert Group
1285,Gabriel,Morgan,lopezjoel@example.net,Geochemist,Mcgee-Garcia
1286,Betty,Flores,torresglenn@example.com,Amenity horticulturist,"Johnson, Brooks and Miller"
1287,Stacey,West,ellisbrian@example.net,Energy engineer,Stephenson and Sons
1288,Paul,Stone,kcarey@example.org,Leisure centre manager,Gross-Olson
1289,Beth,Scott,griffinkevin@example.net,"Buyer, industrial",Hill-Mays
1290,Sarah,Taylor,strongjessica@example.net,"Editor, commissioning",Todd-Owens
1291,Gregory,Bowers,morrisnicole@example.net,Automotive engineer,Hill PLC
1292,Erica,Short,hendersonmichael@example.net,Local government officer,Bruce-Reynolds
1293,Debra,Parrish,drakedrew@example.org,"Scientist, forensic",Escobar-Watson
1294,Brandon,Watkins,lucasjennifer@example.com,Graphic designer,Leach LLC
1295,Christopher,Ortiz,samuel21@example.com,"Scientist, marine","Griffin, Anderson and Harris"
1296,Bryan,Bond,pschwartz@example.com,Production manager,"Gray, Curry and Shepard"
1297,Sandra,Rodriguez,michelle06@example.com,"Designer, textile",Parker-Welch
1298,Michelle,Day,rodgerschristopher@example.net,"Accountant, chartered management",Pope LLC
1299,Danielle,Peterson,bcortez@example.net,Risk manager,"Garcia, Huff and Shepherd"
1300,Dana,Bird,olewis@example.com,"Pharmacist, community","Smith, Welch and Shepard"
1301,Brenda,Williams,jasonblackwell@example.org,Diagnostic radiographer,Zimmerman-Morrow
1302,Jamie,Scott,williamschristopher@example.net,"Administrator, education",Calderon-Williams
1303,Frank,Rodriguez,yshaffer@example.com,Museum/gallery exhibitions officer,Burns PLC
1304,Michael,Dennis,smithregina@example.org,Public relations account executive,Phillips-Moore
1305,Jared,Roberts,andreaaguilar@example.net,Materials engineer,Hernandez-Newton
1306,Dawn,Ortiz,sanderson@example.com,International aid/development worker,Fernandez-Cook
1307,Thomas,Peters,xyoung@example.com,"Editor, magazine features",Foster LLC
1308,Madison,Grant,jromero@example.com,Photographer,Jenkins-Garcia
1309,Rebecca,Johnson,barrybarr@example.net,"Editor, commissioning","Barry, Rodriguez and Castillo"
1310,Jermaine,Norman,deanscott@example.net,Air cabin crew,"Wright, Stark and Mathews"
1311,Jennifer,Welch,martindevin@example.net,Ambulance person,"Faulkner, Sullivan and Merritt"
1312,Bobby,Chavez,aguilarcrystal@example.com,Community development worker,"Hicks, Bell and Ramos"
1313,Debbie,Vasquez,joshuadavis@example.net,"Engineer, petroleum",Wilson Inc
1314,Natalie,Chapman,longlucas@example.com,"Pharmacist, community",Clark Group
1315,William,Ruiz,katiekennedy@example.org,Government social research officer,Love Ltd
1316,Kara,Fowler,matthewjensen@example.com,Commercial art gallery manager,"Liu, Pace and Mcdonald"
1317,Maria,Blackburn,greenedouglas@example.net,Careers adviser,"Richmond, Shaffer and Woods"
1318,Jenny,Oliver,cainbeth@example.com,Building control surveyor,Flores Ltd
1319,Jacqueline,Benson,emily22@example.com,"Engineer, automotive",Elliott-Cross
1320,Steven,Cooper,dominique04@example.com,Podiatrist,Martinez Ltd
1321,Angelica,Gibson,cruzjacqueline@example.net,Drilling engineer,Boyle and Sons
1322,Thomas,Wolfe,samanthaboyd@example.net,Land,Weber Inc
1323,Mary,Camacho,chloe61@example.com,IT technical support officer,"Hall, Powers and Brooks"
1324,Katherine,Pace,ysharp@example.net,Technical sales engineer,"Harrison, Rodriguez and Banks"
1325,Lori,Carter,bakerregina@example.com,"Psychologist, forensic","Frederick, Lee and Ayers"
1326,Megan,Espinoza,joannecastro@example.com,"Horticulturist, amenity","Cortez, Williams and May"
1327,Erin,Rodriguez,lwiley@example.net,"Engineer, automotive",Johnson Ltd
1328,Courtney,Burke,youngsandra@example.net,Arts development officer,Lester PLC
1329,Angela,Parker,pwatson@example.net,Forensic psychologist,Savage Inc
1330,Derek,Fox,torresrichard@example.net,Town planner,"Hansen, Jennings and Mccoy"
1331,Gregory,White,perezsheila@example.net,Fisheries officer,"Chavez, Sanchez and Young"
1332,Andrea,Wolf,nicolestuart@example.com,Engineering geologist,Burgess-Rogers
1333,Kevin,Alvarez,wallaceandrew@example.com,TEFL teacher,Wolf-Richards
1334,Travis,Lowery,josephjenkins@example.net,Set designer,Patel and Sons
1335,Gerald,Dean,cynthiaharris@example.com,"Optician, dispensing","Anderson, Fleming and Watkins"
1336,Penny,Lane,davisjustin@example.net,"Producer, radio","Strong, Miller and Harvey"
1337,Stephanie,Williamson,smithjacob@example.com,"Geologist, engineering",Johnson-Wright
1338,Bruce,Weaver,curtiscooke@example.net,Catering manager,Zavala Inc
1339,Michael,Mcdowell,sheilacase@example.com,Forensic scientist,Tate-Newman
1340,Natalie,Carpenter,hyoder@example.net,Adult guidance worker,"Lopez, Huerta and Kennedy"
1341,Paul,Pacheco,gdean@example.com,"Surveyor, building","Baker, Harris and Doyle"
1342,Tara,Ingram,clarkmichael@example.org,"Engineer, drilling",Holmes and Sons
1343,Pamela,Williams,brittany71@example.com,Fine artist,Buchanan Group
1344,Paul,Fuller,jeremywilson@example.org,Network engineer,"Gonzalez, Adams and Taylor"
1345,Tim,Thomas,jdunn@example.org,Volunteer coordinator,"Mcconnell, Crosby and Martin"
1346,Eric,Nunez,wreese@example.org,Immigration officer,Richardson-Lopez
1347,Joseph,Lawrence,xperry@example.org,Magazine features editor,Lowery-Fox
1348,Ashlee,Alexander,patrickvega@example.org,Estate agent,Butler Group
1349,Heather,Glass,zmoore@example.org,Lobbyist,"Callahan, Davis and Mullins"
1350,Susan,Moody,woodalexander@example.com,Product manager,"Mclean, Hernandez and Smith"
1351,Antonio,Moss,josecooper@example.com,Diplomatic Services operational officer,"Dunn, Henry and Tate"
1352,Gary,Knox,heather32@example.net,"Engineer, civil (contracting)",Arnold-Thomas
1353,Sara,Kline,steven29@example.org,Geophysicist/field seismologist,"Hudson, Smith and Scott"
1354,Mary,Brown,stephensmith@example.net,"Surveyor, building",Mitchell PLC
1355,Mary,Floyd,alex09@example.com,IT consultant,"Rodriguez, Young and Sullivan"
1356,Michael,Miles,tmurray@example.com,Learning disability nurse,"Brown, Guerrero and Cervantes"
1357,Amber,Kelly,donaldrose@example.org,Geographical information systems officer,Smith-Martin
1358,Michael,Dunn,matthewrichardson@example.org,Civil Service fast streamer,Drake Group
1359,Daniel,Velazquez,tcooper@example.org,Fine artist,Bates-Anderson
1360,Nicole,Hicks,wattslauren@example.net,Emergency planning/management officer,"Clark, Castro and Pacheco"
1361,William,Parker,patriciacrane@example.com,Seismic interpreter,Miles-Davis
1362,Katie,Lee,lopezcharlotte@example.org,"Teacher, secondary school",Erickson-Robinson
1363,William,Mcfarland,richard42@example.net,Air traffic controller,Scott Inc
1364,Daniel,Owens,tyler17@example.org,Mining engineer,Wilkinson-Barron
1365,Brandi,Ball,stanleyjackson@example.net,"Scientist, research (maths)",Rodriguez LLC
1366,Edward,Christensen,jamesrobert@example.net,"Scientist, clinical (histocompatibility and immunogenetics)","Moore, Simpson and Charles"
1367,Whitney,Jackson,sallysmith@example.org,Estate agent,Roberts Inc
1368,Brian,Patterson,benjamin12@example.com,Meteorologist,"Leon, Brown and Grimes"
1369,Joseph,Baker,alexander53@example.com,"Investment banker, corporate",Orozco-Phillips
1370,Austin,Campos,nsampson@example.org,Conference centre manager,"Glover, Bishop and Bennett"
1371,Tricia,Barnes,joshualara@example.org,Primary school teacher,Mcpherson-Schwartz
1372,Robin,Campbell,maldonadokelly@example.org,Training and development officer,"Olsen, Morris and Carroll"
1373,Cynthia,Pierce,arnoldjessica@example.org,Research scientist (physical sciences),Graves Inc
1374,Brenda,Wyatt,christopherhoward@example.org,Sub,Lucas Group
1375,Bruce,Gross,franciscogoodwin@example.org,Clinical research associate,Ferguson-Salas
1376,Matthew,Sellers,stevenzhang@example.org,"Accountant, chartered certified",Stevens Ltd
1377,Caroline,Cooper,gibsonkevin@example.org,"Radiographer, therapeutic",Johnson Ltd
1378,Kristen,Kim,jessicaoconnor@example.org,Museum/gallery curator,Cook-Olson
1379,Antonio,West,reedwilliam@example.com,"Surveyor, commercial/residential",Williams Ltd
1380,Elizabeth,Juarez,jking@example.com,Clinical molecular geneticist,"Moreno, Stanley and Brown"
1381,Joshua,Thompson,qduncan@example.net,Chartered management accountant,Jones-Simon
1382,Aaron,Jones,shaun51@example.com,Quantity surveyor,Powell-Vance
1383,Lisa,Macdonald,moralesmatthew@example.com,Counselling psychologist,Meyers PLC
1384,Steve,Clark,yestrada@example.org,Technical brewer,Orr-West
1385,Theresa,Davis,jamie75@example.net,Chief Marketing Officer,Brown-Delacruz
1386,Cassandra,Reid,vcochran@example.net,"Civil engineer, contracting",Boyd-Carr
1387,Jade,Barnes,beckeramber@example.net,"Engineer, building services",Lopez-Strickland
1388,Robert,Brady,jennifermorgan@example.net,Education administrator,"Hunter, Payne and Whitney"
1389,Rebecca,Warner,livingstonmelissa@example.org,Drilling engineer,Hernandez and Sons
1390,Joshua,Burch,darryl95@example.net,Production engineer,Conner Ltd
1391,Lindsay,Benson,uallen@example.org,"Therapist, drama",Chang-Weaver
1392,Michael,Huerta,lisaritter@example.net,Health physicist,Woods Group
1393,Johnny,Baldwin,aliciarobinson@example.com,Soil scientist,Steele-Merritt
1394,Ralph,Simmons,johnsanders@example.org,Optometrist,"Vaughn, Brown and Campbell"
1395,John,Cochran,simsholly@example.net,"Designer, graphic","Preston, Maldonado and Ballard"
1396,Christina,Woods,michaelharris@example.net,"Conservator, furniture",Smith and Sons
1397,Theresa,Jones,vjohnson@example.com,Brewing technologist,Chase Group
1398,Brittney,Keller,fuenteskelly@example.org,Intelligence analyst,Ramos and Sons
1399,Robert,Robertson,egardner@example.com,Adult guidance worker,"Hill, Schultz and Ingram"
1400,Amber,Smith,jennifer62@example.org,Trade mark attorney,"Snyder, Campbell and Garcia"
1401,Robert,Stewart,kimcharles@example.org,Chartered legal executive (England and Wales),Wyatt PLC
1402,Pamela,Hunt,david73@example.org,Facilities manager,Morgan Ltd
1403,Abigail,Lin,paulabates@example.net,Police officer,"Fritz, Washington and Williams"
1404,Phillip,Snyder,ppeters@example.com,"Scientist, water quality",Moody Inc
1405,Kristin,Williams,cruzcathy@example.org,Operations geologist,"Rowe, Wilson and Pruitt"
1406,Victoria,Thomas,joshua29@example.com,Agricultural consultant,Montes Inc
1407,Austin,Miller,dgallagher@example.com,Administrator,"Hamilton, Garcia and Short"
1408,Susan,Guzman,hector83@example.net,Materials engineer,Walker Group
1409,Daniel,Warren,michael77@example.net,"Nurse, mental health",Lawrence PLC
1410,Jeanne,Moore,jshaffer@example.com,"Designer, furniture","Gonzalez, Cook and Espinoza"
1411,Andrew,Andrews,huntsusan@example.org,"Engineer, chemical",Johnson-Sanford
1412,Aaron,Young,staceyrobinson@example.com,Financial trader,Rivas-Hall
1413,Brad,Gonzalez,smithadam@example.net,Arboriculturist,"Moyer, Brown and Duncan"
1414,Bryan,Weaver,jose94@example.org,"Therapist, art","Johnson, Myers and Stuart"
1415,Kari,Anderson,christopherfrey@example.org,Microbiologist,Aguirre-Jacobs
1416,Stephanie,Perez,jacksonrobert@example.com,IT sales professional,Young-Davis
1417,Michael,Burke,megan26@example.net,Claims inspector/assessor,"Castro, Taylor and Ford"
1418,Renee,Jennings,sharvey@example.net,"Designer, ceramics/pottery",Maxwell Ltd
1419,Andre,Hughes,angela89@example.com,Musician,"Willis, Mooney and Walsh"
1420,Christine,Murray,raymond85@example.org,Geophysicist/field seismologist,Thomas Inc
1421,Virginia,Clarke,amanda16@example.net,Amenity horticulturist,"Hardy, Brown and Mendoza"
1422,Mary,Powell,lphillips@example.org,Energy manager,"Castro, Lee and Barnes"
1423,Curtis,Lee,kristy88@example.com,Sub,"Patterson, Swanson and Thomas"
1424,Joshua,Keller,mark85@example.org,Midwife,Crawford Ltd
1425,Cassandra,Turner,garzaerin@example.net,Secondary school teacher,Rich and Sons
1426,Christopher,Dean,ramirezearl@example.com,Social worker,Mendoza Inc
1427,Sydney,May,velezlori@example.com,Maintenance engineer,"Bradshaw, Bryant and Fleming"
1428,Kayla,Chase,qrosales@example.com,"Programmer, multimedia","Peterson, Jones and Bell"
1429,Michael,Olson,gabriel56@example.org,Music therapist,Nichols Group
1430,Brian,Ortiz,christopher16@example.org,Retail merchandiser,Waller-Holmes
1431,William,Walsh,gramirez@example.com,Bonds trader,House and Sons
1432,David,Hall,qbarrett@example.net,Public relations account executive,"Bowman, Ross and Hill"
1433,Todd,Wong,lpatterson@example.net,Art therapist,Bell-Scott
1434,Ruben,Olsen,webblisa@example.com,Computer games developer,"Garcia, Gibson and Wright"
1435,Beth,Martinez,contrerasrhonda@example.com,Communications engineer,Rivera LLC
1436,Kurt,Payne,christina14@example.net,"Development worker, community","Bush, Horn and Walter"
1437,Kaitlyn,Sloan,eadams@example.org,Financial planner,Mcintosh-Wise
1438,Dawn,Parrish,james31@example.org,"Geologist, wellsite",Hernandez Inc
1439,Aaron,Hendricks,jessicathomas@example.org,Editorial assistant,Smith and Sons
1440,Michael,Martinez,crystalbailey@example.com,"Lighting technician, broadcasting/film/video",Miller-Elliott
1441,Michelle,Stewart,elizabethshannon@example.org,Financial controller,Leon-Russell
1442,Patricia,Wheeler,garciachristopher@example.org,Medical physicist,Harris PLC
1443,Scott,Bridges,marquezlouis@example.org,"Optician, dispensing",Huffman-Yoder
1444,Michael,Vega,fclark@example.com,Higher education lecturer,"Anderson, Aguilar and Walter"
1445,Kimberly,Cooper,daniel76@example.org,Estate manager/land agent,"Knapp, Gray and Shelton"
1446,Amanda,Pierce,danielle87@example.net,Geographical information systems officer,Lara-Stanton
1447,Joshua,Duran,zlevine@example.net,Research scientist (medical),Turner Group
1448,Tammy,Park,frenchwendy@example.org,Prison officer,"Sutton, Escobar and Watson"
1449,Laura,Anderson,jonesleslie@example.org,Museum/gallery curator,White-Gardner
1450,Mark,Lee,stephenwalker@example.com,"Psychologist, sport and exercise",Mccarthy-Nguyen
1451,Karen,Pennington,amanda39@example.org,Environmental consultant,"Rogers, Jackson and Wong"
1452,Richard,Freeman,lopezdarlene@example.net,"Physicist, medical","Phillips, Simpson and Hess"
1453,Michael,Franklin,snyderjo@example.org,Technical sales engineer,"Mitchell, Thompson and Bennett"
1454,Charles,Williams,scott79@example.com,Counsellor,Stark Inc
1455,Ross,Watts,raymondgonzalez@example.com,Community pharmacist,Rush Group
1456,Mark,Hudson,briannagamble@example.com,Systems developer,Ramirez-Fleming
1457,Dawn,Hamilton,michaeljones@example.com,Company secretary,"Frye, Elliott and Moore"
1458,Bruce,Perez,gabrielle02@example.net,Marketing executive,"Velasquez, Adams and Pena"
1459,Ronald,Patterson,donaldlee@example.com,Chartered accountant,Carroll-Sosa
1460,Christopher,Swanson,ucastro@example.org,Landscape architect,Chapman Group
1461,David,Humphrey,wholmes@example.net,Water quality scientist,Johnson PLC
1462,Kevin,Gonzalez,hjohnson@example.com,Advertising account planner,"Golden, Hawkins and Morrow"
1463,Jeremy,Smith,david61@example.org,Hospital pharmacist,Avery LLC
1464,Logan,Roberts,william81@example.com,"Therapist, sports",Colon-Navarro
1465,Amy,Schroeder,martinezjacqueline@example.net,"Surveyor, land/geomatics","Maxwell, Diaz and Brown"
1466,Dillon,Brown,thorntonrachael@example.org,Government social research officer,"Nelson, Stephenson and Smith"
1467,Andrew,Jordan,lrowland@example.net,Charity fundraiser,"Mccoy, Ruiz and Patterson"
1468,Jennifer,Cameron,dmeyer@example.com,Location manager,Cox-Rivera
1469,Amy,Williams,kswanson@example.com,Warden/ranger,Brady-Zimmerman
1470,Victoria,Spencer,ballmorgan@example.com,Corporate investment banker,"Brown, Hall and Ibarra"
1471,Dustin,Johnson,gabrielle46@example.net,Multimedia programmer,"Hammond, Williams and Wall"
1472,Carolyn,Turner,christopher99@example.net,Statistician,Harrison-Russo
1473,Deborah,Bailey,elizabethhughes@example.com,Tourist information centre manager,"Thompson, Salinas and Brown"
1474,Ashley,Jackson,moranjon@example.net,Cartographer,Davis PLC
1475,Gary,Allen,christopher31@example.com,Youth worker,"Miranda, Page and Massey"
1476,Jennifer,Sanders,anthony81@example.com,Learning mentor,"Casey, Foley and Bush"
1477,Wendy,Williams,ledawn@example.org,Water engineer,"Arnold, Cannon and Archer"
1478,Michael,Ferguson,victor43@example.net,Biomedical scientist,Buchanan PLC
1479,David,Murphy,rebeccavazquez@example.net,Water engineer,"Foster, Galvan and Phillips"
1480,Roberto,Bates,jennifer48@example.net,Psychiatrist,Vang-Phillips
1481,Jose,Humphrey,ramosangela@example.com,Osteopath,Ramirez Group
1482,Steven,Lopez,poconnell@example.com,Tax inspector,Black Inc
1483,Daniel,Andrews,ihansen@example.net,"Investment banker, operational",Lee-Gardner
1484,Stephanie,Roberts,ffigueroa@example.com,Fitness centre manager,Hall-Silva
1485,Scott,Walton,fgarner@example.org,Magazine journalist,"Davidson, Fischer and Henderson"
1486,Megan,Edwards,lowekelly@example.com,Wellsite geologist,Turner Ltd
1487,Pedro,Patel,brian08@example.org,"Engineer, civil (contracting)",Roach LLC
1488,Tamara,Gentry,ramirezmatthew@example.org,Herbalist,Barton LLC
1489,Vanessa,Lambert,joyestrada@example.net,Camera operator,Munoz Inc
1490,Andrew,Williamson,davidhart@example.com,"Therapist, music",Miller LLC
1491,Sherri,Smith,epayne@example.com,Ranger/warden,"Wilson, Walters and Terrell"
1492,Kaitlyn,Green,heatherwilkinson@example.com,"Teacher, music",Stewart-Vance
1493,James,Lee,yjones@example.net,Clinical biochemist,"Hopkins, Hampton and Schroeder"
1494,Stacy,Rosario,margaretguerra@example.net,"Investment banker, operational",Carr-Henderson
1495,Jill,Martinez,allen46@example.com,Herpetologist,Schmidt-Parker
1496,Thomas,Beck,kathy07@example.net,Social researcher,Salinas-Pitts
1497,Veronica,Blanchard,bmitchell@example.com,Personal assistant,Murphy LLC
1498,Julie,Jenkins,jensenjason@example.net,"Geologist, wellsite",Miller Group
1499,Lauren,Wilson,charles43@example.com,Jewellery designer,Torres-Livingston
1500,Marcus,Cummings,lmccormick@example.org,Analytical chemist,"Johnson, Martinez and Wagner"
1501,Samantha,Lewis,caitlyn36@example.com,Recycling officer,Young-Gill
1502,Donna,Smith,davismichael@example.org,Field trials officer,Green-Johnson
1503,Darius,Young,owenjennifer@example.org,"Presenter, broadcasting",Bowers Ltd
1504,Catherine,Sims,kaitlyn46@example.org,"Exhibitions officer, museum/gallery",Davis PLC
1505,Jesse,Sharp,robertstevenson@example.org,Pathologist,Griffith-Ellis
1506,Heather,Smith,oalvarado@example.com,Environmental consultant,"Frederick, Allison and Mooney"
1507,Mary,Pena,alexandersamantha@example.org,Forest/woodland manager,Logan-Miller
1508,Erin,Hull,anthony44@example.net,"Geneticist, molecular","Ryan, Gibbs and Nelson"
1509,Bradley,Sanchez,louissalazar@example.org,"Accountant, chartered management","May, Ramirez and Pruitt"
1510,Kelly,Johnson,kcollins@example.com,IT consultant,"Perry, Hill and Jones"
1511,Elizabeth,Davis,andersoncolleen@example.net,Medical physicist,Noble-Osborne
1512,Gerald,Gilbert,fitzgeraldtamara@example.org,"Geneticist, molecular",Jones Ltd
1513,Christopher,Griffin,leethomas@example.net,Animal technologist,"Nguyen, Nelson and Zimmerman"
1514,Joshua,Gregory,lesliehoward@example.com,Oncologist,"Newman, Klein and Oconnor"
1515,Tina,Hall,keith19@example.org,Diagnostic radiographer,Carter-Johnson
1516,Angela,Garcia,reginaldhahn@example.org,Exercise physiologist,"Cannon, Brock and Walsh"
1517,Felicia,Walker,tammydaniels@example.net,Environmental manager,"Andrews, Reid and Chavez"
1518,Barbara,Prince,martinezjoanna@example.com,"Copywriter, advertising",Farmer-Gonzales
1519,Bruce,Ruiz,levytrevor@example.net,"Engineer, aeronautical","Washington, Lester and Wright"
1520,Ronald,Snyder,michael18@example.net,Exhibition designer,Jones-Adams
1521,Donna,Rodgers,zterry@example.net,Catering manager,Marquez PLC
1522,Guy,Forbes,qchen@example.org,Clinical psychologist,Patterson PLC
1523,Johnny,Thomas,jacksonkimberly@example.com,"Scientist, research (life sciences)",Harris-Miles
1524,Abigail,Shaw,ibauer@example.net,"Engineer, site","Hart, Adams and Patrick"
1525,Leslie,Kelly,robrien@example.net,Equality and diversity officer,"Harris, Mendoza and Wiggins"
1526,Susan,Miller,mfitzgerald@example.org,Commercial art gallery manager,Dickerson-Smith
1527,Debra,Cook,wrichards@example.com,Technical brewer,Williams-Bond
1528,Karen,Miller,ehaney@example.com,Higher education lecturer,Salas-Hancock
1529,Alyssa,Sosa,wmcdowell@example.org,Jewellery designer,"Smith, Smith and Rodriguez"
1530,Joshua,Thompson,ystone@example.net,Seismic interpreter,Armstrong Group
1531,Richard,Rose,boydchristopher@example.org,Medical sales representative,Freeman-Lang
1532,George,Walton,myerswilliam@example.org,"Engineer, production",Hill Group
1533,Nicholas,Diaz,mahoneykevin@example.com,Clinical cytogeneticist,"Patel, Flores and Gonzalez"
1534,Katie,Underwood,navarrojames@example.net,Firefighter,Day and Sons
1535,Patricia,Castaneda,kimberly99@example.org,Hospital doctor,"Cruz, Wolf and Barker"
1536,Carlos,Smith,jimmyallen@example.com,"Engineer, technical sales",Mclaughlin-Wiggins
1537,Gregg,Meyers,kennethlopez@example.org,Retail manager,Willis LLC
1538,Laurie,Short,ywilliams@example.net,Travel agency manager,"Ramirez, Powell and Mosley"
1539,James,Gonzales,trichmond@example.com,"Engineer, civil (contracting)","Richards, Terry and Dillon"
1540,Mia,Nelson,lfranklin@example.net,"Librarian, academic",Obrien PLC
1541,Brian,Dominguez,wbarber@example.com,Pathologist,Meyers-Wilson
1542,Rachel,Cooper,ujones@example.com,Planning and development surveyor,Patterson-Frazier
1543,Hannah,Collier,angela70@example.org,Marketing executive,Wilson Ltd
1544,Katherine,Harris,mirandaharris@example.com,Industrial/product designer,Harris Inc
1545,Michelle,Sullivan,smalljohn@example.com,Probation officer,Delgado-Williams
1546,Stacey,Nichols,scottkevin@example.com,Clinical embryologist,Vasquez Inc
1547,James,Woods,zwilliams@example.com,Illustrator,Williams and Sons
1548,Lori,Lee,greernancy@example.com,Midwife,"Fox, Duke and Barry"
1549,Felicia,Robinson,amandaallen@example.com,Equities trader,Vang PLC
1550,Elizabeth,Wade,jefferyturner@example.org,"Engineer, mining","Webb, Hurst and Cook"
1551,David,Forbes,iadams@example.org,Lawyer,Howard-Chen
1552,Michael,Wu,castillojulia@example.com,Scientific laboratory technician,Kennedy-Juarez
1553,Teresa,Castro,john69@example.net,"Social research officer, government",Kelly-Goodman
1554,Michael,Parks,astewart@example.net,"Engineer, drilling",Morgan-Beltran
1555,Debra,Wheeler,martinezdana@example.org,"Merchandiser, retail",Huynh Inc
1556,Jessica,Martinez,fberger@example.net,Ambulance person,Clark LLC
1557,Jacob,Lewis,kellysanders@example.com,"Psychotherapist, dance movement",Williams and Sons
1558,Travis,Gilbert,ivaldez@example.org,Medical physicist,"Hardin, Perry and Ellis"
1559,Sydney,Brown,elizabethvaughn@example.org,Office manager,Gomez LLC
1560,Joseph,Marks,victoria17@example.org,"Editor, commissioning",Bond-Flowers
1561,Daniel,Nelson,chall@example.org,Psychiatric nurse,Cruz-Lopez
1562,Ashlee,Bates,amanda68@example.org,Learning disability nurse,Jenkins Ltd
1563,Evan,Wheeler,hillkathleen@example.com,Community education officer,Fritz-Stokes
1564,Austin,Lambert,fjohnson@example.com,Immigration officer,Weber-Young
1565,Javier,Cannon,mirandagreg@example.com,"Teacher, music",Whitehead Ltd
1566,Jennifer,Hartman,brandongilmore@example.com,Optometrist,Davis and Sons
1567,Laura,King,laura69@example.com,Rural practice surveyor,Dean-Davis
1568,Shawn,Lam,stuarttaylor@example.com,Building control surveyor,Bryant-Hill
1569,Kevin,Harris,mendezshannon@example.net,Consulting civil engineer,"Martinez, Wise and Patel"
1570,Charles,Barr,hudsonelizabeth@example.net,Exhibition designer,Jones-Roth
1571,Alyssa,Perez,whitekaylee@example.com,"Therapist, music","Lopez, Carpenter and Hernandez"
1572,Noah,Snyder,mccoylee@example.org,"Civil engineer, contracting",Schroeder-Spears
1573,Patrick,Bradley,byrdsamuel@example.net,Waste management officer,Espinoza-Cox
1574,Morgan,Perry,salinasmichael@example.com,Environmental manager,Marshall PLC
1575,Carl,Norton,kbrown@example.net,Technical author,"Kelly, Thompson and Cain"
1576,Robert,Silva,sherri33@example.net,Corporate treasurer,"Ramirez, Ramirez and Morrison"
1577,Adam,Rodriguez,amanda54@example.org,Company secretary,"Bowers, Morales and Ramos"
1578,Nathan,Rivera,lisa37@example.net,Art therapist,"Moore, Steele and Underwood"
1579,Regina,Conway,tmcdowell@example.net,General practice doctor,"Miller, Fox and Owens"
1580,James,Oneal,domingueznicole@example.net,"Administrator, charities/voluntary organisations",Russo Inc
1581,Joseph,Fuller,wilsoncharles@example.com,Colour technologist,West Group
1582,Christopher,Perry,spearsbrandy@example.com,Building surveyor,Green-Mccann
1583,Cindy,Andrews,john09@example.net,Research scientist (medical),Ramos Inc
1584,Linda,Harrison,kmcbride@example.net,"Engineer, building services","Carroll, Singleton and Green"
1585,Jerry,Brown,linda62@example.org,"Journalist, newspaper",Gay-Bishop
1586,Michelle,Maldonado,josephscott@example.org,Commercial/residential surveyor,"Mckinney, Williams and Alvarez"
1587,Cheryl,Coleman,lgonzalez@example.org,Control and instrumentation engineer,Graham LLC
1588,Christina,Dean,qcollins@example.com,Clinical biochemist,Ayala and Sons
1589,Daniel,Sexton,wjimenez@example.com,"Engineer, materials","Wallace, Stewart and Hamilton"
1590,Michelle,Pham,nancyfleming@example.org,Systems analyst,"Nelson, Lewis and Snyder"
1591,Bobby,Walton,deckergail@example.org,Pharmacologist,"Perry, Carrillo and Haynes"
1592,Kathleen,Harris,kristawalter@example.org,Adult guidance worker,"Garcia, Baker and Thomas"
1593,Kathy,Duran,iferguson@example.com,Early years teacher,Mccormick PLC
1594,Valerie,Oliver,sandrathornton@example.com,"Teacher, English as a foreign language",Stewart-Allen
1595,Susan,Leblanc,smithshane@example.net,"Designer, exhibition/display",Brown-Keller
1596,Patricia,Rodriguez,frogers@example.org,"Chemist, analytical",Tucker-Villarreal
1597,Shane,Knight,angelsanchez@example.net,Race relations officer,Weaver PLC
1598,Raymond,Tran,eedwards@example.org,Plant breeder/geneticist,Olson-Dunlap
1599,Kevin,Torres,hbarrera@example.org,"Geologist, engineering","Crawford, Anderson and Thomas"
1600,Amy,Ramirez,kristopherstewart@example.com,Chief Technology Officer,"Christian, Barker and Hawkins"
1601,Brent,Sullivan,elliottdanielle@example.net,"Engineer, agricultural",Armstrong Inc
1602,Steven,Jenkins,zjohnson@example.net,Minerals surveyor,"Sanchez, Macdonald and Simmons"
1603,Heidi,Hawkins,xandrade@example.net,Translator,"Dominguez, Hanson and Livingston"
1604,Garrett,Johnson,zellis@example.com,Administrator,Jones-Mendoza
1605,Melinda,Cortez,tdixon@example.net,Primary school teacher,Barton Inc
1606,Joel,Morton,christina99@example.net,Minerals surveyor,"Thomas, Simpson and Kennedy"
1607,Ashley,Owens,montgomerytaylor@example.org,Lobbyist,Velez Group
1608,James,Mcneil,douglasclark@example.org,"Accountant, chartered certified",Chapman-Smith
1609,Nicole,Wilson,mdixon@example.com,Management consultant,Williams-Smith
1610,Michael,Haynes,fjuarez@example.com,Commercial horticulturist,Esparza-Woodard
1611,Jennifer,Stevenson,deborahgonzalez@example.net,"Administrator, sports",Duarte-Kennedy
1612,Gloria,Nelson,urivera@example.org,"Teacher, English as a foreign language","Martin, Michael and Carter"
1613,Victor,Carson,housemckenzie@example.org,Rural practice surveyor,"Ramos, Koch and Williams"
1614,Sarah,Kim,wendy47@example.net,Information officer,"Scott, Dean and Howell"
1615,Shannon,Myers,ian65@example.net,Careers information officer,Mullen Inc
1616,Aaron,Espinoza,tcampbell@example.org,"Teacher, music","Roberts, Thompson and Henry"
1617,Cindy,Doyle,timothycaldwell@example.org,"Teacher, adult education","Johnson, Montgomery and Ellison"
1618,Tina,Smith,lmiller@example.org,Photographer,Bowen Ltd
1619,Tara,Perry,cooperkelly@example.org,Land/geomatics surveyor,Evans-Mitchell
1620,Katie,Franco,morenophillip@example.com,Teaching laboratory technician,Chang-Kirby
1621,Amanda,Hughes,stephenyoung@example.com,Financial risk analyst,"Sherman, Gonzalez and Elliott"
1622,Victoria,Smith,jennifer78@example.org,Wellsite geologist,"Fisher, Wagner and Thomas"
1623,Amber,Brown,wendydouglas@example.com,Telecommunications researcher,Jones-Morrison
1624,Brian,Dixon,mcdonaldchristopher@example.net,Leisure centre manager,"Thomas, Thompson and Ibarra"
1625,Candice,White,woodthomas@example.com,Nutritional therapist,Cole PLC
1626,Kathryn,Gray,kevinhowe@example.org,Oceanographer,Martin-Lowe
1627,Cynthia,Jensen,wrightcassie@example.org,Product manager,"Vasquez, Kramer and Sutton"
1628,Michelle,Garcia,julianwolf@example.org,Horticultural consultant,Graham-Osborne
1629,Taylor,Freeman,richardyang@example.com,Magazine features editor,Hoover-Weber
1630,David,King,swalker@example.net,Dispensing optician,Torres and Sons
1631,Thomas,Wagner,fromero@example.org,Optometrist,"Whitaker, Hudson and Delacruz"
1632,Karen,Lloyd,ashley93@example.org,Waste management officer,Cuevas Inc
1633,Michelle,Rogers,comptonlaura@example.org,"Engineer, manufacturing systems",Medina-Barber
1634,Teresa,Brewer,sharon31@example.org,Glass blower/designer,"Ballard, Scott and Burke"
1635,Alexandra,Rodriguez,michael82@example.com,Television production assistant,Martinez and Sons
1636,Joanne,Murphy,cpadilla@example.com,Research scientist (medical),"Walters, Thompson and Larsen"
1637,Austin,Wilson,carlos55@example.com,"Accountant, chartered certified",Johnson-Bender
1638,Danielle,Brown,michaelscott@example.org,Air cabin crew,"Hodges, Martin and Sanders"
1639,Crystal,Horn,jgonzalez@example.org,Astronomer,"Mcguire, Harrington and Walker"
1640,Jeffery,Terry,whitejason@example.net,Curator,Velazquez Ltd
1641,Eric,Bauer,vegarichard@example.org,Product designer,Anderson-Campbell
1642,Cynthia,Campbell,kristahayes@example.com,Mudlogger,"Anderson, Tran and White"
1643,Peter,Wallace,cody03@example.com,Chemical engineer,Marquez and Sons
1644,Kathleen,Montoya,jerome12@example.net,Geophysical data processor,Walton Inc
1645,Judy,Matthews,xcraig@example.org,Health and safety inspector,Woods-Hunter
1646,Bethany,Lewis,martinmargaret@example.com,"Teacher, special educational needs","Hess, Johnson and Martin"
1647,James,Jones,larryjohnson@example.net,Chartered loss adjuster,Wilson Ltd
1648,Deborah,Brown,lisa01@example.net,"Teacher, music",Henderson-Porter
1649,Kelsey,Richards,jeffrey20@example.net,Scientific laboratory technician,White LLC
1650,Carrie,Vargas,fortiz@example.com,Tax inspector,Adkins Inc
1651,Savannah,Madden,aparsons@example.net,"Civil engineer, contracting",Lopez and Sons
1652,Victoria,Davis,karinaanderson@example.net,Fish farm manager,Harrison-Marshall
1653,Stephanie,Gregory,longjasmin@example.net,Editorial assistant,Johnson-Campbell
1654,Alexander,Ford,jacob09@example.com,"Therapist, art",Ray-Lewis
1655,Daniel,Franco,ythompson@example.com,Secondary school teacher,Guerra and Sons
1656,Heather,Erickson,heatherarmstrong@example.net,Software engineer,Davila and Sons
1657,Carol,Alvarez,bmiller@example.com,Gaffer,Vasquez Ltd
1658,Beth,Li,peter66@example.org,Museum/gallery curator,"Hodges, Hamilton and Mcdonald"
1659,Megan,Brown,adammyers@example.com,English as a second language teacher,Schmitt-Lynch
1660,Rebekah,Finley,lloydjill@example.org,Pension scheme manager,"Washington, Murray and Jones"
1661,Katrina,Chang,nramsey@example.net,Data scientist,Le Group
1662,Carly,Stewart,georgedean@example.net,Software engineer,Smith-Ramirez
1663,Ashley,Frye,ithompson@example.org,"Journalist, magazine","Wu, Cook and Sanchez"
1664,Breanna,Brennan,debbie62@example.com,Site engineer,Hayes-Humphrey
1665,Bill,Brown,fergusonallison@example.com,"Editor, commissioning","Williams, Wilson and Boone"
1666,Christine,Brown,cathy53@example.org,Transport planner,Miller LLC
1667,Kathleen,Simpson,craig59@example.com,English as a second language teacher,Berg-Payne
1668,Paul,Williams,moorecalvin@example.com,Patent attorney,Spencer-Neal
1669,William,Macias,daniel24@example.com,Biomedical engineer,Hill-Jimenez
1670,Tonya,Jones,lisabarnett@example.net,Communications engineer,"Burton, Morton and Hawkins"
1671,Joseph,Gregory,smithlaura@example.com,Biomedical engineer,Taylor LLC
1672,John,Chen,cabreradaniel@example.com,"Engineer, civil (contracting)",Stafford-Norton
1673,Nicole,Allen,cindy30@example.net,Writer,"Jones, Williams and Manning"
1674,Michael,Morgan,hjohnson@example.org,Charity officer,Harrison-Williams
1675,Steven,Vega,blakesherry@example.org,Paramedic,Davis Inc
1676,Kelly,Scott,christophercantrell@example.net,Primary school teacher,Roy-Mann
1677,Angela,Small,lbrock@example.org,Metallurgist,Chang-West
1678,Dylan,Madden,englishpeter@example.org,Financial trader,Carrillo Group
1679,Emily,Cole,donaldgilbert@example.net,Warehouse manager,"Mendoza, Morse and Freeman"
1680,Patricia,Osborne,sgonzalez@example.org,Insurance broker,Butler Inc
1681,Victoria,Spears,brussell@example.org,"Designer, interior/spatial",Bryan-Diaz
1682,Lori,Adams,pgreen@example.org,Chiropodist,Conrad-Ray
1683,Courtney,Williams,myerscody@example.org,"Psychotherapist, child",Craig Inc
1684,Martha,Velasquez,margaretpark@example.org,Leisure centre manager,Campbell-Reed
1685,Ronald,Thomas,crawfordjocelyn@example.org,Broadcast presenter,Crosby-Ward
1686,Mariah,Lambert,angelarivera@example.org,Regulatory affairs officer,Yates-Stevens
1687,Matthew,Miller,amy51@example.net,Physiotherapist,Rodriguez and Sons
1688,Michael,Swanson,oespinoza@example.com,"Teacher, primary school",Simmons-Bryant
1689,Christopher,Thomas,nicolegraham@example.com,Catering manager,"Harrison, Rodriguez and Rodriguez"
1690,Melissa,Gentry,valerie15@example.com,Fisheries officer,Mcmahon-Scott
1691,Richard,Nelson,ashley50@example.org,Exhibition designer,Montes LLC
1692,Ryan,Lane,hgonzales@example.org,Personal assistant,"Pennington, Smith and Marks"
1693,Michelle,Lewis,dorothy59@example.com,IT consultant,"Collins, Nguyen and Porter"
1694,Kimberly,Garrett,tdaniels@example.com,Naval architect,Ellis-Lopez
1695,Erica,Christian,jjohnson@example.com,"Scientist, forensic",Mcdowell-Carson
1696,Christopher,Martinez,lisa26@example.net,Civil Service fast streamer,Torres PLC
1697,Kyle,Brandt,martinezjohn@example.org,English as a foreign language teacher,Craig Inc
1698,Virginia,Wells,scotthernandez@example.net,Chemical engineer,Kim-Schmidt
1699,Christopher,Moore,wmorrow@example.org,IT consultant,Smith-Hill
1700,Vickie,Coffey,chris72@example.org,"Horticulturist, amenity",Glenn-Williams
1701,Debra,Newton,carrollkatherine@example.org,"Engineer, energy","Jensen, Cruz and Gross"
1702,Joel,Suarez,kwilson@example.com,"Lecturer, higher education",Arias and Sons
1703,Robert,Brown,crosales@example.net,"Engineer, maintenance",Day and Sons
1704,Chris,Miller,tmarks@example.org,Geophysicist/field seismologist,"Henderson, Frey and Perez"
1705,Katie,Mueller,mstevens@example.org,Agricultural consultant,Wilson Ltd
1706,Rickey,Mitchell,cwilliams@example.net,Best boy,Boone-Allen
1707,Matthew,Wood,williamthomas@example.net,Health promotion specialist,Richards-Evans
1708,Edward,Mitchell,brian73@example.net,"Psychotherapist, child",Cabrera Inc
1709,Christina,Taylor,james09@example.net,"Surveyor, building",Lewis-Jacobson
1710,Emily,Mitchell,turnermargaret@example.net,"Editor, commissioning","Edwards, Smith and Stafford"
1711,Jared,Walton,donaldhernandez@example.org,Food technologist,Schaefer-Austin
1712,Duane,King,billyschwartz@example.net,Youth worker,Smith PLC
1713,Dale,Reid,gregory88@example.com,Hydrogeologist,"Turner, Sanders and Smith"
1714,Vicki,Miller,lellison@example.com,Museum/gallery exhibitions officer,Gray-Frost
1715,Anthony,Guzman,keyrachel@example.net,Commercial/residential surveyor,Allen Ltd
1716,Cynthia,Williams,fward@example.com,"Exhibitions officer, museum/gallery",Johnson-Green
1717,Adam,Booth,frazierronald@example.net,"Teacher, English as a foreign language","Sandoval, Ryan and Velasquez"
1718,Garrett,Clements,crussell@example.net,"Teacher, primary school","Vaughn, Smith and Ford"
1719,Richard,Bryant,kayla90@example.net,Water engineer,Giles PLC
1720,Diana,Hall,emily13@example.org,Podiatrist,Porter-Aguirre
1721,Dawn,Smith,iwood@example.net,Human resources officer,Maxwell Inc
1722,Ellen,Smith,brittany12@example.net,"Programmer, applications","Kelley, House and Gonzales"
1723,Cory,Johnson,jacobdixon@example.com,Interior and spatial designer,Jimenez-Pittman
1724,Cheyenne,Kirk,martinalan@example.com,"Editor, commissioning",Jenkins-Lopez
1725,Adam,Holden,codyjohnson@example.net,Emergency planning/management officer,"Howard, Jackson and Clark"
1726,Lisa,Duffy,robertorr@example.com,Heritage manager,Tyler-Cruz
1727,Jasmine,Sanchez,yphelps@example.com,Best boy,"Crawford, Franklin and Fowler"
1728,Aaron,Harris,hannah38@example.com,Ceramics designer,Choi LLC
1729,Jennifer,Fletcher,jackjarvis@example.org,Medical secretary,Patel LLC
1730,Ralph,Terry,qmcdonald@example.com,Equities trader,Stewart-Marshall
1731,Kenneth,Thomas,sgoodman@example.org,Senior tax professional/tax inspector,Galloway Inc
1732,Douglas,Patterson,nrose@example.com,Environmental health practitioner,Benson and Sons
1733,Amy,Rhodes,lindsaycook@example.net,Retail merchandiser,Chapman Inc
1734,Sara,Dominguez,edrake@example.net,"Investment banker, operational",Burton Group
1735,Nicole,Powell,lopezdonna@example.org,Product designer,Collins and Sons
1736,Teresa,Santos,castrojennifer@example.org,Social researcher,Cunningham-Owens
1737,Mark,Bond,sharonmorrison@example.net,Further education lecturer,Ward-Smith
1738,Crystal,Madden,hendersonadam@example.org,Clothing/textile technologist,Phillips LLC
1739,Julie,Sanchez,julie35@example.org,Probation officer,"Smith, Bender and Meyers"
1740,Luis,Smith,dwhitney@example.org,Training and development officer,"Brown, Glover and Bennett"
1741,Casey,Sweeney,donna72@example.com,Insurance underwriter,Huynh PLC
1742,Pamela,Salinas,ykennedy@example.com,Dentist,Doyle LLC
1743,William,Lee,michaelmeyer@example.net,Osteopath,"Lopez, Fisher and Ray"
1744,Amanda,Mann,lturner@example.net,Chartered accountant,"Gutierrez, Peterson and Mason"
1745,Brian,Grant,jonesraven@example.com,Futures trader,White-Gray
1746,Nina,Alexander,deborahbennett@example.org,Magazine features editor,"Nielsen, Smith and Lambert"
1747,Allison,Moreno,joanneporter@example.net,"Engineer, structural",Williams Inc
1748,Troy,Davis,carsonderrick@example.com,IT consultant,"Jones, Walters and Fernandez"
1749,Brittany,Martin,susan68@example.com,"Restaurant manager, fast food",Santiago Ltd
1750,Hannah,Peterson,broberts@example.com,"Clinical scientist, histocompatibility and immunogenetics","Lee, Brown and Mcintosh"
1751,Mark,Holloway,madelinesmith@example.net,"Surveyor, planning and development",Lewis-Miller
1752,Angela,Adams,donna50@example.com,Marketing executive,Douglas and Sons
1753,Scott,Rodriguez,lisasmith@example.net,Hydrographic surveyor,Brown-Clark
1754,Kiara,Rhodes,mezajuan@example.com,Clinical embryologist,Mills-Jackson
1755,Mark,Ellis,latoyamitchell@example.org,Proofreader,Webb-Cantu
1756,Anna,Peterson,greenkaren@example.net,Patent examiner,Holmes-Davis
1757,Shawn,Brown,quinnlaura@example.com,Meteorologist,"Turner, Newton and Robles"
1758,Jacob,Santiago,epark@example.org,Psychiatrist,Bradley-Fuller
1759,Alicia,Robinson,rparsons@example.com,Food technologist,Smith Group
1760,Matthew,Harrington,tpollard@example.net,"Designer, fashion/clothing",Hickman-Ramirez
1761,Samantha,Simpson,kristenyoung@example.net,Dentist,"Fernandez, Potts and Mckinney"
1762,Joshua,Martinez,brianroberts@example.net,Research scientist (physical sciences),Mejia-Wilson
1763,Nicholas,Gaines,jonesdavid@example.net,Chief of Staff,Hull-Williams
1764,Jason,Woods,jesus16@example.org,Art therapist,Ortiz-Williams
1765,Gwendolyn,Lewis,douglasstewart@example.com,Photographer,"Rodriguez, Robertson and Riggs"
1766,Edward,Dickerson,veronica04@example.org,"Engineer, site",Johnson-Hancock
1767,Hector,Lopez,brendawelch@example.com,Horticultural therapist,Hopkins Ltd
1768,Anthony,Hale,xshepherd@example.net,Hospital doctor,Martin LLC
1769,Christopher,Lewis,mullinslee@example.net,Chartered public finance accountant,"Lawson, Smith and Johnston"
1770,Randy,Combs,laurieshannon@example.net,"Lecturer, higher education",Brooks Group
1771,Kristin,Barnes,anthonytaylor@example.net,Housing manager/officer,White Group
1772,Kyle,Rush,jesse66@example.net,Hospital doctor,Knight-Hopkins
1773,Maria,Mann,crystal25@example.com,Technical brewer,Davis-Anderson
1774,Jamie,Rodriguez,kimberly59@example.org,"Scientist, forensic","Tran, Allen and Pierce"
1775,Shannon,Spencer,wallacemeagan@example.org,"Solicitor, Scotland","Brown, Mata and Cruz"
1776,Jason,Carrillo,gary82@example.com,Artist,"Jackson, Frank and Roy"
1777,Shelby,Harmon,feliciawaters@example.net,Clinical biochemist,Sloan-Phillips
1778,Michael,Harris,rodriguezmichael@example.net,"Surveyor, building control",Davis Inc
1779,Christina,Williams,katelyn52@example.org,"Lecturer, further education",Short Inc
1780,Colleen,Rodgers,vreed@example.com,Make,"King, Wilson and Espinoza"
1781,Yolanda,Graham,lorihayes@example.com,Technical author,Meyers-Barrett
1782,Mark,Delacruz,barkerstephen@example.com,Advertising art director,Turner PLC
1783,Gerald,Garcia,brownjonathan@example.com,Chief Technology Officer,Torres-Benson
1784,Karen,Norris,bethanyscott@example.com,Ambulance person,Hayes Group
1785,Ronald,Sanchez,drichardson@example.net,Special effects artist,Owens-Boyle
1786,Christina,Harrison,parkererin@example.net,Camera operator,"Douglas, Phillips and Valenzuela"
1787,Angelica,Osborne,hickskimberly@example.org,"Designer, ceramics/pottery",Liu-Parsons
1788,Kyle,Hunter,hbrown@example.net,Telecommunications researcher,Murphy-West
1789,Christopher,Davis,shannondavis@example.org,"Production assistant, television",Schroeder-Schwartz
1790,Mark,Rogers,wclarke@example.net,Geoscientist,Owens-Jenkins
1791,Shawn,Ryan,lhoward@example.org,Commercial art gallery manager,Wade Group
1792,Angela,Coleman,callen@example.net,Advertising copywriter,Summers-Ware
1793,William,Berry,mcclainmark@example.com,Telecommunications researcher,Gates-Walker
1794,Eric,Martin,qware@example.com,"Clinical scientist, histocompatibility and immunogenetics","Jackson, Lawson and Romero"
1795,April,Frost,christopher28@example.org,Environmental education officer,Smith Inc
1796,Danielle,Lawrence,glennhart@example.net,Best boy,Odonnell Ltd
1797,Breanna,Ford,daniel90@example.net,Catering manager,Lee-Francis
1798,Ellen,Martin,sheltonbrittany@example.org,Architectural technologist,Stevens and Sons
1799,Billy,Gould,marclarsen@example.com,Arts development officer,Joyce LLC
1800,Courtney,Armstrong,wwilliams@example.com,Travel agency manager,Cain and Sons
1801,Rhonda,Erickson,bryantamanda@example.org,"Engineer, building services",Atkins-Johnson
1802,Marc,Williams,rebecca75@example.org,Contracting civil engineer,Kelly Group
1803,Nicholas,Payne,qtravis@example.com,Production manager,Murphy-Mcmillan
1804,Thomas,Johnson,justin31@example.com,"Physicist, medical",Li-Garcia
1805,Russell,Sullivan,xhood@example.com,Private music teacher,"Ashley, Anderson and Vance"
1806,Kevin,Brown,vritter@example.com,Games developer,"Gonzalez, Curry and Burch"
1807,Shawn,Scott,kimberlyrodriguez@example.net,Careers adviser,"Myers, Krueger and Johnson"
1808,Kristin,Williams,rwilliams@example.org,Environmental health practitioner,Foster Ltd
1809,John,Schneider,alexisho@example.org,Intelligence analyst,Yang-Stevens
1810,Marc,Rivera,woodjerry@example.org,"Research officer, government",Davis-Whitney
1811,Aaron,Williams,renee32@example.org,"Nurse, children's",Osborn-Howard
1812,Elizabeth,Simpson,testrada@example.net,Medical technical officer,"Holden, Johnson and Fernandez"
1813,Amber,Jacobs,kimberly57@example.net,Field trials officer,Wilson and Sons
1814,Peter,Reyes,john27@example.com,Manufacturing engineer,"Lopez, Howell and Green"
1815,Nathan,Castro,jesusduncan@example.net,Commercial horticulturist,Wilson Group
1816,Kevin,Beasley,sara94@example.net,Water quality scientist,"Williams, Love and Murphy"
1817,Emily,Peterson,todd38@example.org,"Designer, furniture",Thompson-Austin
1818,Rachel,Fernandez,aguilarjennifer@example.org,"Biochemist, clinical",Jensen-Hopkins
1819,Danielle,Alexander,jeffreylopez@example.com,Production engineer,Smith PLC
1820,Jennifer,Jensen,danielturner@example.com,Network engineer,"Salinas, Ward and Bishop"
1821,William,Blankenship,reedsarah@example.net,Farm manager,"Pratt, Keller and Holland"
1822,Jason,Shields,contrerasdebra@example.org,Printmaker,"Gray, Mccormick and Brown"
1823,Sherry,Savage,kramerjoy@example.net,Audiological scientist,Marsh PLC
1824,Mark,Torres,ulopez@example.com,"Engineer, manufacturing systems",Calhoun Inc
1825,Jennifer,Camacho,stephen99@example.com,Ranger/warden,"Wilson, Hatfield and Palmer"
1826,Joseph,Parks,burnsglen@example.com,Museum/gallery exhibitions officer,"Parker, Walsh and Kennedy"
1827,Kelly,Gonzalez,smithkaren@example.com,"Sound technician, broadcasting/film/video","Sampson, Valentine and Torres"
1828,George,Wright,robert97@example.net,Planning and development surveyor,Bonilla-Hernandez
1829,Kim,Sanchez,qscott@example.net,"Therapist, occupational",Woodard-Cox
1830,Cory,Houston,adriennechapman@example.net,Water quality scientist,Donovan-Sanders
1831,Elizabeth,Garcia,ebonychen@example.net,"Scientist, research (maths)",Fisher Ltd
1832,Michael,Morales,apriljackson@example.org,"Administrator, arts",Ray Inc
1833,Laura,Mclean,tgamble@example.net,"Engineer, broadcasting (operations)","Jackson, Stewart and Martin"
1834,Caroline,Carr,susanmartinez@example.com,Farm manager,Perez Ltd
1835,Yvonne,Beard,davidmartin@example.net,"Teacher, special educational needs",Hall Group
1836,Charles,Miller,daniel79@example.net,Educational psychologist,Patterson Inc
1837,Natalie,Brock,johnsonelizabeth@example.net,Environmental health practitioner,"Daniels, Martinez and Klein"
1838,Samuel,Rodriguez,joshua83@example.com,Microbiologist,Matthews Inc
1839,Gabriel,Herrera,teresa70@example.com,Health service manager,Velasquez Group
1840,Eric,Stephens,laura58@example.org,Armed forces training and education officer,Shea-Glass
1841,Daniel,Robinson,alvarezmelissa@example.net,Ecologist,Ruiz-Sims
1842,Brianna,Harris,lhudson@example.org,Scientific laboratory technician,Reese-Wallace
1843,Donald,Tapia,yoderthomas@example.org,Print production planner,Gomez-Grant
1844,Jeff,Hobbs,fmendoza@example.com,Administrator,"Cook, Daniels and Giles"
1845,Brandon,Daniels,fsmith@example.com,"Radiographer, diagnostic",French-Brown
1846,Lee,Jackson,dlee@example.com,Fish farm manager,"Rivers, Ruiz and Smith"
1847,Nichole,Rios,kelly49@example.org,"Copywriter, advertising",Wilson-Farmer
1848,Sean,Melton,davisthomas@example.com,Sports coach,"Hammond, Bailey and Fitzgerald"
1849,Lauren,Dixon,johnsoncory@example.org,Futures trader,"Smith, Lee and Austin"
1850,Shannon,Keller,jason86@example.net,Learning mentor,Colon-Nguyen
1851,Matthew,Johnson,xhall@example.net,Financial adviser,Marshall Ltd
1852,Patrick,Carter,matthewsavage@example.org,"Engineer, building services",Edwards Inc
1853,Jennifer,Stone,amyrobinson@example.org,"Psychologist, prison and probation services","Johnson, Tran and Banks"
1854,Mary,Leach,mmerritt@example.com,Biomedical scientist,Church Ltd
1855,Christina,Aguilar,vgross@example.org,Publishing copy,Richardson Inc
1856,Danielle,Martinez,williamssamantha@example.net,Magazine features editor,Johnson-Guzman
1857,Jeremy,Perkins,uhuff@example.com,Immigration officer,"Brock, Reese and Johnson"
1858,Samuel,Edwards,cisnerosjack@example.org,Air traffic controller,"Smith, Perry and Welch"
1859,Justin,Carroll,jennifer34@example.com,"Engineer, chemical",Cain-Miller
1860,Nicole,Fleming,turnertroy@example.net,Herbalist,Johnson-Williams
1861,Lori,Burns,elijah19@example.org,"Designer, ceramics/pottery",Sweeney Inc
1862,Kristopher,Carter,joseph92@example.org,Financial controller,Brown-Schroeder
1863,Elijah,Lawrence,jordanbarry@example.org,Investment analyst,Morris LLC
1864,James,Gordon,kevin96@example.com,Pathologist,"Schmidt, Mcintyre and Hernandez"
1865,Robert,Payne,christopher06@example.com,Herpetologist,Sullivan-Lam
1866,David,Cunningham,frostmarilyn@example.org,Cytogeneticist,"Sharp, Williams and Stevens"
1867,Alicia,Brown,kingtodd@example.com,"Librarian, public",Bass-Harris
1868,Anthony,Robbins,webbjeffery@example.org,Press sub,Welch Group
1869,Carrie,Joseph,andrewoneal@example.net,"Sound technician, broadcasting/film/video",Villegas-Hale
1870,Kimberly,Reid,maryshepherd@example.org,Charity officer,Jones LLC
1871,David,Winters,james76@example.com,"Biochemist, clinical",Gray-Todd
1872,Crystal,Foster,madelineclayton@example.com,"Secretary, company",Alexander-Meyer
1873,David,Wade,obaker@example.org,Podiatrist,Washington-Wells
1874,John,Paul,olsonrobert@example.org,Patent examiner,"Thompson, Brown and Pearson"
1875,Renee,Shelton,zwood@example.net,Herbalist,Williams-Mitchell
1876,Joseph,Wilson,jason95@example.org,Operational researcher,Rivera-Rodriguez
1877,Susan,Martin,lucas10@example.org,"Programme researcher, broadcasting/film/video",Moran Group
1878,Martin,Lewis,espinozanicole@example.org,Community education officer,Harrington Inc
1879,Christina,Nelson,gardnereric@example.org,Charity fundraiser,Hunter-Brown
1880,Sue,Leach,pjones@example.com,"Restaurant manager, fast food",Thompson Group
1881,Jason,Allen,jennifer53@example.net,Probation officer,Ball-Combs
1882,Robert,Allen,pinedajessica@example.org,Geophysical data processor,Jackson Inc
1883,Paul,Collins,ramirezricky@example.com,Adult nurse,Miller Inc
1884,Cynthia,Schmitt,jonathan28@example.com,Research scientist (life sciences),Sawyer-West
1885,Kevin,Evans,parknicholas@example.org,"Development worker, international aid",Soto-Myers
1886,Daniel,Rivera,karenscott@example.com,Learning mentor,Robinson-Cook
1887,Hannah,Diaz,jason03@example.net,Consulting civil engineer,Dixon Group
1888,Johnathan,Hanson,shernandez@example.com,"Librarian, academic","York, Anderson and Edwards"
1889,Michael,Preston,bruceatkins@example.com,"Accountant, chartered public finance",Middleton-Horton
1890,Brian,Davis,wjohnson@example.org,Planning and development surveyor,Gomez-Williamson
1891,Tiffany,Adams,smithcharles@example.net,"Research officer, trade union","Richards, Campbell and Freeman"
1892,Carolyn,Anderson,laurarichardson@example.net,Scientific laboratory technician,Reyes Group
1893,Charlene,Mullins,brenda84@example.org,"Lecturer, further education",Hernandez and Sons
1894,Kelly,Gonzales,daniellenielsen@example.org,Broadcast presenter,Hall-Wilkinson
1895,Shelly,Bailey,kylemorris@example.net,"Administrator, sports",Wright-Hendrix
1896,Tanya,Mclaughlin,john69@example.com,Technical sales engineer,House-Johnson
1897,Veronica,Marshall,thomas88@example.org,Hydrogeologist,"Wolf, Green and Martinez"
1898,Anna,Nguyen,james58@example.com,"Engineer, drilling",Morales-Murray
1899,Brandon,Williams,shepherdjason@example.net,Mental health nurse,Castillo Inc
1900,Richard,Cortez,ostewart@example.com,Amenity horticulturist,Hubbard-Hamilton
1901,Katherine,Snyder,cassandrasmith@example.org,Trading standards officer,"Wells, Miller and Douglas"
1902,Donna,Mayer,vcox@example.org,Energy manager,Lopez LLC
1903,Misty,Zavala,michelle22@example.net,Occupational psychologist,Hall-Abbott
1904,Elizabeth,Humphrey,vsanders@example.com,Fine artist,Morgan Ltd
1905,Michelle,Wilson,qharris@example.net,Risk analyst,"Zuniga, Jones and Mays"
1906,James,Mitchell,karencampbell@example.com,Social researcher,"Landry, Ball and King"
1907,Tammy,Lara,ktorres@example.com,Public house manager,Henderson-Key
1908,Julie,Small,russoearl@example.com,"Engineer, building services",Sheppard Ltd
1909,Christina,Miller,erose@example.org,"Engineer, communications",Sellers-Ramos
1910,Kathleen,Leonard,smithtina@example.org,Community pharmacist,"Alvarado, Green and Marsh"
1911,Robert,Dalton,yvalencia@example.net,Field trials officer,Charles PLC
1912,Denise,Cobb,jamiegray@example.com,Educational psychologist,"Stone, Bell and Martinez"
1913,Mark,Barnes,greg75@example.net,Therapeutic radiographer,Torres LLC
1914,Austin,Oconnor,deleonstephen@example.com,Restaurant manager,Robinson PLC
1915,Randall,Salinas,smithlisa@example.net,Early years teacher,Ortega Group
1916,Timothy,Cain,davery@example.com,Armed forces operational officer,Martinez Ltd
1917,Wayne,Sloan,jacqueline48@example.net,General practice doctor,"Lewis, Roberts and Cooper"
1918,Diana,Jones,smithsteven@example.org,Health and safety adviser,Henderson-Lyons
1919,Chelsea,Harris,dowens@example.net,"Biochemist, clinical",Jackson-Bowen
1920,Nancy,Richard,zrobertson@example.net,Television production assistant,"Hughes, Hancock and Miller"
1921,Miranda,Smith,garciavickie@example.com,Science writer,Smith-White
1922,Christina,Bradley,noaharmstrong@example.org,Air traffic controller,"Jones, Webb and Walker"
1923,Tamara,Melton,fgibson@example.net,Bonds trader,Grimes Inc
1924,Mary,Lopez,christophergarcia@example.com,Building surveyor,"Jones, Hanson and Cruz"
1925,Jeffrey,Reyes,tlynch@example.com,Petroleum engineer,"Jackson, Mitchell and Anderson"
1926,Amanda,Lewis,lobrien@example.com,Public relations officer,Sutton and Sons
1927,April,Drake,turnersara@example.net,Recruitment consultant,Little Inc
1928,Jose,Hall,andersonkenneth@example.org,"Designer, interior/spatial",Lewis LLC
1929,Jared,Shaw,mmurray@example.org,Applications developer,Woodard-Dunn
1930,Gary,Smith,vegastefanie@example.com,"Scientist, product/process development",Guerra LLC
1931,Bob,Irwin,chase40@example.com,Insurance underwriter,"Kennedy, Lopez and Medina"
1932,Paul,Brown,cannonjohn@example.com,Theatre stage manager,"Watkins, Taylor and Jennings"
1933,Ashley,Wilson,singhwilliam@example.com,Financial adviser,Lewis-Hamilton
1934,Sharon,Cummings,michaelgarza@example.org,"Pharmacist, community",Moore-Roberts
1935,Morgan,Miles,whiteamber@example.org,"Engineer, agricultural",Davis-Allen
1936,Logan,Berger,courtney67@example.net,Actor,Rhodes-Mcgee
1937,Danielle,Allen,teresasoto@example.org,Volunteer coordinator,Johnson-Silva
1938,Joshua,Porter,nsmith@example.com,Clinical biochemist,"King, Ray and Munoz"
1939,Laura,Burns,paul73@example.com,Petroleum engineer,"Ryan, Rogers and Bailey"
1940,Raymond,Snyder,ksmith@example.org,"Nurse, adult","Ryan, Ray and Harrison"
1941,Anita,Sharp,gloverchelsea@example.org,Phytotherapist,Snow PLC
1942,Alison,Rojas,richard39@example.org,Biomedical engineer,"Becker, Jensen and Owens"
1943,James,Mendoza,joseph81@example.net,"Designer, graphic","Rivas, Smith and Phillips"
1944,Jamie,Pennington,ydaniels@example.com,Set designer,Newman and Sons
1945,Anna,Hoover,smithsteven@example.org,Volunteer coordinator,"Bennett, Stephenson and Cabrera"
1946,Stephen,Giles,jennamiller@example.net,Database administrator,Lloyd-Hess
1947,Travis,Wood,lawrencejonathan@example.com,Quantity surveyor,Moore Inc
1948,Kevin,Silva,shepherdlisa@example.org,"Designer, fashion/clothing","Walter, Montoya and Bennett"
1949,Alexa,Tucker,jimenezbryan@example.com,Records manager,Holland-Martinez
1950,Brianna,Mcbride,brooke15@example.net,Ranger/warden,Walters-Scott
1951,Cody,Bowman,brian25@example.org,IT trainer,Carroll PLC
1952,Laura,Thomas,brookekhan@example.org,Clinical molecular geneticist,Wilson-Thomas
1953,Ashley,Harris,floresmatthew@example.com,"Engineer, chemical","Christensen, Warner and Hughes"
1954,Angela,Johnson,andrea17@example.com,Bonds trader,Vaughn-Garcia
1955,Christina,Rose,smithcarmen@example.com,"Scientist, audiological",Day Group
1956,Christopher,Hawkins,kfowler@example.org,Scientific laboratory technician,"Gardner, Nelson and Miller"
1957,Nicole,Jones,christopher62@example.net,Midwife,"Young, Hall and Saunders"
1958,Anthony,Cooke,mwarren@example.com,"Education officer, environmental",Walter LLC
1959,Teresa,Rollins,ntaylor@example.com,"Buyer, industrial","Stewart, Newton and Lopez"
1960,Rebecca,Peterson,carsonlaura@example.com,Illustrator,"Campbell, Walton and Taylor"
1961,Christopher,Washington,gsanchez@example.org,Geophysical data processor,"Velazquez, Woods and Smith"
1962,Teresa,Lyons,ubrooks@example.net,"Administrator, sports",Carter-Miller
1963,Kristen,Smith,asanchez@example.org,Jewellery designer,"Simmons, Hughes and Benitez"
1964,Antonio,Taylor,warnerdana@example.org,Fish farm manager,"Smith, Smith and Roach"
1965,Brent,Carr,robertolson@example.net,Patent examiner,Giles Group
1966,Randy,Webster,emily66@example.org,"Engineer, electronics","Mendoza, Rice and Thomas"
1967,Kendra,Rich,ocruz@example.com,Television production assistant,Alvarez-Pham
1968,Jack,Gibson,xwilliams@example.org,Sports administrator,Bowman Group
1969,Abigail,Thompson,rachelrodriguez@example.com,Musician,Baker-Russell
1970,Arthur,Herrera,katelyn70@example.net,Curator,"Bennett, Parsons and Villegas"
1971,Jason,Lloyd,garnermelissa@example.com,Dramatherapist,Jacobson LLC
1972,Marc,Mcmahon,roserobert@example.org,Chartered certified accountant,"Rodriguez, Moore and Good"
1973,Russell,Lee,brownjason@example.org,Retail merchandiser,"Martin, Ramirez and Spears"
1974,Corey,Lewis,cassidyhines@example.org,Aeronautical engineer,Washington PLC
1975,Sherry,Holt,chloeatkins@example.net,"Surveyor, rural practice",Turner-Alvarez
1976,Anthony,Fields,jesus21@example.org,Herbalist,King Ltd
1977,Kristina,Butler,mcneilemily@example.com,Recycling officer,Bennett LLC
1978,Scott,Frey,ffuller@example.org,"Geologist, engineering","Clark, Bradford and Mahoney"
1979,Matthew,Brown,biancaperez@example.com,"Designer, ceramics/pottery","Gallegos, Gray and Madden"
1980,Michael,Turner,kaylarose@example.com,Public relations officer,"Curtis, Hunt and Stanton"
1981,Sherri,Allen,flemingmichael@example.net,"Designer, blown glass/stained glass",Key Inc
1982,Mary,Anderson,christopher23@example.net,"Designer, blown glass/stained glass",Logan-Casey
1983,Stephanie,Costa,smithdanny@example.org,Control and instrumentation engineer,Morrison-Lewis
1984,Jacqueline,Williams,joshua42@example.org,Garment/textile technologist,Dunn LLC
1985,Gilbert,Matthews,daviscorey@example.net,Catering manager,Moore-Marshall
1986,Christopher,Foster,charles21@example.net,Human resources officer,Walters-Williams
1987,Gary,Carr,andrewsemily@example.com,"Psychologist, clinical","Allen, Bell and Bailey"
1988,Kathy,Williams,baldwindarrell@example.com,Public relations officer,Nelson-Moore
1989,Donald,Russell,jeffreymiller@example.com,Tax adviser,"Taylor, Johnston and Brown"
1990,Faith,Mills,petersjennifer@example.com,"Production designer, theatre/television/film",Hart-Knapp
1991,Patricia,Schmidt,jamesmckinney@example.net,Special educational needs teacher,"Johnson, Moore and Russell"
1992,Nathaniel,Lawrence,murphykathleen@example.org,Garment/textile technologist,Rodriguez-Jones
1993,Kaitlin,Holmes,trevinotaylor@example.net,"Development worker, community","Chapman, Anderson and Jimenez"
1994,Linda,Thompson,jamesbarnes@example.com,Publishing copy,Martin-Moore
1995,Cameron,Chavez,amber60@example.org,Horticultural consultant,Jefferson-Hill
1996,Melissa,Madden,jennygilbert@example.org,Audiological scientist,Dixon-Zuniga
1997,Dwayne,Rivas,hallaustin@example.net,Retail buyer,Martinez-Hendrix
1998,Kevin,Williams,wesley39@example.net,Interpreter,Stevenson-Townsend
1999,Dennis,Cline,christopherwilliams@example.com,Research scientist (physical sciences),Herrera Inc
2000,Felicia,Romero,henrybrandi@example.com,"Investment banker, corporate","Sanders, Jones and Ray"
2001,Melinda,Hawkins,nsanchez@example.org,Art therapist,Pollard Group
2002,Maurice,Reese,amy10@example.org,Animator,Kennedy Ltd
2003,Steve,Watts,mvalencia@example.com,"Biochemist, clinical",Adkins-Cunningham
2004,Jamie,Ferrell,yclay@example.org,Air broker,Lutz Group
2005,Mariah,Barrett,burchelizabeth@example.net,Veterinary surgeon,White-Cannon
2006,Craig,Gordon,michaelgreen@example.com,"Engineer, electronics",Hess PLC
2007,Joshua,Hall,melissa98@example.net,Structural engineer,Dunn Inc
2008,Mark,Mcguire,justinwarren@example.org,Petroleum engineer,"Osborne, Martinez and Mcgee"
2009,Evan,Yu,leejohns@example.com,"Administrator, arts","Cardenas, Terrell and Peck"
2010,Steven,Barber,carteranthony@example.net,"Accountant, chartered public finance",Mejia-Dyer
2011,Stephanie,Sims,nortonyesenia@example.net,"Scientist, water quality",White PLC
2012,Keith,Coleman,rhondagarcia@example.net,"Investment banker, operational","Lambert, Gardner and Williams"
2013,Carol,Rasmussen,yhamilton@example.com,Health physicist,"Miranda, Cook and Stafford"
2014,Steven,Sawyer,dparker@example.org,Regulatory affairs officer,"Bowen, Jackson and Miller"
2015,Elizabeth,Roberts,douglasbrian@example.net,Food technologist,"Nelson, Nunez and Lee"
2016,Mark,Keller,tranmichael@example.org,"Therapist, art",Miller LLC
2017,Samantha,Allen,janetturner@example.net,Electrical engineer,Brown-Bailey
2018,Tracy,Rangel,anthony58@example.org,Financial adviser,Arnold Ltd
2019,Laura,Fitzpatrick,sherrykane@example.org,Futures trader,Stewart LLC
2020,Robert,Smith,xcampbell@example.net,Astronomer,"Collins, Jones and Smith"
2021,Tammy,Cochran,ewise@example.org,Materials engineer,"Miller, Flores and Stout"
2022,Leslie,Bender,adillon@example.com,Materials engineer,Jackson-Lucero
2023,Beth,Huffman,donnaadkins@example.net,Armed forces logistics/support/administrative officer,Brown Inc
2024,Travis,Snow,oramirez@example.com,"Scientist, audiological",Flores Ltd
2025,Douglas,Edwards,michael37@example.net,International aid/development worker,Vazquez-Ryan
2026,Lindsey,Moore,sharon50@example.org,Arboriculturist,"French, Cordova and Russell"
2027,Joshua,Snyder,deborah91@example.org,Forensic psychologist,Miller Group
2028,Brian,Henderson,evan32@example.org,Photographer,"Moran, Jordan and Garza"
2029,William,Hill,lcalderon@example.net,Software engineer,Gonzalez-Kelly
2030,Brittany,Shaw,cynthiajohnson@example.org,"Surveyor, hydrographic",Scott-Kelley
2031,Leah,Gonzales,bergerjacqueline@example.org,Medical secretary,Collins and Sons
2032,Stephen,Logan,amanda81@example.org,Occupational hygienist,"Campbell, Jones and Mullins"
2033,Elizabeth,Rivera,syoung@example.com,Hospital pharmacist,Thompson-Parker
2034,Darrell,Rodriguez,rodney15@example.com,Geoscientist,"Stewart, Armstrong and Simon"
2035,Gregory,Torres,hhenry@example.org,"Exhibitions officer, museum/gallery",Ramos PLC
2036,Scott,Thomas,evan10@example.org,Lobbyist,Golden LLC
2037,Morgan,Anderson,moodymaureen@example.org,Location manager,"Armstrong, Pace and Stone"
2038,Cynthia,Obrien,simmonsdavid@example.com,Nature conservation officer,"Garcia, House and Williams"
2039,Thomas,Ruiz,matthew14@example.com,"Therapist, speech and language","Humphrey, Sloan and White"
2040,Dennis,Decker,carla66@example.net,Press sub,Bailey-Castillo
2041,Joseph,Kaufman,fhenderson@example.com,Air traffic controller,Edwards and Sons
2042,Michael,Wilkinson,rollinscarl@example.org,"Nurse, learning disability",Archer-Mcbride
2043,Ricky,Phillips,cjackson@example.org,Petroleum engineer,"Clements, Price and Gonzalez"
2044,Christopher,Silva,tcrawford@example.com,Accommodation manager,"Medina, Harrison and Bell"
2045,Cheryl,Barry,samantha95@example.net,Civil Service fast streamer,Estrada-Murray
2046,Christina,Pena,adrianmckenzie@example.com,Planning and development surveyor,"Murphy, Mack and Nguyen"
2047,Travis,Vega,dgordon@example.net,"Designer, fashion/clothing","Russell, Roman and Allen"
2048,Christine,Lambert,randallmeyer@example.com,"Editor, magazine features","Chavez, Smith and Hayes"
2049,Madison,Bird,stronglaura@example.net,Commercial/residential surveyor,Long and Sons
2050,Nicholas,Hall,christopherhughes@example.org,"Radiographer, diagnostic","Lewis, Leonard and Smith"
2051,Teresa,Williamson,samuel28@example.net,Barrister's clerk,Nelson-Griffin
2052,Steven,Elliott,stevenbrown@example.net,"Social research officer, government","Marshall, Wiley and Smith"
2053,Jennifer,Williams,sheliaestes@example.net,Press photographer,Thomas Group
2054,Rebecca,Taylor,dickersonjames@example.org,Politician's assistant,Rodriguez-York
2055,Sally,Vargas,ashley90@example.net,Clinical embryologist,Warren PLC
2056,Heather,Mccoy,miranda61@example.net,Chartered certified accountant,Bailey and Sons
2057,Jason,Dunn,watkinsmarc@example.org,"Surveyor, minerals","Thompson, Walters and Smith"
2058,Kathy,Taylor,pcooper@example.net,Catering manager,Freeman-Lin
2059,Alexis,Smith,johnpugh@example.net,Investment analyst,Goodwin-Davis
2060,Matthew,Pittman,carterjohn@example.net,"Research officer, government",Jefferson Ltd
2061,Jeremiah,Watkins,cannonrobert@example.net,Structural engineer,Mack and Sons
2062,Timothy,Moyer,krystal56@example.org,Probation officer,Young-Mason
2063,Kevin,Ward,lisa78@example.org,"Producer, television/film/video",Reyes-Zimmerman
2064,Eric,Wong,denise72@example.com,Market researcher,Ingram and Sons
2065,Jennifer,Powell,keithbullock@example.com,"Engineer, land","Cannon, Elliott and Jones"
2066,Mary,White,vaguilar@example.org,Private music teacher,"Hebert, Williams and Garcia"
2067,Miranda,Nguyen,angela36@example.net,Prison officer,Young-Johnson
2068,Tina,Hayes,zmeyers@example.com,Associate Professor,Fernandez-White
2069,Matthew,Mason,margaret13@example.com,Human resources officer,Phillips-Poole
2070,Daniel,Howell,dramos@example.net,"Surveyor, building","Thompson, Golden and Nunez"
2071,Vanessa,Smith,juliecastillo@example.com,Arboriculturist,Moore Ltd
2072,Theresa,Wheeler,kaylalewis@example.com,Naval architect,Cooper and Sons
2073,Tina,Camacho,andrewhawkins@example.com,Marketing executive,Miller Ltd
2074,John,Ramos,monica54@example.org,Medical physicist,"Lowery, Arnold and Taylor"
2075,Carolyn,Lopez,cchan@example.com,"Designer, fashion/clothing",Burke Ltd
2076,Joshua,Dorsey,chelsea15@example.org,"Psychologist, forensic","Fisher, Cook and Patel"
2077,Desiree,Taylor,zachary14@example.net,"Editor, magazine features",Christensen Group
2078,Judy,Greene,timothycarter@example.org,Sales promotion account executive,Hall PLC
2079,Christina,Miller,markduncan@example.com,"Surveyor, planning and development","Griffin, Davis and Jones"
2080,Kimberly,Moore,bradleymills@example.org,International aid/development worker,Bennett LLC
2081,Keith,Jones,ucosta@example.com,Financial controller,Berry Ltd
2082,Robin,Thompson,hramirez@example.net,Television production assistant,Vincent and Sons
2083,Sarah,Lewis,hklein@example.net,Toxicologist,Smith-Mcdonald
2084,Patricia,Hall,tiffany12@example.com,Sports administrator,Davis Ltd
2085,Gregory,Guzman,john63@example.org,"Administrator, local government","Cain, Robinson and Mcmillan"
2086,Justin,Thomas,matthewschristina@example.org,"Designer, television/film set",Richards Group
2087,Brian,Young,jimmy61@example.net,Health service manager,Williams Group
2088,Gary,Bates,laurenreeves@example.com,Emergency planning/management officer,"Smith, Turner and Lopez"
2089,Christina,Barnett,michaelweaver@example.com,Occupational therapist,"Graham, Adams and Hernandez"
2090,Karen,Ward,marcus39@example.com,Retail buyer,"York, Webster and Weber"
2091,Kendra,Munoz,irobinson@example.net,"Surveyor, land/geomatics",Drake and Sons
2092,Michelle,Jones,elizabeth89@example.org,"Scientist, forensic","Hoffman, Bennett and Davis"
2093,Walter,Davis,bridgethensley@example.net,"Therapist, nutritional",Park-Mcdowell
2094,Joseph,Charles,mooreemily@example.org,Tax adviser,"Diaz, Wade and Campbell"
2095,Breanna,Hines,lewiskimberly@example.com,Copy,"Taylor, Lindsey and Phillips"
2096,Jamie,Sullivan,danderson@example.com,"Engineer, automotive",Green Group
2097,Matthew,Burke,paulmontoya@example.net,Insurance broker,Reynolds Inc
2098,Scott,Martinez,klawrence@example.net,Chief Executive Officer,Briggs-Marks
2099,Erica,Francis,kimberly13@example.net,Associate Professor,"Melton, Warren and Olson"
2100,Antonio,Gentry,dmartin@example.org,Research scientist (life sciences),Briggs-Weaver
2101,Paul,Brown,hopkinsjustin@example.net,Energy manager,Richard Ltd
2102,Christopher,Hawkins,elin@example.org,Hydrographic surveyor,"Wood, Guerrero and Brown"
2103,Heather,Bolton,larashawn@example.org,Air cabin crew,"Sullivan, Hernandez and Collier"
2104,Heather,Rios,pamela92@example.org,Fish farm manager,Crawford-Holmes
2105,Erika,Nixon,johnwilliams@example.org,Art gallery manager,"Morse, Jackson and Hood"
2106,Alexander,Wheeler,jmiller@example.net,"Social research officer, government",Stewart PLC
2107,Sarah,Allen,njohnson@example.com,Occupational hygienist,Chavez-Mason
2108,John,Thomas,debra86@example.net,Illustrator,Walls Group
2109,Tony,Davis,fmendoza@example.net,Dentist,Guerra Group
2110,Nicole,Perez,wilsonian@example.org,Psychiatric nurse,Barrett PLC
2111,Jill,Manning,ramoschase@example.org,"Engineer, electronics",Montgomery-Bauer
2112,Nathan,Lucas,aaron72@example.com,Politician's assistant,"Rogers, Wolfe and Hernandez"
2113,Jordan,Richardson,morganbobby@example.net,Barrister,"Black, Vega and Hinton"
2114,Aaron,Peterson,kjennings@example.net,Investment analyst,Greer-Krueger
2115,Kendra,Mendoza,kimberlyperry@example.net,Health and safety adviser,"Nguyen, Thompson and Johnson"
2116,Evan,Davis,priceadrian@example.org,"Designer, television/film set","Smith, Hamilton and Hernandez"
2117,Jennifer,Ortiz,joseph43@example.org,"Scientist, audiological",Waller Inc
2118,Gina,Tran,alexandrajenkins@example.net,Emergency planning/management officer,"Miles, Ray and Bradshaw"
2119,Christine,Torres,tstevens@example.org,"Teacher, secondary school",Warner-Jones
2120,Sarah,Perez,uclarke@example.com,"Investment banker, corporate",Smith-Dougherty
2121,Dennis,Pugh,hubbardangela@example.org,Counsellor,"Holt, Padilla and Dunn"
2122,Dominique,Holt,jacqueline31@example.net,"Journalist, broadcasting",Sanders Ltd
2123,Brian,Davis,benjamincooke@example.org,Public relations account executive,Hernandez-Braun
2124,John,Schneider,wrightadam@example.org,"Therapist, occupational",Turner and Sons
2125,Francis,Perry,rwelch@example.com,"Accountant, chartered",Hawkins-Valencia
2126,Bridget,Rogers,osantiago@example.com,Ship broker,Booker-Moore
2127,Brittany,Roberts,margaretcooke@example.com,Higher education careers adviser,Sullivan-Parsons
2128,Tami,Gray,adammoore@example.org,Landscape architect,Roberson and Sons
2129,James,Mercado,loganjennifer@example.org,Economist,"Smith, Briggs and Walton"
2130,Debra,Dean,johnsonjamie@example.net,"Editor, magazine features",Garcia and Sons
2131,Emily,Diaz,jamie32@example.com,Sports coach,"Gregory, White and Malone"
2132,Elizabeth,Weiss,cmiller@example.org,Dispensing optician,"Simpson, Frazier and Taylor"
2133,Elizabeth,Mccann,kylemarshall@example.net,"Administrator, local government","Atkinson, French and Lynch"
2134,Angel,Baldwin,kathrynshah@example.net,"Designer, fashion/clothing",Conner LLC
2135,Gina,Jones,nhansen@example.org,Cytogeneticist,Mendez-Wallace
2136,Jacob,Mcknight,tatelisa@example.com,"Designer, industrial/product",Kim-Roberts
2137,David,Blair,davidgraves@example.org,"Teacher, adult education",Jordan-Simmons
2138,Kathy,Vance,dominguezcasey@example.com,Seismic interpreter,Bell Ltd
2139,Laurie,Gordon,kelsey14@example.org,Research scientist (maths),Myers Inc
2140,Debbie,Walker,fletcherheidi@example.org,Manufacturing systems engineer,Bailey Ltd
2141,Michael,Green,david58@example.org,Paediatric nurse,"Thomas, Edwards and Wong"
2142,Jonathan,Rodriguez,amber41@example.com,Furniture designer,"Thomas, Lewis and Parker"
2143,Cristian,Flores,ytorres@example.org,Geophysical data processor,"Brown, Vazquez and Jackson"
2144,Stephen,Moore,paul18@example.net,Tourist information centre manager,"Campbell, Marquez and Gomez"
2145,Daniel,Thomas,morganalicia@example.net,Statistician,Austin-Shea
2146,Wendy,Braun,danieltara@example.net,Arboriculturist,"Dalton, Mcdowell and Richmond"
2147,Andrew,Davis,thodges@example.com,Merchant navy officer,"Townsend, Lee and Cobb"
2148,Sandra,Werner,jesse38@example.net,"Teacher, secondary school","Brown, Day and Price"
2149,William,Austin,imartinez@example.net,Petroleum engineer,Fischer-Chambers
2150,Carmen,Woods,nancymorrison@example.net,"Engineer, building services",Nguyen-Carter
2151,John,Burch,travisbutler@example.net,Recruitment consultant,"Perez, Roth and Green"
2152,Justin,Dawson,xwarren@example.com,"Merchandiser, retail",Williams-Singh
2153,Michael,Thomas,susan40@example.com,Diplomatic Services operational officer,"Wilcox, Robinson and Gomez"
2154,Ricky,Fernandez,brianwise@example.com,Marine scientist,Berger-Anderson
2155,James,Hayes,dustin95@example.org,"Restaurant manager, fast food","Hernandez, Green and Lewis"
2156,William,Hernandez,bradleyjohnson@example.org,Civil Service administrator,Miles LLC
2157,Briana,Hanson,brandondowns@example.com,Energy manager,"Bennett, Jones and Mills"
2158,Cheryl,Smith,stanleymarissa@example.org,Careers information officer,"Rich, Wilcox and Nixon"
2159,Laura,Davis,amyallen@example.net,"Designer, textile","Baldwin, Chang and Glenn"
2160,David,Frost,gomezsara@example.com,Financial trader,"Harding, Rojas and Chavez"
2161,Leah,Jenkins,baileyscott@example.org,"Radiographer, diagnostic",Wilson Group
2162,Matthew,Martinez,moranpaul@example.com,Camera operator,"Daniels, Austin and Phillips"
2163,Chelsea,Nelson,hmorris@example.net,Artist,Levine-Jenkins
2164,Aaron,Haynes,calderonjoshua@example.org,Chief Financial Officer,Howell-Watts
2165,Gina,Turner,ellen65@example.com,"Presenter, broadcasting",Roberts-Hill
2166,Donald,Stevens,kathywilkinson@example.com,"Therapist, art",Bautista and Sons
2167,Joshua,Miller,johnsonmichael@example.org,Licensed conveyancer,Andrews-Reese
2168,Marilyn,Hayden,bergertammy@example.org,"Editor, commissioning",Martin-Davis
2169,Alicia,Jackson,michaeljones@example.net,Fast food restaurant manager,Mckinney and Sons
2170,Michael,Martin,perezteresa@example.org,Food technologist,Smith Ltd
2171,Darlene,Rios,lawrenceangela@example.com,Dentist,Hunt LLC
2172,Kristine,Phillips,rushjason@example.org,Chartered accountant,Bradley LLC
2173,Michaela,Mills,simmonsdawn@example.com,Fashion designer,"Baker, Norris and Johnson"
2174,Travis,Henry,wlong@example.org,Personal assistant,"Maynard, Andersen and Nichols"
2175,Kristopher,Murillo,medinamark@example.org,Warehouse manager,"Clark, Williams and Martin"
2176,Kimberly,Young,herreraronald@example.com,Agricultural engineer,"Bailey, Jones and Smith"
2177,Jeffrey,Garcia,michaelhiggins@example.org,Proofreader,"Bailey, Anderson and Ross"
2178,Gregory,Vaughn,tanya61@example.net,Telecommunications researcher,"Rogers, Cunningham and Schmitt"
2179,Justin,Gray,millerjeffery@example.com,Fitness centre manager,Huff LLC
2180,Kenneth,Andrews,tracy28@example.com,Associate Professor,"Cooper, Barajas and Martinez"
2181,Thomas,Brown,zevans@example.com,Building services engineer,"Johnston, Crawford and Robertson"
2182,Christopher,Hahn,derekandrews@example.net,Soil scientist,"Schneider, Griffin and Stafford"
2183,Karen,Mclaughlin,jonesjimmy@example.org,Secretary/administrator,Bates PLC
2184,Angela,Castaneda,paula69@example.com,Product manager,Mcguire-Trevino
2185,Richard,Scott,dandrews@example.net,Armed forces operational officer,Park LLC
2186,Yolanda,Hicks,bradleyjohnson@example.org,"Surveyor, land/geomatics",Jefferson-Davila
2187,Brian,Steele,alexandraevans@example.net,Advertising art director,Jackson and Sons
2188,Stephen,Hanson,rayjones@example.net,Audiological scientist,David Ltd
2189,Latasha,Garcia,pjones@example.net,Adult guidance worker,Howard Group
2190,Edward,Johnson,amanda56@example.net,Ambulance person,Shaffer-Cardenas
2191,Janice,Peterson,steven60@example.com,Quantity surveyor,Perry-Rodriguez
2192,Karen,Holloway,hilllawrence@example.com,Personnel officer,Wright-Esparza
2193,Ryan,Dunn,stoneamber@example.net,"Engineer, water",Ingram Group
2194,Valerie,Page,patricia85@example.org,Clinical molecular geneticist,Padilla and Sons
2195,Amanda,Alvarez,reginamcdowell@example.net,"Editor, commissioning",Barker-Ho
2196,Karen,Hutchinson,walkermary@example.net,Insurance account manager,"Horton, Black and Booth"
2197,Miranda,Fitzpatrick,jonescassandra@example.org,Dramatherapist,Holmes and Sons
2198,Rhonda,Maldonado,vtorres@example.com,Special effects artist,Parker Group
2199,James,Moss,alvarezjustin@example.org,Telecommunications researcher,"Welch, Liu and Alexander"
2200,Noah,Zimmerman,jenniferjohnson@example.net,Futures trader,Lawrence LLC
2201,Candice,Sandoval,thomas41@example.com,Art therapist,Weaver LLC
2202,Christina,Rice,douglas37@example.net,Insurance claims handler,Hardy-Wright
2203,Robin,Patterson,blairnathan@example.org,Clinical molecular geneticist,"Lam, Frank and Herman"
2204,Rebecca,Alvarado,marymarshall@example.org,Operational researcher,Hays Inc
2205,Cameron,Cooper,ehall@example.org,Amenity horticulturist,"Walker, Hill and Farrell"
2206,Gregory,Wilson,gutierrezjeremy@example.com,Audiological scientist,Miller Ltd
2207,Stephanie,Lynch,dlynch@example.net,Legal executive,"Jennings, Manning and Parker"
2208,Tyler,Brandt,elizabethblack@example.com,Geophysicist/field seismologist,Harrell-Baker
2209,Kelly,Johnson,lori42@example.net,"Psychologist, occupational","Thomas, Brown and Lucas"
2210,Michael,Robinson,powellkimberly@example.com,"Clinical scientist, histocompatibility and immunogenetics",Wood-Flores
2211,Jessica,Miller,ujenkins@example.com,"Designer, ceramics/pottery","Murray, Mccoy and Mcdonald"
2212,Lee,Mccoy,michelle38@example.net,Warehouse manager,Phelps Ltd
2213,James,Estrada,michael10@example.net,Manufacturing engineer,Rivera PLC
2214,Gregory,Miranda,joshuaramirez@example.com,"Scientist, physiological",Thomas-Hopkins
2215,Todd,Anderson,fstevenson@example.net,"Journalist, newspaper","Lane, Gonzalez and Powers"
2216,Larry,Owen,caldwellsherry@example.org,Chief Marketing Officer,"White, Murphy and Johnson"
2217,Rachel,Hill,deleonpeter@example.org,Lexicographer,Nunez-Lee
2218,Darryl,King,lori47@example.net,Statistician,Diaz PLC
2219,Nicole,Davis,adam71@example.org,"Editor, film/video","Williams, Moran and Clark"
2220,Katherine,Thompson,donald92@example.org,"Engineer, production","Walters, Valencia and Curry"
2221,Gwendolyn,Lopez,uperry@example.com,"Accountant, chartered certified",Horne Ltd
2222,Dalton,Miller,michaelpowell@example.net,"Engineer, electrical",Beck-Stanley
2223,Michael,Clark,zwalker@example.net,Outdoor activities/education manager,"Jones, Perez and David"
2224,Lisa,Gonzalez,christine21@example.org,"Accountant, chartered","Gonzalez, Hansen and Martinez"
2225,Amber,Fischer,terrimartinez@example.com,"Psychologist, occupational","Lin, Kemp and Cox"
2226,Cynthia,Alvarez,bburke@example.net,Chartered loss adjuster,Williams LLC
2227,Brandon,Payne,tracikelly@example.net,Travel agency manager,"Price, Garcia and Espinoza"
2228,Jessica,Dickerson,kaitlynstewart@example.net,"Scientist, physiological","Martinez, Blackwell and Carter"
2229,Kurt,Rodriguez,sullivanmark@example.org,Hydrologist,Hansen and Sons
2230,Mark,Tran,arodriguez@example.com,"Conservation officer, historic buildings","Wilcox, Velazquez and Brandt"
2231,Joshua,Taylor,plopez@example.org,Energy manager,"Kim, Bell and Ray"
2232,Tara,Barber,sandramcintosh@example.net,Futures trader,"Sharp, Pratt and Vasquez"
2233,Sherri,Henson,ugraham@example.com,Human resources officer,"Keith, Rios and Short"
2234,Richard,Coffey,heathernelson@example.com,Microbiologist,Reid-Strickland
2235,Daryl,Hopkins,anichols@example.net,"Accountant, chartered management","Myers, Myers and Alvarez"
2236,Joshua,Patterson,micheal65@example.org,"Librarian, academic",Hanson-Chavez
2237,Melissa,Reed,kimberly09@example.net,Further education lecturer,Rowland and Sons
2238,Lori,Thomas,joellee@example.org,Dance movement psychotherapist,Martin Group
2239,Jennifer,Gill,smithantonio@example.net,"Lighting technician, broadcasting/film/video",Lewis LLC
2240,Austin,Matthews,bakerlinda@example.org,Waste management officer,Robinson-Drake
2241,Eric,Crane,kathryn81@example.org,"Production designer, theatre/television/film",Delacruz Inc
2242,Brian,Robles,mchen@example.com,Aeronautical engineer,"Mercer, Boyd and Ortega"
2243,Juan,Rich,laura40@example.org,Toxicologist,"Mendoza, Obrien and Hernandez"
2244,William,Carter,alexander63@example.com,Regulatory affairs officer,Kelly-Bradshaw
2245,Christina,George,jharris@example.com,Learning mentor,Barrera LLC
2246,Stephen,Robertson,cbenson@example.net,Pathologist,James PLC
2247,Andrew,Cain,kyle15@example.com,Clinical embryologist,"Perry, Wilson and Lewis"
2248,Nicholas,Smith,fgreen@example.com,Wellsite geologist,Scott-Thomas
2249,Brent,Carroll,johnsonsean@example.org,Public house manager,Bass and Sons
2250,Anthony,Stone,hallkatherine@example.net,"Nurse, learning disability","Kirk, Hogan and Dillon"
2251,Hannah,Hill,uclark@example.net,Race relations officer,Odom and Sons
2252,Ryan,Bowers,zachary47@example.net,"Horticulturist, amenity",Dorsey Ltd
2253,Nancy,Nelson,lesliejones@example.net,"Teacher, secondary school",Gallagher-Lee
2254,Christopher,West,katiecamacho@example.org,Diagnostic radiographer,Rocha-Romero
2255,Valerie,Edwards,wolfedeanna@example.net,"Sales professional, IT",Bentley Group
2256,Connor,Stephens,michaelyu@example.com,"Programmer, systems",Allen Ltd
2257,Danielle,Henderson,ortizcarol@example.org,Child psychotherapist,Zimmerman Group
2258,Karl,Frazier,haydenjessica@example.net,Chartered certified accountant,"Cain, Meyer and Warner"
2259,Megan,Aguirre,ymiller@example.org,Clinical research associate,Hughes-Alexander
2260,Melissa,Robles,zjohnson@example.org,"Scientist, audiological",Anderson-Fitzgerald
2261,Chloe,Bailey,sarasmith@example.net,Data processing manager,"Hall, Jenkins and Lee"
2262,Robert,Bauer,bonniefrazier@example.com,Industrial buyer,Carter Inc
2263,Amanda,Wallace,rodriguezmatthew@example.com,Quantity surveyor,Morales LLC
2264,Kathy,May,robbinsmelissa@example.com,Ambulance person,"Downs, Miller and Sanchez"
2265,Terry,Moreno,sylviachavez@example.org,Orthoptist,White Ltd
2266,Vanessa,Guerra,millerkyle@example.net,Teaching laboratory technician,Harris Ltd
2267,Donna,Roberts,kurtcameron@example.net,Retail banker,Short-Williams
2268,Denise,Castro,thernandez@example.org,Herbalist,"Elliott, Lutz and Gates"
2269,Lauren,Ramos,milleramy@example.net,Multimedia programmer,Brown and Sons
2270,Alex,Nelson,sjohnson@example.net,Health and safety adviser,"Griffin, Riley and Pollard"
2271,Robert,Lang,torresjerry@example.com,Amenity horticulturist,Hall-Mullins
2272,Carl,Pace,brenda88@example.org,"Surveyor, rural practice","Prince, Watson and Cruz"
2273,Gabrielle,Rowland,leebenjamin@example.org,Theatre director,Moore-Hood
2274,Jeffrey,Taylor,kturner@example.net,Geophysicist/field seismologist,"Castro, Wise and Davidson"
2275,William,Floyd,ajames@example.com,Actor,Goodwin Group
2276,Matthew,Armstrong,wkennedy@example.org,"Psychologist, counselling",Sanders Ltd
2277,Cynthia,Mathis,jessicahouse@example.com,Health and safety inspector,Griffin-Burton
2278,Kristen,Sutton,jason13@example.net,"Engineer, civil (contracting)",Medina LLC
2279,Ryan,Barnes,rjackson@example.com,Audiological scientist,"Hernandez, Savage and Hayes"
2280,Ralph,Mckinney,jennifer11@example.net,"Engineer, civil (consulting)",Villegas-Douglas
2281,Carol,Moore,ljones@example.com,Information systems manager,Patel Ltd
2282,Melissa,Jones,stevenpatterson@example.net,Best boy,Morgan-Rodriguez
2283,Kathy,Williams,robert11@example.net,Automotive engineer,"Ramirez, Little and Fields"
2284,Nicholas,Cook,obrienjason@example.net,Advice worker,"Smith, Kennedy and Holt"
2285,Dominique,Martin,brownjulie@example.com,"Surveyor, rural practice","Baker, Bradley and Mcgee"
2286,Annette,Johnson,kelseybutler@example.com,Land,"Lewis, Silva and Miller"
2287,Kelly,Blankenship,ulittle@example.org,Patent attorney,"King, Rodriguez and King"
2288,Anthony,Pena,adam44@example.com,Special effects artist,Cruz and Sons
2289,Christina,Mejia,carolyn39@example.com,Tax inspector,Moore-Benson
2290,Debra,Thompson,sean71@example.com,Customer service manager,Buck Inc
2291,Brian,Moyer,steven29@example.org,Probation officer,French Inc
2292,Elaine,Vance,hernandezheather@example.net,Sports administrator,Watkins PLC
2293,Cynthia,Smith,joseph08@example.net,Public relations officer,"Bowen, Smith and Woods"
2294,Kristen,Hogan,christopher26@example.net,"Therapist, occupational",Carter-Li
2295,Katie,Brown,gregory10@example.com,Set designer,"Woods, Baker and Barnes"
2296,Matthew,Welch,twhite@example.com,Sales executive,"Stewart, Mcmillan and Lee"
2297,Ebony,Terry,landerson@example.com,"Engineer, building services",Chan Inc
2298,Renee,Sheppard,nperez@example.org,"Administrator, Civil Service",Jackson Ltd
2299,Sarah,Russell,cwright@example.com,Learning mentor,Howard-Foster
2300,Elizabeth,Carroll,kathleenwheeler@example.net,Broadcast engineer,"Padilla, Payne and Santos"
2301,Brittany,Bright,bgreene@example.com,Commissioning editor,Soto Ltd
2302,Rodney,Lyons,cooperjuan@example.net,Television/film/video producer,Cooper LLC
2303,Ryan,Taylor,darrellromero@example.org,Geoscientist,"Pena, Torres and Bates"
2304,Chad,Smith,alexandrashaw@example.org,Commercial/residential surveyor,"Gonzales, Thomas and Evans"
2305,Kenneth,Potter,kirsten94@example.com,"Engineer, site","Brown, Lyons and Morrison"
2306,Daniel,Williams,theresa90@example.org,"Physicist, medical",Mitchell-Lee
2307,Kevin,Roberts,ian49@example.com,Counsellor,Perkins Group
2308,Samantha,Stewart,andrea49@example.com,Newspaper journalist,"Simon, Lawrence and Nielsen"
2309,Shannon,Henderson,michelle38@example.net,Television/film/video producer,Bond-Lee
2310,Patrick,Dawson,taylorsarah@example.net,Fast food restaurant manager,"Baker, Nguyen and Bishop"
2311,Stephanie,Burke,riddledustin@example.net,Equality and diversity officer,"Turner, Davis and King"
2312,Peter,Morrison,penakevin@example.org,Ergonomist,"Meadows, Saunders and Pope"
2313,Jesus,Santana,eacosta@example.com,Museum/gallery curator,Foster PLC
2314,Joshua,Parker,tmason@example.net,"Librarian, public","Ramirez, Jackson and Watson"
2315,Christopher,Jenkins,tgonzales@example.org,Broadcast journalist,"Estrada, Mccormick and Jacobs"
2316,Michael,Hanna,kjackson@example.org,"Horticulturist, amenity",Navarro Group
2317,Teresa,Martin,abigail19@example.net,Travel agency manager,Sutton Ltd
2318,Caleb,Decker,justinmartinez@example.com,"Surveyor, building control",Meyers-Christensen
2319,Jessica,Rodriguez,briandennis@example.com,Race relations officer,Gross and Sons
2320,Christopher,Thomas,matthew44@example.net,Financial controller,Meyer Inc
2321,Michael,Humphrey,brandiweber@example.net,Games developer,"Tyler, Long and Coleman"
2322,Ariel,Ewing,aestrada@example.net,Chief Financial Officer,"Brennan, Todd and Hall"
2323,Brandon,Carr,sandra86@example.com,Animal technologist,Watson Inc
2324,Jill,Velazquez,pnolan@example.net,Careers adviser,"Case, Petty and Wilkins"
2325,Gabriel,Jenkins,deborah83@example.com,"Geneticist, molecular",Miller-Parker
2326,David,Kelly,jonescarl@example.org,"Engineer, agricultural",Key Inc
2327,Erin,Thomas,choijoshua@example.org,Media planner,"King, Rogers and Wells"
2328,Donald,Willis,xgates@example.com,Arts administrator,"Jordan, King and Cole"
2329,Mary,Roy,scott72@example.com,Copy,"Friedman, Day and Parker"
2330,Tyler,Hogan,karenbentley@example.net,"Surveyor, building control","Patton, Horne and Green"
2331,Kristen,Lucas,susanhernandez@example.com,Oncologist,Watts-Chapman
2332,Misty,Barr,reynoldskristen@example.com,Child psychotherapist,Baxter LLC
2333,Darin,White,sarahnorton@example.com,Pension scheme manager,"Kemp, Freeman and Thompson"
2334,Paige,Ellis,kevincox@example.org,Systems analyst,Kennedy Ltd
2335,Sarah,Cline,kdavis@example.net,"Scientist, biomedical","Jordan, Torres and Evans"
2336,Gene,Simmons,davidtate@example.net,Immigration officer,"Maldonado, Reeves and Logan"
2337,Jessica,Arnold,tcook@example.net,General practice doctor,Ellison-Norris
2338,Courtney,Graham,owenssusan@example.org,Aeronautical engineer,Cobb-White
2339,Christopher,Alexander,alejandraflores@example.org,Commercial art gallery manager,Long Inc
2340,Jacob,Delacruz,rpeters@example.net,Tourism officer,"Tapia, Deleon and Nichols"
2341,Marcus,Moore,olsontiffany@example.com,Management consultant,Snyder and Sons
2342,David,Williams,annette54@example.com,"Programmer, multimedia",Marshall-Hayes
2343,Michael,Parker,aimeewashington@example.org,"Scientist, research (medical)",Jackson Inc
2344,Timothy,Clark,reynoldsdavid@example.com,"Development worker, international aid","Watson, Woodward and Baker"
2345,Joseph,Harrington,reynoldsseth@example.net,Production manager,"Lawrence, Ayers and Solomon"
2346,Brenda,Chandler,littlechristine@example.org,Management consultant,Proctor-Smith
2347,Scott,Humphrey,patricia44@example.com,Chiropodist,Brooks LLC
2348,Nicole,Austin,tonibanks@example.org,Insurance account manager,Brown and Sons
2349,Grace,Taylor,williamsjonathan@example.com,Sales executive,Lewis-Young
2350,Amanda,Anthony,ashleyowens@example.net,Multimedia programmer,"Howard, Austin and Nichols"
2351,Timothy,White,clayandrew@example.com,"Civil engineer, consulting",Brown Ltd
2352,John,Bowman,blaketammy@example.org,"Engineer, electrical",Walker-Walker
2353,Spencer,Smith,guerramelanie@example.com,"Editor, film/video","Green, Robinson and Austin"
2354,Brandy,Olson,hestermichelle@example.net,"Conservator, museum/gallery","Franklin, Holden and Hodges"
2355,William,Burton,thomasanderson@example.com,Health visitor,Walker-Price
2356,Gina,Ashley,garciaheather@example.net,Drilling engineer,Pace-Rodriguez
2357,Brenda,Byrd,obaxter@example.net,"Engineer, structural",Baxter Ltd
2358,Susan,Webb,heidi59@example.com,Advertising account executive,Reyes Ltd
2359,Joseph,Duran,alicia08@example.org,"Engineer, automotive",Ellison LLC
2360,Misty,Lee,jason95@example.com,"Engineer, building services",Hull-Thompson
2361,Sherry,Marks,reyeschristopher@example.org,Company secretary,Daniels-Peterson
2362,Ellen,Hernandez,wagnerbrent@example.com,Plant breeder/geneticist,Lozano-Rivera
2363,Lori,Brewer,yjackson@example.net,"Optician, dispensing","Hines, Snow and Davis"
2364,Keith,Mason,robert03@example.com,Television production assistant,Smith and Sons
2365,Paul,Reilly,hking@example.org,Environmental education officer,"Hawkins, Chapman and Snyder"
2366,Mathew,Howard,rebecca58@example.org,Research scientist (medical),Benson and Sons
2367,Stacy,Davenport,ngarcia@example.org,"Therapist, drama",Russell-Lester
2368,Wayne,Donovan,alan53@example.org,Broadcast engineer,Russell-Howell
2369,Joshua,Norris,david53@example.net,"Psychologist, forensic","Mueller, Drake and Sanchez"
2370,Connie,Dixon,howardjohnson@example.com,Retail buyer,Hansen-Douglas
2371,Heather,Thompson,randall24@example.org,Clinical research associate,"Garrett, Griffith and Malone"
2372,Teresa,Brown,david89@example.com,Paramedic,Delgado Inc
2373,Janice,Giles,kevin25@example.net,Physiotherapist,Curry-Daniels
2374,Keith,Reed,joseboyle@example.com,Diplomatic Services operational officer,Hughes-Perez
2375,Michael,Watts,amberjohnson@example.net,Product manager,Bennett Inc
2376,Paul,Bishop,jeffery94@example.net,"Pharmacist, hospital",Newton and Sons
2377,Michael,Lee,logan32@example.com,Fast food restaurant manager,Ball Inc
2378,Melissa,Cochran,jonathonirwin@example.net,Industrial/product designer,Blackwell-Reyes
2379,Thomas,Cook,michael30@example.net,Barista,Williams and Sons
2380,Mark,Collins,upeterson@example.net,Air traffic controller,Clark-Clark
2381,Jeremy,Pope,stacy85@example.net,Research scientist (life sciences),Lane and Sons
2382,Nichole,Bennett,freystacy@example.com,"Copywriter, advertising",Wallace and Sons
2383,Benjamin,Smith,xbrooks@example.net,"Restaurant manager, fast food",Bennett Inc
2384,Jimmy,Freeman,keith15@example.net,Site engineer,"Solis, Orozco and Lewis"
2385,John,Wilson,scottmcdaniel@example.com,Housing manager/officer,Moore PLC
2386,Monica,Garza,obaldwin@example.net,Petroleum engineer,Pace-Carr
2387,Richard,Andrade,ogardner@example.org,"Accountant, chartered public finance","Mills, Gomez and Chen"
2388,Jennifer,Wright,operry@example.com,Academic librarian,Walsh-Burton
2389,Eric,Wells,sean83@example.net,Energy manager,"Adkins, Malone and Burton"
2390,Candice,Mcconnell,osimmons@example.org,Water quality scientist,Gilbert-Howard
2391,Stephanie,Alvarez,kathleen12@example.com,Intelligence analyst,Arnold Group
2392,Brian,Smith,kramermichael@example.com,Chiropractor,Hammond-Duran
2393,Michael,Williams,williamcunningham@example.net,Chiropractor,Bowen Group
2394,Rachel,Massey,lhenderson@example.net,Corporate treasurer,Henderson-Perry
2395,Karen,Sullivan,cunninghampaige@example.org,Early years teacher,"Rosales, Thomas and Allen"
2396,Kimberly,Wells,kwade@example.net,Financial adviser,"Shaffer, Larson and James"
2397,Ellen,Barr,mark30@example.com,"Geologist, wellsite",Stewart-Young
2398,Ruth,Hutchinson,mandy08@example.com,Arts administrator,"Howard, Fletcher and Payne"
2399,Ashley,Ross,gregorymichele@example.com,"Conservation officer, nature","King, Harrell and Gross"
2400,Brendan,Briggs,marykrueger@example.com,Electrical engineer,Brown Inc
2401,Joanne,Mendez,lhernandez@example.net,Arts administrator,Garcia-Nixon
2402,Nicole,Jensen,jennifer55@example.net,Licensed conveyancer,Martinez-Gonzalez
2403,Benjamin,Strickland,jennifer89@example.com,Building surveyor,"Schwartz, Hayes and Miller"
2404,Kim,Hardy,vmolina@example.net,"Engineer, technical sales",Norman and Sons
2405,Samuel,Molina,warnerfelicia@example.net,Sales executive,Bryant-Williams
2406,Michael,Benjamin,elizabeth24@example.net,Marketing executive,White-York
2407,Danielle,Parks,bholloway@example.com,"Scientist, clinical (histocompatibility and immunogenetics)",Johnson PLC
2408,Nina,Howard,cookdonna@example.org,Public affairs consultant,"Moore, Carter and Byrd"
2409,John,Oneill,debbiewhite@example.net,Publishing copy,Flores-Townsend
2410,Shawn,Rosales,greenkimberly@example.org,"Production assistant, television",Valdez-Jackson
2411,Thomas,Moore,joseph41@example.org,Advertising account executive,"Jones, Wright and Powell"
2412,Crystal,Wilson,tiffanymorton@example.org,Hydrologist,"Williams, Collins and Matthews"
2413,Laura,Murray,shelly61@example.org,Restaurant manager,"Scott, Brown and Whitaker"
2414,Arthur,Alvarado,bushrobert@example.org,Energy manager,Jefferson and Sons
2415,Cassandra,Lopez,xdodson@example.net,Site engineer,Phillips LLC
2416,Chad,Jimenez,travisadkins@example.net,Museum/gallery curator,Shaffer-Burke
2417,Renee,Sanders,parkerjustin@example.org,Chief Operating Officer,Harmon Group
2418,Stephanie,Henson,hollyalvarado@example.org,Tax inspector,"Flores, Matthews and Smith"
2419,Cynthia,Ross,kathrynpowell@example.com,"Therapist, horticultural",Porter-Maldonado
2420,James,Booth,zknapp@example.org,Archivist,Gomez and Sons
2421,Paige,Gallagher,iwhitney@example.com,Health visitor,"Davies, Mendoza and Stone"
2422,Rhonda,Petersen,andersoncory@example.com,Financial controller,Melendez Ltd
2423,Joseph,Austin,mendezshawn@example.org,Tourism officer,Brown and Sons
2424,Gregory,Medina,stephanie84@example.org,Volunteer coordinator,Gordon-George
2425,Wesley,Young,brianna26@example.com,"Programmer, multimedia",Hall PLC
2426,Sarah,Miller,ctravis@example.net,"Psychologist, educational","Frey, Perez and Simon"
2427,Alyssa,Cabrera,jenkinskatherine@example.org,"Engineer, civil (contracting)","Ramos, Mann and Rose"
2428,Christian,Hall,davidsoncody@example.net,Diagnostic radiographer,"Garcia, Moss and Patel"
2429,Omar,Hanna,cooperjoshua@example.org,"Engineer, civil (consulting)","Howard, Davis and Howard"
2430,Sarah,Carlson,lwhitaker@example.net,Research scientist (maths),Burnett-Campbell
2431,Darrell,Jones,ahopkins@example.net,Fitness centre manager,"Lee, Martinez and Mccarthy"
2432,Stephanie,Huang,julie89@example.org,Press sub,Horton LLC
2433,Alyssa,Green,andrewvaldez@example.org,Paediatric nurse,"Ross, Bauer and Schroeder"
2434,Scott,Bennett,charlesrodriguez@example.net,Probation officer,Moss-Bates
2435,Jennifer,Sanders,thomasdavid@example.net,Data scientist,Lopez Inc
2436,Nathan,Hunt,reevesbrenda@example.net,Magazine journalist,"Silva, Porter and Smith"
2437,Tina,Merritt,shannonbriggs@example.com,Naval architect,Peterson-Mcdonald
2438,Monica,Lane,esantiago@example.net,"Chemist, analytical",Lewis-Todd
2439,Heather,Jordan,joseph02@example.com,Probation officer,Mueller-Mays
2440,Deanna,Dunn,hartmancolleen@example.com,TEFL teacher,Jones PLC
2441,Caitlyn,Ramirez,operez@example.com,Ecologist,"Gray, Armstrong and Tucker"
2442,Alexander,Ward,ohorn@example.net,"Lecturer, further education",Proctor Ltd
2443,Christopher,Horton,cwalker@example.net,Information systems manager,Hart-Mahoney
2444,Brian,Crawford,bellkyle@example.net,"Horticulturist, amenity","Malone, Mckinney and Benson"
2445,Felicia,Davis,burnspaul@example.net,"Designer, furniture","Robinson, Peters and Mcclain"
2446,Carrie,Riley,whitney63@example.com,"Research officer, trade union",Smith-Ross
2447,Erik,Buck,carriestafford@example.org,"Administrator, charities/voluntary organisations","Hayes, Shea and Bryant"
2448,Mario,Patterson,lisabutler@example.net,Food technologist,Lewis-Jackson
2449,Sheila,Fernandez,laurengood@example.org,"Teacher, secondary school",Morales-Johnson
2450,Carolyn,Shea,christinaking@example.net,Equities trader,Bond-Smith
2451,Ariel,Lopez,pamelaleach@example.net,Personnel officer,Mcclain-Brooks
2452,Laura,Price,jennatate@example.org,Advertising account planner,Waters-Contreras
2453,David,Hardin,angela90@example.com,"Conservation officer, historic buildings","Gay, Woods and Miller"
2454,Matthew,Ward,xmay@example.org,"Engineer, drilling",Moore-Flynn
2455,Ashley,Sawyer,christophernash@example.com,Theatre stage manager,"Cooper, Perry and Santiago"
2456,Candice,Patton,charlesmcdaniel@example.com,Editorial assistant,"Lowe, Hall and Ponce"
2457,Stephen,Carter,phillipsandrea@example.com,Social researcher,Williams PLC
2458,Ronald,Reed,nmcguire@example.com,TEFL teacher,Parker PLC
2459,Samantha,Guzman,pflores@example.org,Clinical molecular geneticist,Harmon-Bennett
2460,Peter,Taylor,harrischristina@example.org,"Copywriter, advertising",Guerrero Ltd
2461,Amy,Moore,marcus80@example.net,Computer games developer,Wade-Thomas
2462,Melissa,Ford,allisondiaz@example.net,Training and development officer,Johnson-Mooney
2463,Karen,Wallace,stephanie11@example.com,"Surveyor, insurance",Clark Group
2464,Melissa,Edwards,ahall@example.net,Transport planner,Santos LLC
2465,Corey,Carpenter,vschmidt@example.com,Geophysicist/field seismologist,Riley and Sons
2466,Kevin,Scott,nicolepena@example.com,Race relations officer,"Marshall, Taylor and Campbell"
2467,Amanda,Bartlett,matthewwilliams@example.org,"Psychologist, counselling",Peters-Wright
2468,Danielle,Bauer,hannah49@example.net,"Civil engineer, consulting","Sanchez, Barajas and Bennett"
2469,Travis,Ferguson,briandaniels@example.net,"Designer, television/film set",Summers LLC
2470,Tony,Houston,theresagarcia@example.org,"Designer, television/film set","Moore, Harris and Acosta"
2471,Melvin,Davis,barrerajames@example.org,Chief of Staff,Boyle-Diaz
2472,Sheila,Powell,hestercrystal@example.net,Ship broker,Barnes-Humphrey
2473,William,Rice,timothy24@example.org,Mechanical engineer,Escobar-Jones
2474,Stephanie,Underwood,daisygray@example.net,Hotel manager,Cruz-Campbell
2475,Maria,Patrick,catherine34@example.org,Water quality scientist,Anderson Group
2476,Monique,Ross,fcole@example.com,Broadcast journalist,Richardson Inc
2477,Samuel,Wood,zsmith@example.net,Printmaker,Dillon-Singh
2478,Yvonne,Flores,vjarvis@example.net,Banker,"Collins, Burton and Bowman"
2479,Gerald,Conner,hcoleman@example.com,Insurance account manager,Clark-Stone
2480,Nicholas,Hill,joseph19@example.org,"Nurse, mental health",Ayers Inc
2481,Michele,Parker,johnharvey@example.net,"Engineer, mining",Jones-Brown
2482,Todd,Moody,garnerrachel@example.com,Air traffic controller,Clark-Jones
2483,Roger,Johnston,lambanne@example.net,Psychotherapist,Walker Inc
2484,Rodney,Pennington,john42@example.net,Armed forces technical officer,Gonzalez Group
2485,Peggy,Parker,kimberly07@example.com,Energy engineer,"Ward, Herring and Turner"
2486,Joseph,Salazar,george89@example.org,"Loss adjuster, chartered",Moyer-Rodriguez
2487,Anthony,Cantrell,jsmith@example.net,Event organiser,Newman-Bowen
2488,Patrick,Wallace,ecordova@example.com,Medical sales representative,"Curtis, Davis and Gentry"
2489,Robert,Charles,ginahunt@example.com,Dietitian,"Ortiz, Johnson and Rivera"
2490,Leah,Mclaughlin,gonzalesstephen@example.com,Dealer,Perkins-Morales
2491,Billy,Miller,ryan19@example.org,Drilling engineer,Turner Group
2492,Jennifer,Dennis,pbutler@example.net,Learning mentor,"Conner, Donovan and Marquez"
2493,Carmen,Cortez,robert91@example.org,Optometrist,"Richardson, Campos and Ramsey"
2494,Brooke,Jones,jacqueline36@example.org,Solicitor,"Chambers, Murray and Madden"
2495,Helen,Johns,charlotteevans@example.net,Maintenance engineer,Davis-Simpson
2496,James,Clarke,ortizmolly@example.net,Higher education careers adviser,Le and Sons
2497,Yesenia,Sutton,kjohnson@example.net,"Conservation officer, nature",Osborne Inc
2498,Tommy,Kim,matthew92@example.net,Technical author,Harrison Ltd
2499,Rebekah,Johnson,george48@example.org,Communications engineer,White-Soto
2500,Carlos,King,jessicamurphy@example.org,Equality and diversity officer,Mcbride-Mcguire
2501,Kelsey,Walker,lawrencehernandez@example.com,Chief Operating Officer,Kent Inc
2502,Carl,Bowen,kelseyallen@example.net,Database administrator,"Stephens, Lopez and Hamilton"
2503,Kimberly,Reyes,roberthumphrey@example.net,Manufacturing systems engineer,Rose-Edwards
2504,Daniel,Smith,saraevans@example.com,Sport and exercise psychologist,Nelson Inc
2505,John,Taylor,rsalazar@example.com,Purchasing manager,Bautista-Hines
2506,Charlene,Meyers,wilsonfrank@example.org,Outdoor activities/education manager,Maynard LLC
2507,Pamela,Davis,nlittle@example.net,"Engineer, biomedical",Barrera PLC
2508,Justin,Curtis,christopher57@example.net,"Scientist, physiological","Porter, Shaw and Curry"
2509,Angel,Johnson,wsmith@example.org,"Exhibitions officer, museum/gallery",Johnson-Mahoney
2510,Jared,Ward,freyjesse@example.com,Chief Strategy Officer,"Kirby, Navarro and James"
2511,Robert,Smith,amy75@example.org,Operational researcher,"Allen, Johnston and Bond"
2512,Stephanie,Stevens,bryanwilson@example.net,"Scientist, audiological","Schaefer, Simmons and Douglas"
2513,Robert,Nguyen,scox@example.net,Warden/ranger,Delgado Group
2514,Theresa,French,ybryant@example.com,Patent attorney,"Johnson, Kelley and Vasquez"
2515,Courtney,Brown,carolmartinez@example.net,"Restaurant manager, fast food",Obrien-Sullivan
2516,Adrian,Williams,awheeler@example.org,Glass blower/designer,"Larson, Gonzalez and White"
2517,Michael,Patrick,victoriashaffer@example.com,Secondary school teacher,Martinez-Thompson
2518,Lindsay,Mcdonald,lucasedwards@example.org,Senior tax professional/tax inspector,Sims Inc
2519,Tim,Torres,christopher21@example.com,"Therapist, sports",Taylor and Sons
2520,Bradley,Cooper,olang@example.org,Sports coach,"Marks, Williamson and Perry"
2521,Robert,Mitchell,rebecca74@example.net,Geochemist,"Morrison, Hall and David"
2522,Mike,Gay,andrewsmelissa@example.org,Academic librarian,"Harris, Le and Perez"
2523,Ashley,Zamora,bwheeler@example.org,Firefighter,"Copeland, Rios and Wright"
2524,Michael,Bailey,jennifer85@example.com,Food technologist,Nelson-West
2525,Anthony,Brady,robertpeterson@example.com,Engineering geologist,"Jackson, Walker and Torres"
2526,Hunter,Hunter,larsonkathy@example.org,"Research officer, government",Morrison-Austin
2527,Zoe,Rodriguez,thomas22@example.net,"Horticulturist, amenity",Jones-Barry
2528,Michael,Rodriguez,millervanessa@example.org,"Therapist, speech and language",Thompson LLC
2529,Carlos,Gray,christopher44@example.net,"Designer, exhibition/display","Mason, Fuentes and Caldwell"
2530,Daniel,Kelly,allenkeith@example.org,"Engineer, communications",Moon Ltd
2531,Ronald,Barron,bradley40@example.org,Minerals surveyor,Williams-Thompson
2532,Jennifer,Colon,rpacheco@example.com,Sports development officer,"Pierce, Martinez and Lewis"
2533,Charles,Russell,edward48@example.net,Press sub,Ingram-Chandler
2534,Richard,Henry,curtis68@example.com,Professor Emeritus,Hernandez-Doyle
2535,John,Wheeler,gonzalesjoan@example.net,Chemical engineer,Lewis-Robertson
2536,Jeffrey,Maxwell,dana79@example.net,Ergonomist,Gonzalez-Rios
2537,Lisa,Hernandez,amber71@example.com,Nutritional therapist,Oneill Ltd
2538,Stephanie,Jones,hmoore@example.org,Government social research officer,"Morris, Bell and Cowan"
2539,Jose,Armstrong,wellsangela@example.com,"Production assistant, radio","Wood, Shaw and Wallace"
2540,Maria,Bautista,glennmegan@example.org,"Designer, graphic","Woods, Brooks and Powers"
2541,Eric,Mckinney,flemingmartin@example.org,"Therapist, art","King, Austin and Mccormick"
2542,Ashley,Hernandez,hannah95@example.net,"Engineer, manufacturing systems","Lutz, Maxwell and Arroyo"
2543,Justin,Contreras,gutierrezmatthew@example.com,Hotel manager,"Scott, Walters and Ross"
2544,Kristen,Miller,deannabrown@example.com,Television/film/video producer,Romero Inc
2545,Jason,Trevino,michael13@example.com,Barista,Flynn LLC
2546,Benjamin,Holloway,katiemarquez@example.net,Manufacturing systems engineer,Oneill-Daniel
2547,Mike,Donaldson,justinsandoval@example.com,Optometrist,"Ford, Taylor and Mccoy"
2548,Tamara,Walsh,michelle86@example.org,Forensic scientist,Robinson-Herring
2549,Megan,Neal,jlucas@example.net,Clinical cytogeneticist,Wheeler-Tate
2550,Taylor,Smith,brettwalker@example.com,"Surveyor, insurance",Keith-Hall
2551,Alexis,Keith,markhunter@example.com,Communications engineer,Barnes PLC
2552,Ebony,Brown,nbeltran@example.net,"Doctor, general practice","Rodriguez, Clark and Harris"
2553,Kathleen,Nguyen,jamesharmon@example.net,Public affairs consultant,"Fleming, Shelton and Perkins"
2554,Margaret,Oneill,thomaskayla@example.net,Chief Technology Officer,Browning LLC
2555,James,Bautista,lance45@example.net,Trade union research officer,Jennings Group
2556,Amy,Morales,christopherperez@example.com,Public librarian,"Young, Burke and Mckenzie"
2557,Heather,Burnett,henrykevin@example.com,Analytical chemist,"Young, Smith and Chapman"
2558,Philip,Nicholson,zpierce@example.org,"Designer, jewellery","Barrett, Diaz and Perkins"
2559,Jermaine,Cooper,robertreed@example.org,"Lecturer, higher education",Harris LLC
2560,Kara,Scott,qklein@example.org,Financial manager,Hicks-Dyer
2561,Sheryl,Jones,melissa37@example.net,Field seismologist,Lang Ltd
2562,Ryan,Morse,heatherrojas@example.com,Neurosurgeon,"Turner, Torres and Murray"
2563,Shawn,Roberts,danielsmith@example.org,"Engineer, aeronautical",Hebert-Mcdowell
2564,Joseph,Andrews,benjamin71@example.com,Astronomer,Johnson Ltd
2565,Linda,Moss,ocarr@example.org,Patent examiner,Cunningham LLC
2566,James,Fritz,davidkaiser@example.com,Tourism officer,Davis and Sons
2567,Robert,Thornton,tinasanchez@example.org,Archaeologist,Oconnor LLC
2568,Sean,Macias,hutchinsonsean@example.net,"Clinical scientist, histocompatibility and immunogenetics",Mendoza and Sons
2569,Kevin,Nelson,ymoreno@example.org,"Engineer, electronics",Chen Inc
2570,Kara,Walker,hchan@example.com,Chartered legal executive (England and Wales),"Wagner, Christian and Johnson"
2571,Julie,Andrade,kylesnyder@example.com,Adult guidance worker,Riley-Bowen
2572,Daniel,Knapp,whitejonathan@example.com,Acupuncturist,"Diaz, Stephens and Boyd"
2573,Diane,Perez,rosestephanie@example.net,"Development worker, international aid",Malone Group
2574,Erika,Archer,msingh@example.com,Control and instrumentation engineer,Black-Mendez
2575,Randall,Keller,ronald67@example.net,Secretary/administrator,Warren-Thompson
2576,Daniel,Navarro,suzannestewart@example.org,Telecommunications researcher,Lewis PLC
2577,Jermaine,Snyder,ymontoya@example.org,Food technologist,Jensen LLC
2578,Nicole,Davis,flowerscolleen@example.org,Private music teacher,Nichols Ltd
2579,Douglas,Mckenzie,davidwarren@example.net,Financial adviser,Moore-May
2580,Cynthia,Jones,lbarnett@example.org,Firefighter,Rogers-Bullock
2581,Matthew,Ortiz,jshaffer@example.org,"Therapist, speech and language",Hendrix Ltd
2582,Jessica,Soto,sschmidt@example.net,Proofreader,Ryan Ltd
2583,Mark,Mckinney,hnorris@example.com,"Sound technician, broadcasting/film/video",Fields LLC
2584,Denise,Lawson,ysparks@example.com,Records manager,Munoz-Mcclure
2585,Brian,Bush,kthompson@example.com,Consulting civil engineer,Bruce and Sons
2586,Raymond,Greene,michael31@example.com,Public relations account executive,"Bullock, Jacobson and Jackson"
2587,Diane,Vazquez,patriciamerritt@example.com,Legal secretary,York PLC
2588,Elizabeth,Waller,rhonda52@example.net,Call centre manager,Owens-Glover
2589,Jordan,Smith,ivaughn@example.com,Biomedical engineer,Barnes and Sons
2590,Mark,Robbins,carl52@example.org,Hydrogeologist,Cobb LLC
2591,Misty,Navarro,karinahorton@example.org,Special educational needs teacher,Simpson-Roberson
2592,Jesse,Green,thernandez@example.org,"Accountant, chartered","Jackson, Nelson and Garcia"
2593,Michael,Wilkins,monicahawkins@example.org,"Scientist, water quality","Lewis, Simmons and Arnold"
2594,Ann,Villegas,austinrobinson@example.org,Careers information officer,Taylor-Meyers
2595,Teresa,Martinez,bethanyjefferson@example.net,Cytogeneticist,Santiago Inc
2596,Mark,Castro,flewis@example.net,"Nurse, learning disability",May and Sons
2597,Stacey,Stafford,chadbrennan@example.com,Broadcast engineer,"Boyd, Lewis and Brown"
2598,Kathryn,Chan,allenjean@example.com,Local government officer,"Ford, Navarro and Vang"
2599,Michael,Gibbs,susanmoody@example.com,Industrial buyer,Meadows Group
2600,Jennifer,Lewis,laurawatson@example.com,"Embryologist, clinical","Armstrong, Wright and Villegas"
2601,Donna,Pitts,ecastillo@example.net,Agricultural consultant,Washington Inc
2602,Stephen,Kelly,oknox@example.org,Field seismologist,Benson Group
2603,Maria,Collins,stevenkline@example.net,"Engineer, electronics","Christian, Stewart and Richards"
2604,Adam,Parker,joshua88@example.net,Comptroller,Flores-Stein
2605,Bruce,Bell,osanchez@example.org,Ambulance person,"Khan, Stone and Mitchell"
2606,Patricia,Watson,rogersjames@example.com,Logistics and distribution manager,Smith-Blake
2607,Cristina,Powell,kenneth26@example.org,Field seismologist,Jackson-Vance
2608,Andrew,Bowen,angela39@example.net,Careers information officer,"Love, Allen and Snyder"
2609,Carolyn,Taylor,dsmith@example.net,"Development worker, community","Jones, Taylor and Cox"
2610,Zachary,Cain,jenniferbecker@example.org,Ranger/warden,"Rhodes, Navarro and Perry"
2611,Maureen,Williams,erika24@example.net,English as a second language teacher,Smith-Copeland
2612,Mark,Chapman,lukebenton@example.com,Media planner,Charles-Murphy
2613,Anthony,Payne,williamsjason@example.net,"Psychotherapist, dance movement",Hubbard-Moreno
2614,Charles,Lopez,joshuajones@example.org,Community pharmacist,"Flores, Robertson and Ewing"
2615,Michelle,Clarke,mcintoshmartin@example.org,"Engineer, water","Richards, Ramos and Pruitt"
2616,Whitney,Howell,samuel40@example.org,Pharmacologist,Carter Group
2617,Andrea,Hughes,jessicamontes@example.net,Water engineer,Sanders Group
2618,Brittany,Wallace,jillschneider@example.net,Technical sales engineer,Bauer Group
2619,Keith,Miller,rosewendy@example.org,Accounting technician,"Wagner, Lopez and Walters"
2620,Kenneth,Pacheco,villarrealjennifer@example.org,"Librarian, public",Bailey and Sons
2621,Travis,Perez,patriciacook@example.com,Clinical biochemist,Snow Group
2622,Roberta,Brown,mvilla@example.org,"Producer, radio","Edwards, Morgan and Vaughn"
2623,Joseph,Murphy,dayamy@example.com,"Secretary, company",Nicholson-Ferguson
2624,Lisa,Cox,lhenry@example.net,Astronomer,Burnett-Garcia
2625,Caitlin,Barrett,gdavis@example.net,Toxicologist,Rodriguez and Sons
2626,David,Hill,hfisher@example.net,Acupuncturist,Hernandez and Sons
2627,Terry,Mason,scott45@example.net,"Therapist, speech and language",Donaldson and Sons
2628,Michael,Young,robin12@example.org,Operations geologist,Wilson Ltd
2629,Carlos,Davidson,jesus21@example.com,"Engineer, electrical",Mcclure and Sons
2630,Steven,Fowler,lhenderson@example.com,Ophthalmologist,King-Mcgrath
2631,Nicholas,Simmons,brandycook@example.org,"Surveyor, rural practice",Wilson Inc
2632,John,Evans,wwalton@example.com,Health service manager,"Thornton, Klein and Blake"
2633,Chad,Barrett,brian11@example.org,Insurance claims handler,"Sullivan, Nicholson and Kennedy"
2634,Seth,Rowland,ashleyreynolds@example.net,Research scientist (medical),Bradley and Sons
2635,Eric,Jones,tracy60@example.org,"Lighting technician, broadcasting/film/video",Baker Group
2636,Jacob,Wu,alexander16@example.net,Immunologist,Thomas PLC
2637,Ashley,Burton,alexanderkyle@example.com,Counsellor,Rivera-Ross
2638,Mary,Boyer,murraymelissa@example.org,Animal nutritionist,Kelly PLC
2639,Amber,Ray,melanie92@example.com,Broadcast journalist,Green-Miller
2640,Tammy,Wheeler,ismith@example.net,"Programmer, applications",Brock-Pratt
2641,Courtney,Fernandez,coffeynicole@example.net,"Surveyor, building",Thompson-Thompson
2642,Thomas,Clark,mitchelljuan@example.org,Health promotion specialist,"Taylor, Zamora and Blake"
2643,Steven,Duncan,ruizryan@example.com,Clinical research associate,Mata and Sons
2644,Antonio,Bowman,allenjasmine@example.net,"Education officer, museum",Faulkner Inc
2645,Zachary,Davenport,tyler45@example.org,Energy manager,Parks-Black
2646,Charles,Williams,combslaura@example.com,Copy,"Robbins, Gonzalez and Taylor"
2647,Barbara,Davis,sierralang@example.net,Operational investment banker,"Lee, Sanchez and White"
2648,Danielle,Rose,henry96@example.org,Homeopath,Patton LLC
2649,Daniel,Simpson,shellychambers@example.com,Land,"Keller, Davis and Martinez"
2650,Kirk,Torres,toddchristensen@example.net,"Surveyor, planning and development",Jackson LLC
2651,Matthew,Price,hlee@example.com,Retail manager,Wright-Gutierrez
2652,Lisa,Whitehead,jonathan86@example.com,Ambulance person,Mitchell-Haynes
2653,Michael,Moore,hannadonna@example.org,Data processing manager,Tucker-Stewart
2654,Kelsey,Green,jeffreygeorge@example.com,Special effects artist,Yates LLC
2655,Brittany,Cain,vprice@example.com,Teaching laboratory technician,Santos-Smith
2656,Patricia,Murphy,laura50@example.net,"Nurse, learning disability",Hartman and Sons
2657,Elizabeth,Guzman,matthew45@example.net,"Buyer, retail","Campbell, Case and Howard"
2658,Daniel,Mooney,johnrobbins@example.com,Geochemist,"Stephens, Cruz and Morrison"
2659,Brandon,Watts,casey71@example.org,"Surveyor, planning and development",Casey Ltd
2660,Eric,Mccarthy,leeblake@example.net,Chiropodist,Gonzalez-Wallace
2661,Jessica,Jones,mcphersonsamantha@example.org,"Scientist, water quality",Washington PLC
2662,Stanley,Richardson,hjones@example.net,"Engineer, automotive","Weaver, Montoya and Haas"
2663,Nicole,Moreno,salinasmichael@example.com,Quarry manager,Thomas-Williams
2664,Andrea,Vazquez,william37@example.org,"Embryologist, clinical",Anderson and Sons
2665,Harry,Vargas,kevinbennett@example.net,Human resources officer,"Hardin, Walker and Ballard"
2666,Carrie,Campbell,oharris@example.net,Financial trader,"Bowen, Haynes and Bray"
2667,Reginald,Weaver,perezjulie@example.org,Colour technologist,"Olsen, Stephenson and Hall"
2668,Luis,Lee,nicoleanderson@example.com,Glass blower/designer,Wright-Mclaughlin
2669,Brandi,Richardson,seanwheeler@example.org,Senior tax professional/tax inspector,"Mitchell, Santos and Johnston"
2670,Logan,Kane,christina92@example.org,Site engineer,Hunter-Fernandez
2671,Collin,Gardner,robin03@example.com,"Therapist, art","Robinson, Rivera and Carlson"
2672,William,Campbell,wesley02@example.org,Ship broker,"Leach, Hodges and Castro"
2673,Michael,Hughes,ryan86@example.net,Sports coach,"Johnson, Velez and Ramos"
2674,Emma,Kelly,petersonmichelle@example.org,Trade mark attorney,Williams Group
2675,John,Coleman,vanessa94@example.org,"Designer, television/film set",Brady and Sons
2676,Maria,Gordon,kimberlywhite@example.net,Secondary school teacher,Johnson-Morgan
2677,Michael,King,tylerrichard@example.net,Educational psychologist,Luna Group
2678,Laura,Coleman,wfarley@example.com,"Surveyor, insurance",Smith-Collins
2679,Raymond,Stephens,matthewthompson@example.net,English as a second language teacher,Jordan-Campbell
2680,Evelyn,Mack,montgomerystacy@example.com,Telecommunications researcher,Lopez-Solis
2681,Brandi,Andersen,michaelwilliams@example.com,Medical secretary,"Strong, Nelson and Hall"
2682,Billy,Hughes,josephmartinez@example.org,Teaching laboratory technician,Cunningham-Burke
2683,Cathy,Robinson,jreed@example.com,Air broker,"Sweeney, Stevens and Hickman"
2684,Brian,Little,thompsonbrianna@example.org,"Lighting technician, broadcasting/film/video",Guzman LLC
2685,Janice,Davis,harrisjoshua@example.com,"Social research officer, government",Owens Group
2686,Steven,Marks,julie29@example.org,Special effects artist,"Vasquez, Martinez and Elliott"
2687,Laura,Everett,dannyrobertson@example.org,Private music teacher,Perez-Hughes
2688,John,Brown,erica44@example.org,Medical sales representative,Adams-Roach
2689,Trevor,Cowan,jason74@example.org,Geophysicist/field seismologist,Porter Ltd
2690,Eric,Parks,cory52@example.org,Trade union research officer,"Garcia, Harris and Floyd"
2691,Janice,Allen,thomas96@example.net,Financial adviser,Pace PLC
2692,Peter,Morris,alexander15@example.com,Financial controller,Jacobs Group
2693,William,Tucker,samantha62@example.org,Health and safety adviser,Harris Ltd
2694,Kelly,Clark,xshah@example.com,Proofreader,Castaneda-Jackson
2695,James,Jones,edward57@example.net,Geophysicist/field seismologist,"Stevens, Hendrix and Kim"
2696,Darren,Brown,wongbarbara@example.org,Geochemist,Allison-Martin
2697,Paige,Calderon,loribrown@example.net,Public librarian,Molina Ltd
2698,Stephanie,Hammond,williamscory@example.com,Electronics engineer,Dunn-Murphy
2699,Sherri,Dixon,dana41@example.net,Radio producer,Miller-Valencia
2700,Melissa,Peterson,fchase@example.net,Visual merchandiser,Khan-Young
2701,Robert,Brown,paulcook@example.net,Ceramics designer,"Jones, Holt and Harrington"
2702,Troy,Ryan,tmyers@example.org,Chief Technology Officer,"Reid, Cook and Johnson"
2703,Dylan,Wright,rjackson@example.org,"Engineer, petroleum","Castro, Perkins and Taylor"
2704,Alan,Pratt,aadams@example.org,Statistician,Richards PLC
2705,John,Hernandez,taylor19@example.org,Theatre manager,Lowe-Parker
2706,Joseph,Fisher,emily71@example.org,"Psychotherapist, dance movement",Myers Inc
2707,Nathaniel,Pugh,denisecook@example.org,Holiday representative,"Cook, Allen and Benson"
2708,Andrew,Sullivan,fitzgeralddaniel@example.net,Minerals surveyor,Murray Group
2709,Nicole,Reed,nsantiago@example.net,Multimedia programmer,"Swanson, Massey and Hanson"
2710,Zachary,Lawson,jacksonbrittany@example.org,Armed forces logistics/support/administrative officer,"Jones, Vargas and Lane"
2711,Melinda,Colon,james65@example.org,Herpetologist,Cole-Smith
2712,Kathleen,Bowen,gsanders@example.org,Industrial/product designer,Duran-Fowler
2713,Jacob,Powell,rmoore@example.net,Radio producer,Martinez Inc
2714,Tracey,Taylor,cynthialee@example.org,Customer service manager,Moss Group
2715,Teresa,Mccarty,ppearson@example.net,Education administrator,Davis-Phillips
2716,Kevin,Lawrence,susan46@example.net,Accounting technician,Nicholson LLC
2717,Elaine,Warner,tnavarro@example.org,Facilities manager,White PLC
2718,Lisa,Ortega,kellyclayton@example.org,"Scientist, research (life sciences)","Mendez, White and Harvey"
2719,Jacob,Irwin,wilsonmariah@example.org,Furniture designer,Galvan-Melton
2720,Shawn,Jones,nwilliams@example.net,Town planner,"Aguilar, Bishop and Anderson"
2721,Alicia,Villa,brandon65@example.com,"Engineer, electrical",Mann-Eaton
2722,Kimberly,Daniels,karen98@example.net,"Scientist, research (life sciences)","Peterson, Garcia and Gill"
2723,Brian,Moyer,tschmidt@example.com,Museum/gallery exhibitions officer,Thomas Group
2724,Adam,Bauer,umiller@example.org,Private music teacher,"Reid, Thompson and Morrison"
2725,Kirsten,Hanson,christopher02@example.com,Solicitor,"Medina, Ramos and Wagner"
2726,Kimberly,Koch,lhart@example.net,Futures trader,"Rivas, Carter and Sutton"
2727,Corey,Carney,michellemcbride@example.net,"Scientist, forensic",Hale-Marsh
2728,Leslie,Blankenship,hernandezanthony@example.net,"Conservator, museum/gallery",Barrera Ltd
2729,Shirley,Payne,mpope@example.org,"Surveyor, building","Jacobson, Chapman and Waters"
2730,Angela,Collins,daniel98@example.com,Aid worker,Bradley-Lopez
2731,Steven,Maynard,samanthahoffman@example.net,"Teacher, special educational needs","Stark, Jones and Abbott"
2732,Destiny,Alvarez,smithashley@example.com,Communications engineer,"Ferguson, Wheeler and Sullivan"
2733,Cassie,Hughes,imcguire@example.net,Research scientist (medical),Willis-Bell
2734,Andrea,Short,katherinehamilton@example.com,International aid/development worker,Hawkins Inc
2735,Andrea,Hess,hwilliams@example.org,Insurance account manager,"Wilson, Reyes and Bailey"
2736,Marcia,Garcia,robinsoncynthia@example.com,Fish farm manager,Mckay PLC
2737,Steven,Chapman,andrew60@example.org,Professor Emeritus,Lopez and Sons
2738,Sharon,Macias,xrichardson@example.net,Financial manager,Morales Group
2739,Thomas,Spencer,hodgesaustin@example.com,Investment analyst,"Kelly, Gregory and Jones"
2740,Ryan,White,armstrongjasmine@example.net,Equities trader,"Ruiz, Davis and Cabrera"
2741,Amanda,Phillips,michael34@example.org,Games developer,Lee Ltd
2742,Jessica,Shannon,andreaterry@example.com,"Development worker, community",Bass Group
2743,Kathleen,Moran,sharonsanchez@example.com,"Engineer, maintenance (IT)",Turner PLC
2744,Kristin,Peck,zbauer@example.net,Building surveyor,York-Haney
2745,Patrick,Brady,joannallen@example.com,Armed forces training and education officer,Martin-Sullivan
2746,Paula,Cruz,jeremywright@example.org,Emergency planning/management officer,Preston Group
2747,Sara,Hernandez,anthonypeterson@example.org,Careers adviser,Reynolds-Clarke
2748,Emma,Leach,annamendoza@example.net,"Copywriter, advertising",Howard-Evans
2749,Amy,Jackson,raymond56@example.net,Plant breeder/geneticist,Herrera-Sullivan
2750,Whitney,Sutton,andrewyates@example.net,Psychiatric nurse,Beck LLC
2751,Tonya,Mcgee,jessica91@example.net,Textile designer,"Shaw, Benitez and Jarvis"
2752,Linda,Pena,allison93@example.com,"Production assistant, television","Lewis, Robinson and Lopez"
2753,Jeffrey,Torres,heather29@example.com,Financial manager,"Vaughan, Perry and Hardy"
2754,Carlos,Smith,wle@example.org,Customer service manager,Nelson Ltd
2755,Heidi,Smith,johnstondonald@example.com,Risk manager,"Ramsey, Davis and Johnson"
2756,Tabitha,Strickland,alexis08@example.net,"Engineer, materials","Burns, Lane and Thomas"
2757,Alisha,Henson,jzhang@example.org,Geochemist,"Villa, Schneider and Williams"
2758,Samantha,Mcdonald,annemills@example.net,Geochemist,"Alvarez, Oconnor and Brooks"
2759,Stacey,Fuller,danielarmstrong@example.net,Research scientist (physical sciences),Contreras LLC
2760,Julie,Morris,james19@example.net,Chartered loss adjuster,"Lucero, Dorsey and Tucker"
2761,Ashley,Massey,gregory73@example.net,Cartographer,Beck-Young
2762,Aaron,Baird,morganpatrick@example.com,Chartered loss adjuster,"Contreras, Mullins and Roberts"
2763,Brandon,Paul,daniel75@example.net,Ophthalmologist,Vargas LLC
2764,Eric,Mack,stephanie38@example.org,Housing manager/officer,Smith-Ortiz
2765,Jennifer,Jennings,tcruz@example.com,"Secretary, company","Green, Ellis and Ford"
2766,Renee,Davis,woodssamantha@example.com,Chief Technology Officer,Brown-Mason
2767,Parker,Fleming,uballard@example.net,Hospital pharmacist,"Berry, Hogan and Mcconnell"
2768,Mary,Bartlett,sbauer@example.com,Barrister's clerk,"Adams, Ayala and Cowan"
2769,Cassandra,Lee,nealkaren@example.org,Contractor,"Gross, Fox and Malone"
2770,David,Weber,uwagner@example.org,Insurance account manager,Moore and Sons
2771,Heather,Russell,coryreed@example.org,IT sales professional,Clayton-Yoder
2772,Jennifer,Roman,tsmith@example.net,Passenger transport manager,Flores-Davis
2773,James,Estrada,scottcervantes@example.org,Social researcher,Barnett Group
2774,Melissa,Brown,robert36@example.com,Animal technologist,Castillo-Williams
2775,Natalie,Barnes,antonio95@example.net,"Optician, dispensing",Navarro-Patterson
2776,Robert,Coleman,andrewreyes@example.com,Environmental manager,Lewis Group
2777,Michael,Torres,paulperez@example.com,"Geologist, engineering","Collins, Willis and Johnson"
2778,Rebecca,Miller,icarr@example.net,Medical illustrator,"Perez, Barnes and Cunningham"
2779,Timothy,Bell,davidsmith@example.net,"Surveyor, commercial/residential","Mason, Peters and Miller"
2780,Nicole,Taylor,paulharris@example.org,Airline pilot,"Pollard, Perez and Potter"
2781,Timothy,Rivera,mallorystone@example.net,"Engineer, control and instrumentation",Daniel PLC
2782,Jennifer,Murphy,umorgan@example.org,"Biochemist, clinical",Hampton LLC
2783,Carmen,Jones,andrea52@example.net,Production manager,Rodriguez-Harris
2784,Dylan,Higgins,knelson@example.net,Medical technical officer,Ponce Ltd
2785,Monique,Horne,cookrebecca@example.net,"Engineer, production",White Ltd
2786,Katie,Carroll,shannon33@example.org,"Engineer, electrical",Blackburn-Torres
2787,Matthew,Hansen,jonathan32@example.com,"Production designer, theatre/television/film",Anderson-York
2788,Sylvia,Grant,richard01@example.net,Financial adviser,Taylor-Sanchez
2789,Amanda,Lewis,zpeters@example.com,Transport planner,Hoover and Sons
2790,Peter,Salazar,leebell@example.org,Senior tax professional/tax inspector,Dunn-Garcia
2791,Heather,Torres,gilbertrobert@example.org,Farm manager,"Mcmillan, Williams and Harrington"
2792,Richard,Taylor,heidimarquez@example.org,Brewing technologist,Byrd-Wood
2793,Elizabeth,Scott,pateldominique@example.com,Photographer,Medina PLC
2794,Brenda,Jackson,browntommy@example.org,Industrial buyer,Brown-Hicks
2795,Elizabeth,Molina,pcox@example.com,Careers adviser,"Hansen, Robertson and Brown"
2796,Dan,Johnson,yavery@example.org,Diagnostic radiographer,Roberts-Wright
2797,Tonya,Sandoval,matthewsmith@example.org,Exercise physiologist,"Young, Meyer and George"
2798,Dawn,Butler,josemiller@example.com,Music therapist,Sloan-Friedman
2799,John,Keith,mcfarlandlouis@example.com,Geochemist,White Ltd
2800,Wendy,Combs,obarker@example.net,Secretary/administrator,Bartlett-Mills
2801,Stephanie,Harris,villarrealjennifer@example.org,"Nurse, children's",Avila Inc
2802,Benjamin,Horne,elijahward@example.org,Higher education lecturer,Brown Inc
2803,Kirsten,Jackson,nicoleschaefer@example.net,Engineering geologist,Mosley Group
2804,Darren,Gardner,cynthiajenkins@example.net,"Editor, commissioning",Cook Ltd
2805,Francisco,Zimmerman,michael75@example.net,Training and development officer,"Wilson, King and Thomas"
2806,Phillip,Webb,james64@example.org,Air traffic controller,Gibbs Group
2807,Philip,Jones,ijohnson@example.org,Physiological scientist,White PLC
2808,Kathleen,Sharp,emily82@example.net,Chartered accountant,Stone PLC
2809,Leah,Tran,susan80@example.com,"Engineer, manufacturing systems",Hughes LLC
2810,Sonya,Hoffman,james09@example.com,Town planner,Stevenson-Jones
2811,Matthew,Williams,lglenn@example.com,Government social research officer,"Fisher, Gray and Richards"
2812,Cristina,Owens,pmelendez@example.com,"Psychotherapist, dance movement","Barnett, Franco and Moore"
2813,James,Simmons,cmcdonald@example.org,Volunteer coordinator,Cardenas Ltd
2814,Kimberly,Vaughn,jacquelineharrison@example.org,Mechanical engineer,Burnett-Lawrence
2815,Justin,Leblanc,grace09@example.com,Arts administrator,Livingston-Baird
2816,Randy,Hall,lhansen@example.com,Radio producer,Patel Group
2817,Daniel,Cannon,brianhamilton@example.net,"Loss adjuster, chartered",Richardson Ltd
2818,Andrew,Walters,awilson@example.com,"Engineer, land",Wu-Reynolds
2819,Elizabeth,Rogers,mwhitehead@example.com,Hydrologist,Jackson-Garrison
2820,David,Day,nathaniel85@example.org,"Journalist, newspaper","Miller, Waters and Archer"
2821,Anna,Calderon,nthomas@example.net,Insurance broker,Hale PLC
2822,Stephanie,Chavez,laurie32@example.net,Personal assistant,Coleman-Washington
2823,Debra,Snow,tberry@example.com,Chartered accountant,"Perez, Salinas and Johnson"
2824,Alan,Osborne,martin28@example.com,Bookseller,Anderson PLC
2825,Rebecca,Montgomery,peterthomas@example.net,"Education officer, environmental",Fuller Group
2826,Elizabeth,Mendez,kelly47@example.net,Tourist information centre manager,Flores Group
2827,William,Weaver,dickersonmelanie@example.org,Dealer,"Rodgers, Cuevas and Shaw"
2828,Kevin,Perry,chadayers@example.net,Armed forces training and education officer,"Tucker, Bates and Potter"
2829,Jessica,Bowman,jamestaylor@example.org,Museum/gallery exhibitions officer,"Bryant, Smith and Bond"
2830,Amanda,Evans,kathleenpreston@example.org,Set designer,Miller-Bowers
2831,Hayden,Clark,lhughes@example.net,Translator,Perry Ltd
2832,Shawn,Kim,carrkristen@example.net,Astronomer,Newton PLC
2833,Debbie,Hill,nwood@example.net,Special effects artist,Bennett LLC
2834,Dennis,Rogers,turnerleslie@example.net,Hotel manager,Moore-West
2835,Laura,White,bradleygomez@example.net,Make,"Cabrera, Wiggins and Cook"
2836,John,White,allison84@example.com,Recycling officer,Diaz-Chapman
2837,Nicole,Anderson,gmcdaniel@example.net,Naval architect,Bradley-Perkins
2838,Vickie,Carpenter,andreaturner@example.org,Clinical biochemist,"Palmer, Estrada and Newman"
2839,Monica,Lambert,hernandezwalter@example.net,IT consultant,Martin-Meyer
2840,Mark,Miller,ryan07@example.com,Games developer,"Garcia, Rogers and Jones"
2841,Brittany,Finley,donna97@example.net,Mechanical engineer,Bell-Lee
2842,Ryan,Blackwell,tthornton@example.org,"Psychologist, occupational","Smith, Greer and Simmons"
2843,Michael,Riley,mallory18@example.com,Graphic designer,"Greer, Hughes and Jackson"
2844,Jessica,Greene,dennis02@example.net,Private music teacher,"Jackson, Edwards and Hansen"
2845,Mariah,Robinson,kellydixon@example.com,"Designer, multimedia",Delgado and Sons
2846,Tiffany,Morris,johnevans@example.org,"Engineer, site",King-Ramirez
2847,Jesus,Hall,everettjonathan@example.com,Aeronautical engineer,"Miller, Lyons and Richard"
2848,Lee,Grimes,murraykerry@example.org,Product manager,Anderson-Patterson
2849,Betty,Griffith,ajoyce@example.com,"Scientist, clinical (histocompatibility and immunogenetics)","Berry, Brown and Cook"
2850,Stephanie,Lewis,alexandra20@example.com,"Nurse, adult","Byrd, Mcknight and Harris"
2851,Ryan,Sherman,evanssteven@example.net,Technical brewer,"Ortiz, Smith and Rowland"
2852,Scott,Dalton,brenda58@example.org,Chartered public finance accountant,Davis-Thomas
2853,Donald,Smith,garciadavid@example.org,"Editor, commissioning","Rodriguez, Thompson and Wells"
2854,Trevor,Price,kristen63@example.com,Health promotion specialist,"Skinner, Hatfield and Walker"
2855,Robert,Brown,brendaanderson@example.com,Fast food restaurant manager,Knight Inc
2856,Alicia,Collins,comptonrobert@example.net,Gaffer,"Wells, Peters and Rojas"
2857,Monica,Lambert,jennifernelson@example.org,Adult guidance worker,Watson-May
2858,Sean,Vazquez,matthew60@example.com,"Librarian, academic",Jackson Inc
2859,Todd,Murphy,walkershane@example.net,Physiotherapist,"Roberts, Madden and Johnson"
2860,Anthony,James,rcollins@example.org,Diagnostic radiographer,Romero-Hall
2861,Christopher,Rodriguez,vdavis@example.org,Building surveyor,Thomas-Flores
2862,Michael,Scott,wjohnson@example.org,"Journalist, magazine",George-Miller
2863,Heidi,Page,bgraham@example.org,"Psychologist, occupational",Myers-Herman
2864,Sandra,Garrett,michael43@example.net,"Development worker, community","Lyons, Warren and Carter"
2865,Andrew,Garcia,christine64@example.net,"Secretary, company","Perry, Glover and Petersen"
2866,James,Scott,tammy32@example.com,Illustrator,Day PLC
2867,Jason,Zuniga,fhenderson@example.net,Mudlogger,Alvarez-Chambers
2868,Anne,Cervantes,orosales@example.net,Systems analyst,"Velasquez, Torres and Smith"
2869,Tara,Deleon,johnmalone@example.org,Veterinary surgeon,"Shea, Moore and Jordan"
2870,Vanessa,Anderson,martin08@example.net,Facilities manager,Gonzalez Ltd
2871,Matthew,Franklin,barrettmelissa@example.org,Forensic scientist,"Sims, Perez and Murphy"
2872,Alexandra,Mccall,aroman@example.com,Clinical embryologist,Gonzalez Inc
2873,Richard,Church,joshuanewton@example.org,"Horticulturist, commercial",Smith-Peters
2874,Amber,White,grahamnatalie@example.org,Insurance broker,Gonzalez Group
2875,Christopher,Cruz,justin92@example.com,Sports administrator,Spencer-Rivas
2876,Priscilla,Bowers,charles99@example.com,Therapeutic radiographer,Santos Group
2877,Mathew,Mccall,amandanavarro@example.net,Senior tax professional/tax inspector,Martinez and Sons
2878,Jesse,Boyd,mark59@example.com,Stage manager,Baker PLC
2879,Hector,Taylor,wilsonmary@example.net,Charity officer,Franklin-Bishop
2880,Patty,Weaver,lopezbarbara@example.org,Applications developer,Barker-Morrow
2881,Sherri,Payne,victoriahansen@example.net,Chief Technology Officer,Beck LLC
2882,Crystal,Ball,garciapaul@example.org,Medical secretary,Craig-Richards
2883,Kristy,Lewis,burgesssamuel@example.org,Clinical biochemist,"Washington, Rose and Norman"
2884,Lisa,Turner,wolfvicki@example.org,"Nurse, adult",Thompson LLC
2885,Monica,Williams,gclark@example.net,"Conservation officer, historic buildings",Bell-Cooper
2886,Scott,Rhodes,samuel05@example.com,Telecommunications researcher,"Luna, Stanley and Underwood"
2887,Karen,West,usteele@example.net,"Administrator, sports","Yates, Hayden and Costa"
2888,Eric,Duffy,matthewsalinas@example.org,Drilling engineer,"Webb, Davis and Thomas"
2889,Peter,Gonzalez,fordcraig@example.net,Environmental health practitioner,Watkins Group
2890,Randall,Adams,hullbenjamin@example.com,"Engineer, energy","Jacobs, Chambers and Kim"
2891,James,Byrd,ckerr@example.net,Aid worker,"Brown, Smith and Bell"
2892,Wanda,West,boydvictoria@example.org,Television floor manager,"Benton, Jones and Peterson"
2893,Jessica,Williams,munozkelly@example.org,Building control surveyor,Farrell-Kelly
2894,Benjamin,Carpenter,nbrown@example.com,Oncologist,Watson-Ali
2895,Julia,Gordon,toddsalazar@example.com,Fine artist,Macdonald Group
2896,Matthew,Mitchell,shane25@example.net,"Scientist, marine",Wagner and Sons
2897,Luke,Gibson,jesseharvey@example.net,Immigration officer,Thompson-King
2898,Kevin,Carr,bruceholmes@example.com,Exercise physiologist,Miranda Ltd
2899,Carmen,Robinson,bradley70@example.org,Civil Service fast streamer,Tanner Inc
2900,Lisa,Holt,kyliebarrett@example.org,Photographer,Duran and Sons
2901,Diane,Taylor,malvarez@example.org,Office manager,Roberts-Kline
2902,Jessica,Cooper,dawsondevin@example.com,Hospital doctor,"Phillips, Burns and Hunt"
2903,Cheryl,Brown,timothy85@example.com,Secondary school teacher,Coleman-Wilson
2904,Kelly,Stephens,ericwalker@example.com,"Pilot, airline","Torres, Green and Erickson"
2905,Cynthia,Manning,justinfrey@example.org,Media buyer,Maxwell-Trujillo
2906,Kevin,Phillips,qrodriguez@example.org,Building services engineer,"Wood, Stanley and Soto"
2907,Heidi,Alvarado,bwalker@example.org,"Designer, blown glass/stained glass",Vargas-Fitzgerald
2908,Jeanette,Myers,shahrickey@example.org,Press photographer,Franco LLC
2909,Shelley,Wilson,nathanielsweeney@example.net,"Buyer, retail","Carroll, Wilkerson and Harper"
2910,Mary,Richardson,pjackson@example.net,"Teacher, primary school","Rhodes, Harris and Collins"
2911,Theodore,Martinez,holmesdeborah@example.com,Ophthalmologist,Winters Ltd
2912,Michelle,Hunter,michelle24@example.net,Furniture conservator/restorer,"Hill, Rogers and Johnson"
2913,Alan,Miller,arichardson@example.net,Musician,Harper-Welch
2914,Bradley,Ramos,smithdaniel@example.com,Oceanographer,"Cox, Mcintosh and Ford"
2915,Kaitlyn,Hill,agonzalez@example.com,"Accountant, chartered","Ramirez, Torres and Figueroa"
2916,William,Diaz,derrickkrause@example.com,Occupational therapist,Hansen Inc
2917,Alison,Ortega,stephanie30@example.org,"Embryologist, clinical","Miller, Guzman and Ballard"
2918,Joseph,Lewis,millerdavid@example.org,"Designer, blown glass/stained glass","Gay, Young and Chavez"
2919,Mark,Mitchell,qjohnson@example.com,"Engineer, mining",Johnson Ltd
2920,Darin,Owen,jessica22@example.net,General practice doctor,"Conner, Robinson and Castillo"
2921,Connie,Bennett,barkermichele@example.net,Counselling psychologist,"Fitzgerald, Curtis and Long"
2922,Douglas,Lopez,jamiewatkins@example.com,Historic buildings inspector/conservation officer,Johnson-Mckenzie
2923,David,Sutton,hopkinsbrandon@example.com,Barrister,Esparza-Johnson
2924,Susan,Berry,thomasrogers@example.org,Actuary,Morales Group
2925,Jacqueline,Howard,kylecobb@example.org,Geophysicist/field seismologist,Cox-Horne
2926,Andrew,Richardson,brucekathryn@example.org,Risk analyst,"Turner, Pollard and Freeman"
2927,Parker,Sherman,robertwiggins@example.org,Insurance risk surveyor,Patton-Hughes
2928,Robert,Fernandez,mauricecarlson@example.net,Exhibition designer,Singh and Sons
2929,Tommy,Johnson,mark40@example.org,IT technical support officer,Delgado Ltd
2930,Brian,Frazier,cantrelldonna@example.net,Nutritional therapist,"Miller, Cole and Mata"
2931,Christine,Marshall,fglover@example.org,Commissioning editor,"Vasquez, Salas and Crosby"
2932,Tracey,Johnson,dana81@example.net,"Engineer, electronics","Kirk, Gray and Flores"
2933,Monique,Castro,croberts@example.org,Product designer,Mccormick Ltd
2934,Michelle,Farley,ypruitt@example.org,Amenity horticulturist,King-Smith
2935,Jorge,Simpson,heather37@example.net,"Engineer, technical sales",Bradford-Williams
2936,Nathan,Mckee,gjackson@example.net,Research scientist (maths),Torres-Rivera
2937,Mark,Marks,ronniemoore@example.com,"Surveyor, minerals",Wilson-Allen
2938,Samantha,Olson,matthew72@example.net,"Engineer, civil (consulting)",Thomas-Jefferson
2939,Suzanne,Combs,garrettkane@example.org,"Chemist, analytical",Dunn-Cabrera
2940,Chad,Walker,karencook@example.com,Theatre manager,Anderson Inc
2941,Anthony,Frey,jamesdennis@example.org,Horticultural consultant,"Morales, Phillips and Carey"
2942,Candice,Fuller,jaimegarner@example.org,"Engineer, automotive",Hunt Group
2943,Sabrina,Rice,ovega@example.net,Public affairs consultant,Mendez Ltd
2944,Jeffery,Strong,umartinez@example.org,Petroleum engineer,Hutchinson LLC
2945,Mary,Simon,jeromepeterson@example.org,Research scientist (medical),"Lambert, Nelson and Roberts"
2946,Adam,Lee,elizabeth38@example.com,Paramedic,Garcia Ltd
2947,Robert,Cohen,zjohnson@example.net,Immunologist,"Fox, Nelson and Diaz"
2948,Michael,Gregory,xrobinson@example.net,Travel agency manager,Wood Group
2949,Shannon,Garcia,edwardhernandez@example.com,Retail merchandiser,Ware-Perez
2950,Cheryl,Hammond,beanconnie@example.com,Ambulance person,"Young, Mason and Hodge"
2951,David,Noble,jessicawolfe@example.org,"Engineer, manufacturing",Calhoun LLC
2952,Susan,Nguyen,sophia75@example.net,Air cabin crew,Martinez-Ray
2953,Kimberly,Martinez,danielleharris@example.org,Technical author,"Cooper, Liu and Williams"
2954,Patricia,Meyer,philip56@example.org,Advertising account planner,Fox PLC
2955,Taylor,Hanna,james27@example.org,Telecommunications researcher,Allen Inc
2956,Christine,Gardner,conwaydavid@example.net,Soil scientist,Atkins-Bailey
2957,Joseph,Bryant,bowmanabigail@example.net,Diagnostic radiographer,Nicholson-Hernandez
2958,Sarah,Griffith,kim36@example.com,Immigration officer,Stein Group
2959,Justin,Sanders,rsmith@example.org,"Physicist, medical","Peters, Washington and Foster"
2960,Caitlin,Caldwell,patriciafuentes@example.org,Consulting civil engineer,Lopez and Sons
2961,Angela,Daniels,alec62@example.com,"Therapist, art","Espinoza, Tyler and Anderson"
2962,Karen,Snow,jvega@example.org,Corporate treasurer,Anderson-Ali
2963,Cory,Alexander,winterskimberly@example.org,"Engineer, petroleum",Butler-Schaefer
2964,Chelsea,Nichols,rickey46@example.net,Data scientist,"Foster, Bass and Wood"
2965,Jack,King,bedwards@example.net,"Civil engineer, contracting","Garza, Taylor and Hopkins"
2966,Mary,Thompson,rodriguezjoseph@example.org,Financial controller,Liu PLC
2967,Kimberly,Bates,nicolesmith@example.com,"Editor, film/video","Torres, Donovan and Nixon"
2968,Andrew,Brown,brownjeffrey@example.net,Print production planner,"Griffin, Ellis and Salazar"
2969,Kelsey,Sherman,etorres@example.net,Hydrographic surveyor,"Curry, Guerrero and Baker"
2970,Nicholas,Burke,travis98@example.org,Chartered certified accountant,Davenport Ltd
2971,Bryan,Jones,derricksnow@example.org,Electrical engineer,Matthews-Santos
2972,Robert,Green,mmoreno@example.com,Information officer,Moore-Hobbs
2973,Robin,Parrish,zjefferson@example.org,Building surveyor,Sellers and Sons
2974,Richard,Matthews,ivansimmons@example.org,Network engineer,Schmitt-May
2975,Cynthia,Watkins,esmith@example.net,Clinical psychologist,Mejia LLC
2976,James,Shaffer,kimberlyserrano@example.org,Aid worker,Terry LLC
2977,Edwin,Bernard,christopher79@example.com,"Surveyor, commercial/residential","Rice, Parker and Lambert"
2978,Donna,Robertson,scottobrien@example.net,Electronics engineer,"Reyes, Russell and Ramirez"
2979,Jillian,Stewart,erinrodriguez@example.net,"Editor, magazine features",Carter and Sons
2980,Michael,Wilson,thomasstein@example.org,Industrial/product designer,"Ferguson, Turner and Morgan"
2981,Kelly,Green,patriciareed@example.com,Illustrator,Houston and Sons
2982,Shane,Day,thomas24@example.org,Banker,Moran LLC
2983,Linda,Williams,mariawang@example.org,Banker,"Steele, Sanchez and Roth"
2984,Linda,Mcguire,clarkeandrea@example.com,Information systems manager,Sims Inc
2985,Travis,Silva,mwhite@example.org,Academic librarian,Knight-Shepherd
2986,Norma,Miller,grayrobert@example.net,Financial trader,Rhodes and Sons
2987,Jonathan,Wu,jessica86@example.org,Recycling officer,Peck LLC
2988,Vincent,Clarke,jhumphrey@example.com,Landscape architect,"White, Stokes and Bautista"
2989,Cynthia,Colon,skinnerjackie@example.com,Transport planner,Estrada and Sons
2990,Donald,Dominguez,johammond@example.org,Police officer,Wright LLC
2991,John,Petersen,matthew94@example.com,"Surveyor, building control",Scott-Young
2992,Molly,Stewart,marioproctor@example.com,"Programme researcher, broadcasting/film/video",Skinner Group
2993,David,Arroyo,harrywright@example.com,"Designer, graphic","Hammond, Pearson and Kelly"
2994,Eric,Alexander,laurenbernard@example.net,Interpreter,"Reynolds, Holmes and Matthews"
2995,Richard,Stevenson,nclark@example.com,Art therapist,Brooks-Wilson
2996,Karen,Smith,flowersdylan@example.com,Fitness centre manager,Moses-Strickland
2997,Brian,Vazquez,drakejoshua@example.org,Interpreter,"Jordan, Thompson and Klein"
2998,Lori,Vincent,osmith@example.com,"Nurse, mental health","Johnson, Norris and Lawrence"
2999,Christine,Bennett,ncardenas@example.org,Radio producer,"Wilson, Lewis and Boyd"
3000,Eric,Fernandez,perezveronica@example.com,Chief Executive Officer,Johnson-Torres
3001,Lauren,Olsen,lauren03@example.com,English as a second language teacher,"Miller, Villarreal and Patrick"
3002,Cynthia,Willis,nicole27@example.org,Retail banker,"Brooks, Anderson and Taylor"
3003,Melissa,Murphy,lydia35@example.com,Financial trader,Lang-Hendricks
3004,Stephen,Thomas,coxjustin@example.net,Charity fundraiser,Smith-Chen
3005,Ashley,White,hopkinsdavid@example.net,Clinical embryologist,Miller and Sons
3006,Jessica,Lopez,lyonsjulie@example.com,Geographical information systems officer,"Salinas, Espinoza and Barker"
3007,John,Woods,timothypoole@example.com,"Teacher, primary school","Montoya, Moore and Lee"
3008,Robert,Bennett,kimjohnson@example.com,Radiation protection practitioner,"Howard, Sanford and Perkins"
3009,Samantha,Jackson,sjones@example.net,Meteorologist,Johnson Inc
3010,Jimmy,Vang,lawrencejones@example.org,Advice worker,"Stephenson, Johnson and Wright"
3011,Holly,Diaz,umckee@example.com,Trading standards officer,"Barton, Mosley and Sloan"
3012,Steven,Prince,nathan15@example.net,Contractor,Thomas Inc
3013,Ellen,Taylor,jacksonjeremy@example.net,"Psychologist, forensic","Hernandez, Morrison and Christian"
3014,Alexis,Parsons,tracy94@example.org,Land/geomatics surveyor,"Kerr, Baker and Holmes"
3015,Jennifer,Jenkins,jacquelinethomas@example.com,"Editor, commissioning",Jefferson-Jones
3016,Jeffrey,Cruz,kaitlynsanders@example.org,Geophysical data processor,Wade Inc
3017,Nathan,Long,masseykayla@example.net,Chartered accountant,"Johnston, Hughes and Tapia"
3018,Angela,Mcmillan,aperry@example.com,Financial manager,Hanson-Rhodes
3019,Joshua,Mitchell,stacywilson@example.com,Waste management officer,"Ellis, Perez and Brown"
3020,Julie,Hall,chelseacastillo@example.com,Product designer,"Mccoy, Cervantes and Bailey"
3021,David,Juarez,xgraham@example.com,Human resources officer,Lindsey Inc
3022,Jamie,Davis,wcopeland@example.net,Human resources officer,Bishop-Medina
3023,Roger,Lopez,leslie47@example.net,Newspaper journalist,"Warren, Gibson and James"
3024,Brian,Esparza,ana43@example.net,Homeopath,"Hogan, Case and Andrade"
3025,Bradley,Allen,leematthew@example.org,Community arts worker,"Young, Black and Robinson"
3026,Bridget,Singh,cooperjennifer@example.org,"Lighting technician, broadcasting/film/video","Richards, Brown and Murphy"
3027,Anthony,Rivera,uhoffman@example.net,Industrial buyer,"Smith, Jones and Mueller"
3028,Katherine,Walls,sierra84@example.com,Sports therapist,Caldwell-Watkins
3029,Bobby,Cooper,chapmankyle@example.net,Merchant navy officer,"Gonzales, Mitchell and Carter"
3030,Laura,Owens,omcgee@example.org,Chief Executive Officer,Fisher-Castillo
3031,Seth,Whitaker,jamesvargas@example.org,Exhibition designer,"Massey, Rowland and Griffin"
3032,Natalie,Ramirez,elliottamy@example.org,Music therapist,Nguyen-Lopez
3033,David,Crosby,jeremybrown@example.net,"Engineer, land",Ferguson-Rich
3034,Deanna,Nguyen,derek09@example.net,Maintenance engineer,"Martin, Rivas and Andrews"
3035,James,Jones,dhall@example.net,Air traffic controller,Gardner LLC
3036,Summer,Smith,balldonald@example.org,Theatre director,Potts Ltd
3037,Robert,Foster,stephendiaz@example.net,Equities trader,Davis Group
3038,Carol,Nguyen,rodriguezanthony@example.net,"Lecturer, higher education",Barnett-Simmons
3039,Rachel,Brown,richard55@example.com,"Engineer, site","Randolph, Munoz and Harris"
3040,Teresa,Patel,gomezstephanie@example.net,Health and safety adviser,Shaw Inc
3041,Sherri,Hill,jay78@example.org,Advertising account executive,Washington PLC
3042,Eric,Dominguez,nicholas55@example.org,Forensic scientist,Phillips-Coleman
3043,Corey,Johnson,wheelermichael@example.org,"Lecturer, higher education",Hall LLC
3044,Caitlyn,Martinez,blairbryan@example.org,"Engineer, water",Lin-Garcia
3045,April,Wilson,emurray@example.com,"Production assistant, television",Roberts-Harrell
3046,Glenda,Jones,heidicoffey@example.com,Illustrator,Norris-Maynard
3047,John,Taylor,tkennedy@example.org,"Engineer, manufacturing systems",Park-Cole
3048,Samantha,Nunez,larry90@example.com,Legal secretary,"Castro, Aguirre and Davis"
3049,Jordan,Drake,riversalex@example.net,"Conservation officer, nature","Diaz, Gonzales and Delgado"
3050,Ashley,Espinoza,ramosmiranda@example.net,"Psychologist, forensic","Mcpherson, Robinson and Brown"
3051,Danielle,Vaughn,debramartin@example.net,Charity fundraiser,Rodriguez-Martin
3052,Amy,Davies,bradfordkimberly@example.net,"Accountant, chartered management",Burton Ltd
3053,Tara,Gordon,framos@example.com,Chemical engineer,Finley-Lee
3054,Daniel,Thompson,chelseyhernandez@example.com,Herbalist,Robinson Group
3055,Jeanette,Smith,smithcaroline@example.com,Facilities manager,"Mendez, Moses and Lopez"
3056,Robert,Sloan,schmidtteresa@example.com,"Engineer, structural",Hicks Group
3057,Scott,Ferguson,zmoss@example.org,Sales promotion account executive,"Shields, Brown and Adams"
3058,Maria,Murphy,beverly39@example.org,Medical laboratory scientific officer,Glenn Group
3059,Shannon,Glover,christopher69@example.org,"Civil engineer, contracting","Chaney, Barton and Giles"
3060,Jennifer,Powell,amandamahoney@example.com,Paediatric nurse,Thomas Ltd
3061,Raymond,Hartman,josephgarcia@example.org,Pharmacologist,Hill-Williams
3062,Steven,Camacho,johnbrown@example.org,"Chemist, analytical",Hunt-Ball
3063,Krista,Good,hughesmargaret@example.com,Physiological scientist,Knight-Gentry
3064,Ryan,Harris,kimberlyle@example.org,"Copywriter, advertising","Hernandez, Baker and Davis"
3065,Ruben,Hunt,ronald80@example.net,IT technical support officer,"Long, Contreras and Murphy"
3066,Manuel,Clayton,courtneyduffy@example.net,Learning disability nurse,Garcia-Harrison
3067,Charles,Campbell,duncanmaria@example.org,Call centre manager,Becker LLC
3068,Amanda,Lawson,christopher43@example.com,Animator,Lucero LLC
3069,Matthew,Wong,amedina@example.net,Legal secretary,Sheppard Ltd
3070,Michael,Hammond,danieljoseph@example.org,Commercial art gallery manager,Vargas PLC
3071,Nicole,Guzman,marquezjason@example.net,Public librarian,"Medina, Hurst and Cohen"
3072,Laura,Edwards,hannamelissa@example.net,"Engineer, aeronautical",Sandoval and Sons
3073,Brittney,Smith,david73@example.org,Public house manager,"Blackburn, Burch and Rose"
3074,Rachel,Thompson,scottwhitehead@example.com,"Engineer, drilling","Williams, Warren and Rivas"
3075,Andrew,Walton,nelsonkimberly@example.com,Trade union research officer,Smith LLC
3076,Tammy,Bernard,kevin42@example.net,Child psychotherapist,Berg-Nichols
3077,Sara,Gomez,thomasduran@example.org,"Engineer, materials",Anderson-Lam
3078,Bryan,Gutierrez,wjones@example.net,"Engineer, manufacturing","Potter, Lee and Delgado"
3079,Aaron,Rodriguez,hhansen@example.net,"Lecturer, higher education",Snow LLC
3080,Luke,Smith,dana30@example.org,Newspaper journalist,"Holder, Whitehead and Jarvis"
3081,Karen,Leonard,sclark@example.org,Public affairs consultant,Miller and Sons
3082,Gina,Parker,isabel93@example.net,Financial manager,Gallagher-York
3083,Courtney,Villanueva,jennafernandez@example.com,Financial risk analyst,"Carlson, Donovan and Sims"
3084,Leslie,Perez,schultzelaine@example.net,Fitness centre manager,"Wright, Moyer and Pearson"
3085,Stephen,Mcbride,jermainewalker@example.com,Glass blower/designer,"Montoya, Austin and Lee"
3086,Douglas,Campbell,dking@example.org,Hydrologist,"Guerrero, Williams and Adams"
3087,Patrick,Frey,stephanieroberts@example.com,Ergonomist,Taylor-Barton
3088,Rebecca,Kent,sethgarcia@example.net,Ship broker,Harvey-Williams
3089,Tonya,Taylor,crystallarson@example.org,Magazine journalist,"Wise, Miller and Moore"
3090,Andrew,Lara,justin68@example.org,Automotive engineer,"Rodriguez, Glenn and Bowman"
3091,Stephanie,Chapman,amber02@example.org,Consulting civil engineer,"Smith, Ellis and Conway"
3092,Michelle,Mcgee,alvaradojuan@example.net,"Engineer, civil (contracting)",Lopez Ltd
3093,Penny,Ibarra,tracywhite@example.com,"Investment banker, corporate","Manning, Brown and Acosta"
3094,Amber,Bradley,johnsonamanda@example.org,Toxicologist,"Gould, Hughes and Robinson"
3095,Melissa,Watkins,fjones@example.org,Artist,Ramos-Freeman
3096,Jay,Moreno,rosstheresa@example.net,Geoscientist,Hernandez-Burton
3097,Kenneth,Ramirez,hannah76@example.org,"Biochemist, clinical",Edwards-Blanchard
3098,Carla,Harris,ppotter@example.net,Plant breeder/geneticist,White-Stewart
3099,Kendra,King,qheath@example.com,"Surveyor, quantity","Walsh, Adams and Jones"
3100,Connor,Randolph,kgraves@example.net,Data scientist,"Gonzales, Kramer and Roberts"
3101,Brian,Murray,andrea59@example.net,Oceanographer,Burns-Beck
3102,Chelsea,Wilson,vincentfloyd@example.com,Careers information officer,Hernandez-Bradford
3103,Carrie,Gilbert,victorhorton@example.net,Exercise physiologist,Roberts-Parrish
3104,Zachary,Hensley,lee93@example.net,Structural engineer,"Leonard, Guerrero and Spencer"
3105,Charles,Williams,tammy21@example.net,Chemical engineer,Flores-Fox
3106,Eric,Mathis,labbott@example.net,Theme park manager,Webb-White
3107,Joshua,Jones,sherry45@example.net,Radio broadcast assistant,"King, Wright and Pacheco"
3108,Emily,Mckay,iadams@example.net,"Engineer, site",Murphy PLC
3109,Evan,Owens,kelly38@example.com,"Therapist, sports","Friedman, Phillips and Vasquez"
3110,Linda,Santiago,robertparker@example.com,Photographer,"Black, Miller and Green"
3111,Susan,Gutierrez,vincentdaniel@example.org,Fine artist,Turner-Avila
3112,Matthew,Woodard,zwalker@example.net,Insurance account manager,"Peterson, Brooks and Gonzalez"
3113,John,Gomez,mconrad@example.net,Intelligence analyst,Gibson-Ochoa
3114,Richard,Brown,qallen@example.net,Engineering geologist,Bridges PLC
3115,Paige,Frey,rothlisa@example.net,Building surveyor,Aguirre Ltd
3116,Heather,Chen,peter23@example.org,Exercise physiologist,Mckee PLC
3117,Veronica,Thomas,timothy52@example.net,Research scientist (physical sciences),"Garcia, Chang and Massey"
3118,David,Smith,victoria36@example.com,Energy manager,"Mejia, Ferguson and Taylor"
3119,Melanie,Wilkinson,oliviaphillips@example.com,Chartered certified accountant,"Russell, Rowland and Saunders"
3120,Sara,Ferguson,erika26@example.com,Product/process development scientist,Escobar and Sons
3121,John,Fox,ethomas@example.org,Legal executive,Saunders PLC
3122,Shannon,Smith,kochmichael@example.net,IT sales professional,"Smith, Rubio and Weaver"
3123,Stephanie,Dixon,matthewsmith@example.net,"Surveyor, building control",Wright-Young
3124,James,Hawkins,rwilliamson@example.com,"Psychologist, forensic",Barry-White
3125,Amy,Jackson,vgalvan@example.net,"Designer, industrial/product","Clark, Vega and Ramsey"
3126,Joseph,Mcpherson,kzamora@example.org,Banker,Chandler Group
3127,Miranda,Rhodes,kbrown@example.net,Claims inspector/assessor,Miller Inc
3128,Jenna,Singh,patrick85@example.net,Advertising account planner,Allen-Cuevas
3129,Tammy,Mora,marcusli@example.net,Commissioning editor,Compton LLC
3130,Brian,Mills,jaclynthompson@example.net,Company secretary,Powell-Jordan
3131,Ryan,Snyder,richardmccarthy@example.net,Microbiologist,Romero-Henderson
3132,Dalton,Faulkner,sandracurry@example.org,Facilities manager,Harper PLC
3133,Danielle,Howe,diane00@example.org,Textile designer,Horton-Powell
3134,Stephen,Gallagher,tranjonathan@example.org,"Pharmacist, hospital",Flynn LLC
3135,Faith,Gray,elliottcraig@example.net,"Producer, television/film/video",Harrell and Sons
3136,Steven,Ramirez,stephenpearson@example.com,Toxicologist,Lynch Ltd
3137,Bethany,Bauer,sblackwell@example.net,Physiological scientist,Hall-Williams
3138,Shane,Smith,scoleman@example.net,Brewing technologist,Vargas PLC
3139,Eric,Fernandez,danielheath@example.com,Sports therapist,Taylor and Sons
3140,Robert,Rios,thill@example.net,Human resources officer,"Wilson, Mckinney and Le"
3141,Emily,Scott,fgarcia@example.com,Consulting civil engineer,"Arias, Murphy and Bishop"
3142,Catherine,Davis,brooke15@example.org,Charity officer,Reese Ltd
3143,John,Williams,cynthiamcintyre@example.org,"Scientist, research (maths)",Schneider-Sims
3144,Wayne,Chambers,ralph16@example.com,"Lecturer, further education",Hall Ltd
3145,Gregory,Reynolds,zpark@example.com,Customer service manager,"Pittman, Haas and Gordon"
3146,Rachel,Nunez,jill41@example.com,Gaffer,Molina PLC
3147,Matthew,Lopez,timothytanner@example.org,"Nurse, mental health",Lane-Brown
3148,Robert,Gonzalez,medinajason@example.com,Veterinary surgeon,Schneider-Freeman
3149,Darlene,Logan,kevinmaddox@example.com,Arboriculturist,Kaufman PLC
3150,Diana,Williams,heather29@example.org,"Nurse, mental health","Cochran, Perez and Patterson"
3151,Christopher,Johnson,amber51@example.net,Web designer,Howard PLC
3152,Meghan,Taylor,samantha27@example.com,Soil scientist,Carter-Morrison
3153,Mary,Higgins,shannon80@example.com,Pharmacologist,"Russell, Giles and Haynes"
3154,Mark,Steele,nguyenjohn@example.com,Gaffer,Bell-Sullivan
3155,Charles,Price,phillipsashley@example.org,Environmental consultant,Russell Inc
3156,Amy,Gibbs,rhonda08@example.com,"Education officer, community",Brooks and Sons
3157,Carol,Reid,stephaniechambers@example.org,"Psychotherapist, child",Douglas Group
3158,Julie,Castaneda,tyler21@example.com,Animal nutritionist,Ross-Grant
3159,Megan,Young,krystalrowland@example.com,Building control surveyor,Villanueva-Sandoval
3160,Kara,Martinez,christiananthony@example.com,Holiday representative,Brown-Villegas
3161,Brett,Werner,brendaweaver@example.org,Clinical research associate,Brown-Clarke
3162,Eugene,Estrada,vjackson@example.net,"Teacher, adult education","Salazar, Bond and Carroll"
3163,Jay,Wright,nicholas15@example.org,Commercial art gallery manager,Lane and Sons
3164,Anna,Oconnor,jroberts@example.net,"Teacher, secondary school","Ramsey, Robinson and Hernandez"
3165,Benjamin,Mitchell,yvasquez@example.net,Secondary school teacher,Burns PLC
3166,Amy,Mclean,fherring@example.com,Chief Technology Officer,Price-Avila
3167,Aaron,Graham,xcampbell@example.org,"Administrator, sports",House-Anderson
3168,Scott,Hendricks,elynch@example.com,Optometrist,"Malone, Ross and Turner"
3169,Jordan,Sanchez,tmelton@example.org,Forest/woodland manager,Bryan Inc
3170,Andrea,Wright,cmiller@example.com,"Nurse, children's",Tate-Miller
3171,Laura,Turner,josephprice@example.com,"Engineer, petroleum",Benson-Marsh
3172,Ariel,May,michaeljohnston@example.com,Operational investment banker,"Moyer, Suarez and Acosta"
3173,Caleb,Smith,john88@example.net,Toxicologist,"Jackson, Walters and Hernandez"
3174,Richard,Castillo,danielle53@example.net,"Scientist, audiological",Reed Group
3175,Katherine,Harris,jacquelinefuller@example.net,"Conservation officer, historic buildings","Smith, Harris and Mcknight"
3176,Kristina,Merritt,zkim@example.org,Health physicist,Davis-Zavala
3177,Albert,Holmes,qlewis@example.net,"Psychotherapist, child",Wright-Brown
3178,Tara,Hamilton,korozco@example.com,Systems analyst,Reyes-Alvarez
3179,James,Hale,juanwilkerson@example.net,"Investment banker, operational","Cobb, Cervantes and Webb"
3180,Travis,Gilmore,patrick55@example.com,"Engineer, biomedical","Wilkinson, Noble and Wood"
3181,Tammy,Brown,richardcharles@example.org,Tree surgeon,"Watkins, Stewart and White"
3182,Daniel,Gutierrez,johnny87@example.net,Conference centre manager,Fleming-Melton
3183,Tracy,Johnson,sandragoodman@example.org,General practice doctor,"Mcintosh, Dominguez and Escobar"
3184,Laura,Bryant,whitericky@example.com,Office manager,Sanchez-Matthews
3185,Tracy,Blackburn,amyers@example.org,IT consultant,Cameron and Sons
3186,Maria,Ward,ncastillo@example.net,Astronomer,Davis Inc
3187,Brian,Torres,ytaylor@example.com,"Teacher, special educational needs","Kelly, Bartlett and Barton"
3188,Connie,Gutierrez,cmccarthy@example.org,"Education officer, community","Henderson, Barber and Ellis"
3189,Melanie,Henderson,craig26@example.net,Site engineer,"Thomas, Quinn and Cruz"
3190,Karen,Cain,mmartin@example.org,"Librarian, academic","Ayala, Carrillo and Moore"
3191,Linda,Hodges,warnerchristy@example.org,Photographer,"Martin, Martinez and Moody"
3192,Lynn,Martin,casey21@example.net,Chiropodist,Miranda PLC
3193,Cindy,Macdonald,lhunter@example.com,"Editor, commissioning",Benton-Murillo
3194,Todd,Rios,pedro83@example.com,Tourism officer,Robbins-Powell
3195,Charlene,Griffin,alexanderhoffman@example.org,Museum education officer,Blevins-Shepherd
3196,Dorothy,Jordan,susanwilliams@example.org,"Therapist, art","Kim, Good and King"
3197,Brianna,Colon,michelletorres@example.com,Radio producer,Perry-Lynch
3198,Daniel,Soto,christopher58@example.org,"Surveyor, building","Ramirez, Berry and Mercado"
3199,Lauren,Mccarthy,vbentley@example.net,Retail banker,"Collins, Mcdonald and Rose"
3200,Tracy,Day,russelljacobs@example.net,Lawyer,Salazar LLC
3201,Craig,Smith,rodneywarren@example.org,Community pharmacist,Cooper-Williams
3202,Nancy,Flores,maxwell21@example.com,Jewellery designer,"Brown, Stephenson and Richardson"
3203,Lisa,Estrada,williamsmark@example.com,Furniture designer,Ruiz Inc
3204,Andrew,Walker,hernandezstephanie@example.org,Theatre manager,Johnson Inc
3205,Nathan,Moss,dlopez@example.org,Water engineer,Pineda-Alexander
3206,Stephanie,Dorsey,carrie60@example.net,Forest/woodland manager,"Butler, Porter and Torres"
3207,Erika,Smith,barbara19@example.net,Herbalist,Ruiz-Alexander
3208,Samantha,Brown,tiffanymorrison@example.org,"Copywriter, advertising","Richardson, Turner and Adams"
3209,Lawrence,Pope,johnwhite@example.org,Ergonomist,Vaughn Ltd
3210,Haley,Morris,vanessadunlap@example.com,Orthoptist,Morgan-Smith
3211,Anthony,Williams,ejennings@example.net,Medical sales representative,Romero Inc
3212,Bruce,Schaefer,tmorris@example.com,Manufacturing systems engineer,"Knight, Washington and Wyatt"
3213,Joseph,Doyle,oliviacastaneda@example.org,"Engineer, drilling","Green, Brown and Mitchell"
3214,Amanda,Evans,lindajohnson@example.com,"Administrator, sports",Mcbride-Hughes
3215,David,Harrington,brennanjames@example.com,Arboriculturist,Turner-Allen
3216,Amy,Nguyen,rhondalewis@example.net,Interior and spatial designer,Hunter Inc
3217,James,Daniels,millsbelinda@example.com,"Horticulturist, commercial",Morales-Webb
3218,Karen,Allen,beth15@example.com,Arts development officer,Jimenez-Sanders
3219,Michael,Benton,andersonjohn@example.org,Glass blower/designer,Martinez Ltd
3220,Jennifer,Smith,davidmay@example.org,Restaurant manager,Barnes-Barber
3221,Kevin,Massey,tracysantana@example.net,Merchant navy officer,Mccarthy-Robinson
3222,Kelly,Newman,ctaylor@example.org,Community arts worker,Keller and Sons
3223,Natalie,Kelley,samantha90@example.com,Solicitor,Lee Ltd
3224,Charles,Stevens,stevengarza@example.com,Archaeologist,"Huffman, Patterson and Wright"
3225,Jennifer,Carlson,gguerrero@example.com,"Therapist, speech and language",Stevens Ltd
3226,Amanda,Bass,proctorapril@example.com,Building services engineer,Reese PLC
3227,Shari,Love,mossnicholas@example.org,Ecologist,Juarez-Brown
3228,Joshua,Rodriguez,dakotarichardson@example.net,"Surveyor, building control",Lopez LLC
3229,Emma,Palmer,samuel13@example.net,Food technologist,"Benton, Barnes and Huang"
3230,Matthew,Nguyen,hunterstanley@example.net,Government social research officer,Russell Ltd
3231,Michele,Peterson,jamesryan@example.org,Financial risk analyst,Mays-Smith
3232,Mary,Ward,elizabethburke@example.org,Tourism officer,Guzman-Williamson
3233,Brittany,Phillips,curtis18@example.org,Customer service manager,"Sellers, Mejia and Hill"
3234,Jordan,Gutierrez,ivan08@example.net,Sports coach,Robinson-Brown
3235,Jay,Nicholson,rrodriguez@example.net,Mudlogger,Spencer-Beck
3236,Mike,Mueller,cindyromero@example.net,"Scientist, research (physical sciences)",Ross-Calhoun
3237,Jack,Trujillo,john80@example.org,Brewing technologist,"West, Woods and Hoover"
3238,Nicole,Gross,marco16@example.net,Communications engineer,Hamilton-Wilson
3239,Kyle,Moore,gking@example.org,Commercial art gallery manager,Watson PLC
3240,Danielle,Johnson,laura79@example.net,"Engineer, biomedical",Mccullough PLC
3241,Chelsea,Klein,kgutierrez@example.net,"Scientist, physiological",Lozano-Price
3242,Jesus,Black,zburgess@example.com,"Engineer, site",Wong Inc
3243,Jesus,Espinoza,laurentodd@example.org,Insurance risk surveyor,Novak-Thompson
3244,Michael,Parker,bradshawchristopher@example.org,Dentist,"Smith, Lee and George"
3245,Julie,Robinson,cassandra75@example.org,Catering manager,"Lewis, Evans and Campbell"
3246,Melissa,Lang,rodneyblack@example.com,Air broker,Robinson LLC
3247,Maria,Todd,bassjonathan@example.net,Medical secretary,Walker-Montoya
3248,James,Morris,langamanda@example.net,Retail merchandiser,"Park, Banks and Lamb"
3249,Marissa,Davis,gharmon@example.com,Ship broker,Young PLC
3250,Nathan,May,kristen05@example.net,Geophysical data processor,Stevens Group
3251,Autumn,Rodriguez,leah72@example.net,"Buyer, industrial",Long Ltd
3252,Julia,Johnston,renee71@example.org,Optometrist,Bailey-Powell
3253,Christopher,Cross,zclayton@example.com,Analytical chemist,"Wallace, Osborne and Marks"
3254,Randall,Paul,lauriemaldonado@example.net,Government social research officer,Gibson Ltd
3255,Frederick,Hutchinson,reeseamy@example.net,Publishing rights manager,Mckenzie-Bailey
3256,John,Lloyd,harperjean@example.org,Horticultural consultant,Lopez-Johnson
3257,Eddie,Reed,robert76@example.com,Graphic designer,Kane-Yu
3258,Sonya,Garcia,pageshannon@example.com,Control and instrumentation engineer,"Mahoney, Perez and Mitchell"
3259,Andrew,Velasquez,ygordon@example.net,Tax inspector,Stewart-Martinez
3260,Dorothy,Cowan,allen13@example.net,Medical physicist,"Shaffer, Cervantes and Roberts"
3261,Brian,Davis,emunoz@example.net,Careers information officer,Ellis-Dixon
3262,Melissa,Clark,theresa94@example.org,Insurance risk surveyor,Johnson Inc
3263,Patrick,Perry,rrichardson@example.net,Research scientist (physical sciences),Anthony Group
3264,Michelle,Hendricks,andre69@example.com,"Producer, radio",Haney Group
3265,Robert,Mcintyre,rjackson@example.com,"Accountant, chartered management","Crane, Munoz and Williams"
3266,Lisa,Robinson,sheppardmichael@example.net,Drilling engineer,"Harmon, Mitchell and Graham"
3267,Elizabeth,Moran,amandawilson@example.net,Audiological scientist,Jones-Smith
3268,Joshua,Griffin,emilygriffith@example.net,"Producer, television/film/video","Davis, Blackburn and Rosario"
3269,Jeffrey,Glover,tbrewer@example.net,Local government officer,"Miller, Vasquez and Collins"
3270,Laura,Petersen,cward@example.com,Environmental education officer,"Mitchell, Gallagher and Terrell"
3271,Ebony,Dunn,shawncordova@example.org,"Conservation officer, nature",Castillo and Sons
3272,Jimmy,Collins,hensleyshannon@example.net,Aid worker,Walker-Gilmore
3273,Pamela,Palmer,ereed@example.org,Hydrologist,"Martin, Taylor and Clark"
3274,James,Hernandez,leondavid@example.org,Chief Financial Officer,Johnson-Reid
3275,Scott,Carey,thomasrios@example.org,Art gallery manager,Brown Inc
3276,Olivia,Obrien,weisskimberly@example.com,Civil Service administrator,"Miller, Gillespie and Stewart"
3277,Thomas,Davenport,robert19@example.org,Maintenance engineer,Watson-Douglas
3278,Caleb,Hayes,michaelfarley@example.net,Maintenance engineer,Moore PLC
3279,Lauren,Lozano,twilson@example.net,Network engineer,"Dominguez, Riley and Walter"
3280,Jacob,Martinez,aporter@example.org,"Therapist, horticultural","Grant, Daniels and Smith"
3281,John,Kim,deanmark@example.net,"Runner, broadcasting/film/video",Thornton-Scott
3282,Joseph,Pennington,tfreeman@example.net,Oceanographer,Walters-Sullivan
3283,Bruce,Thompson,jacksonmark@example.net,"Surveyor, insurance",Wells LLC
3284,Ashley,Irwin,eschroeder@example.com,Purchasing manager,Johnson LLC
3285,Jesus,Griffin,mbryan@example.net,"Teacher, adult education","House, Baker and Williams"
3286,Jennifer,Pruitt,laurenmcdonald@example.com,Medical technical officer,"Miller, Kirk and Hunt"
3287,April,Richardson,andersondaniel@example.com,Museum education officer,Moss Inc
3288,Charles,Smith,ethan64@example.net,Quantity surveyor,Bennett-Ortega
3289,Robert,Morris,shawn07@example.org,"Teacher, English as a foreign language","Thomas, Phillips and Green"
3290,Angela,Malone,perezbrittany@example.net,"Production assistant, radio",Espinoza-Smith
3291,Ryan,Walsh,melissaguerra@example.com,Medical sales representative,Gonzalez and Sons
3292,Rachel,Castillo,jacobhall@example.org,Museum education officer,"Bush, Mcgrath and Harris"
3293,Richard,Brooks,istafford@example.com,Theatre stage manager,Maynard-Walter
3294,Teresa,Martinez,zrivera@example.com,Ambulance person,Miles-Chang
3295,Charles,Hernandez,daughertyerica@example.org,Academic librarian,"Clark, Shaffer and Rice"
3296,Rebecca,Thomas,ddunn@example.org,"Accountant, chartered management","Moss, Richmond and Andrews"
3297,James,Rios,kelly15@example.net,Sports administrator,"Taylor, Oneill and Rogers"
3298,Vincent,Vargas,timothyluna@example.net,"Designer, blown glass/stained glass","Vaughan, Young and George"
3299,Noah,Koch,steven09@example.org,Clinical molecular geneticist,"Barron, Rodriguez and Davidson"
3300,Christine,Rogers,david02@example.org,Film/video editor,Rivera-Mendoza
3301,Wayne,Dixon,carl75@example.org,Special effects artist,Tyler Inc
3302,Stephen,Doyle,robinsonveronica@example.net,Customer service manager,Wilson Ltd
3303,Raven,Smith,cardenaserin@example.net,Barista,"Berry, Lopez and Chapman"
3304,Patricia,Williams,tammiemiranda@example.com,Brewing technologist,"Crane, Fisher and Schneider"
3305,Wendy,Bates,jameskennedy@example.org,Equality and diversity officer,"Sherman, Gomez and Petersen"
3306,Bonnie,Benitez,carlbrown@example.org,Hotel manager,"Schmidt, Morrison and Bishop"
3307,Brittany,Kent,rhogan@example.com,Transport planner,Paul-Arnold
3308,Edward,Gallegos,robert84@example.com,Mudlogger,"Powell, Calderon and Smith"
3309,Erin,Cherry,yphillips@example.org,"Lecturer, further education",Hale-Thomas
3310,Ronald,Ho,lori22@example.com,Lobbyist,Shepard-Berry
3311,Raymond,Simpson,xyoung@example.org,"Teacher, music",Gomez LLC
3312,Brad,Pratt,tonyabeasley@example.com,Chief Technology Officer,Gardner and Sons
3313,Holly,Taylor,oedwards@example.com,Music tutor,Hunt Group
3314,Mary,Smith,emily82@example.com,Human resources officer,"Griffin, Ibarra and Nolan"
3315,Ryan,Duncan,maria42@example.com,"Lighting technician, broadcasting/film/video","Clay, Johnson and Vargas"
3316,Theodore,Wilson,groy@example.net,"Surveyor, rural practice",Preston PLC
3317,Derek,Morse,heather97@example.com,"Research officer, government",Bell Ltd
3318,Gregory,Gonzalez,edward65@example.net,Mechanical engineer,Griffin-Hall
3319,Todd,Burke,mwalton@example.org,Cabin crew,Rogers-Murphy
3320,James,Williams,danathomas@example.org,Operations geologist,Romero-Riley
3321,Katie,Harris,stephenwhite@example.org,Marketing executive,Mendez Ltd
3322,Donald,Nunez,ysmith@example.com,Clinical cytogeneticist,"Thompson, Peters and Wright"
3323,Christopher,Charles,jasmineford@example.net,Community arts worker,"Herrera, Garcia and Guzman"
3324,Jason,Diaz,rsullivan@example.com,Information systems manager,"Moran, Lewis and Long"
3325,Teresa,Castaneda,amykennedy@example.net,Best boy,Robinson-Young
3326,Michele,Perez,mark25@example.org,"Civil engineer, contracting",Patterson-Tate
3327,Anthony,Jenkins,porterkathy@example.org,Occupational psychologist,Harris Group
3328,Ryan,Clements,kathrynortiz@example.com,Diagnostic radiographer,Ponce PLC
3329,Charles,Allen,esmith@example.com,Claims inspector/assessor,Buchanan-Nelson
3330,Terry,Taylor,josephpatrick@example.com,Futures trader,Perez Group
3331,Jennifer,Hines,mcarey@example.org,Social researcher,Oliver Ltd
3332,Brandi,Reese,christopher77@example.org,Air broker,Martinez-Henson
3333,Kristina,Clark,kennedykevin@example.org,"Engineer, structural",Molina Group
3334,Austin,Livingston,bendercurtis@example.net,Ambulance person,Brown-Best
3335,John,Golden,robinking@example.com,"Radiographer, diagnostic",Thompson-Bush
3336,Kristen,Burton,ashleyvasquez@example.net,Bookseller,Bautista and Sons
3337,Julia,Moore,zharris@example.org,Regulatory affairs officer,Matthews Inc
3338,Jason,Garza,donna95@example.com,"Engineer, energy","Mendoza, Warner and Ryan"
3339,Dylan,Price,thomasobrien@example.net,Manufacturing systems engineer,Simon PLC
3340,Jasmine,Moore,nguyenjacob@example.org,Horticultural consultant,Munoz-Taylor
3341,Kathryn,Schultz,james02@example.com,Futures trader,Foster-Sutton
3342,Gregory,Hull,richardyates@example.net,"Lecturer, further education","Richardson, Myers and Galvan"
3343,Rebecca,Bryant,stephaniejones@example.net,Technical author,Dominguez and Sons
3344,Jeffrey,Mcintosh,kristina01@example.com,Armed forces logistics/support/administrative officer,Vargas Ltd
3345,Michelle,Murphy,sextonmaxwell@example.net,Chief of Staff,Jones and Sons
3346,Kyle,Powell,andrewmiller@example.org,Herpetologist,"Stein, Stevens and Christensen"
3347,Dana,Moore,nreid@example.org,"Producer, television/film/video",Webster-Perez
3348,Edward,Moreno,gjohnson@example.com,"Engineer, mining","Dunn, Johnson and Elliott"
3349,Wendy,Kelly,tonyguerrero@example.com,Chartered certified accountant,"Kelly, Gutierrez and Bennett"
3350,Tina,Keller,iwise@example.com,Licensed conveyancer,Lewis-Walker
3351,Breanna,Harper,vlowery@example.com,Patent attorney,Anderson-Harrison
3352,Jonathan,Coleman,dayrichard@example.org,Tax inspector,Barry Group
3353,Yolanda,Harper,lauren06@example.org,Immigration officer,"Scott, Gonzalez and Hall"
3354,Jason,May,twoods@example.com,Production manager,Robinson Ltd
3355,Erin,Heath,hernandezkatrina@example.org,"Social research officer, government","White, Marshall and Porter"
3356,Corey,Lopez,david47@example.net,"Clinical scientist, histocompatibility and immunogenetics",Shaw-Bell
3357,Jackson,Sosa,kmalone@example.com,"Surveyor, commercial/residential",Brown-Taylor
3358,Sarah,Reynolds,uhancock@example.net,"Programme researcher, broadcasting/film/video","Gonzalez, Mack and Evans"
3359,David,Melton,fcontreras@example.com,"Pharmacist, hospital",Villarreal Group
3360,Rebecca,Logan,andrew42@example.net,"Solicitor, Scotland","Wood, Ross and Farmer"
3361,Jessica,Frazier,dpowers@example.com,Furniture designer,Todd and Sons
3362,Melissa,Benson,rodriguezthomas@example.net,Prison officer,Collins and Sons
3363,Janice,Martinez,daviskenneth@example.net,Ambulance person,Rice-Valdez
3364,Melanie,Hawkins,caitlin07@example.net,"Civil engineer, consulting","Snyder, Johns and Garza"
3365,Heather,Graves,juanduke@example.org,"Designer, industrial/product",Sullivan Ltd
3366,Vincent,Dean,matthew46@example.net,Financial controller,Wall-Gomez
3367,Nicole,Clay,myersmorgan@example.org,Personnel officer,"Cox, Wood and Rodriguez"
3368,Wayne,Johnson,nicholsrobert@example.com,Manufacturing systems engineer,"Cortez, Williams and Wiggins"
3369,Maria,Farley,katie54@example.org,Geographical information systems officer,Murray-Lawrence
3370,Eric,Paul,gallowayrandall@example.com,Architectural technologist,Jones-Williams
3371,Sean,Reynolds,don08@example.com,"Runner, broadcasting/film/video",Gallegos LLC
3372,Thomas,Christian,hfisher@example.net,"Engineer, manufacturing","Mitchell, Roberts and Smith"
3373,Holly,Mills,kellynatalie@example.com,Television floor manager,Sellers-Christian
3374,Richard,Martin,desireeprice@example.com,Ranger/warden,Hancock PLC
3375,Joshua,Roberson,raykelly@example.org,"Scientist, research (maths)",Ewing PLC
3376,Amanda,Romero,derek57@example.org,Toxicologist,Maldonado PLC
3377,Angela,Brown,nicholas56@example.org,"Radiographer, therapeutic",Bryant and Sons
3378,Elizabeth,Ellis,william17@example.net,Legal executive,"Adkins, Brown and Reed"
3379,James,Robertson,brian38@example.com,"Surveyor, building","Taylor, Adams and Ryan"
3380,Elizabeth,Garrett,townsendamy@example.org,Television floor manager,Gibson and Sons
3381,Jonathan,Walsh,michael52@example.com,Public relations account executive,Cannon-Nelson
3382,James,Nelson,brittanymills@example.org,Equality and diversity officer,Flores Inc
3383,Jessica,Thompson,hmcintyre@example.net,Lawyer,Watkins-Rogers
3384,Michael,Reyes,chadvega@example.org,Brewing technologist,Foster Inc
3385,Jerome,Bishop,wroman@example.com,Materials engineer,Mullen-Scott
3386,Curtis,Lopez,valerie30@example.com,"Merchandiser, retail",Holder Ltd
3387,Kathryn,Jones,crodriguez@example.org,Information systems manager,Jackson-Bonilla
3388,Kristy,Reyes,bellkathleen@example.org,"Teacher, early years/pre",Richards-Smith
3389,Nicole,Moore,stevemartin@example.com,Astronomer,Gordon Inc
3390,Lisa,Brewer,adam20@example.net,"Scientist, biomedical",Perry-Gross
3391,Brian,Davis,matthew54@example.org,"Surveyor, commercial/residential",Gonzalez Group
3392,Theresa,Sutton,wparker@example.com,Records manager,"Tyler, Phillips and Berger"
3393,Stephanie,Alexander,raymond15@example.net,"Runner, broadcasting/film/video",Myers-Johnson
3394,David,Mcdonald,darrelltorres@example.org,"Engineer, electrical",Montgomery-Kim
3395,Sarah,Avila,manuel15@example.net,Fisheries officer,"Lewis, White and Parrish"
3396,Blake,Wise,destiny75@example.org,"Conservation officer, nature","Gray, Turner and Hoover"
3397,Zachary,Robinson,zgarcia@example.com,Sports therapist,"Gregory, Allison and Moore"
3398,Judy,Nelson,bmiller@example.com,"Conservation officer, nature",Ochoa-Williams
3399,Joseph,Mccarty,michellelindsey@example.org,"Optician, dispensing",Crawford-Simon
3400,Wendy,Mcdaniel,karenvasquez@example.org,"Lighting technician, broadcasting/film/video",Diaz-Griffin
3401,Natalie,Garcia,robinsmith@example.com,Energy manager,Sherman-Lewis
3402,Rebecca,Walker,valenzuelasara@example.net,Recycling officer,Fitzgerald-Hale
3403,Anna,Reilly,pattonkathryn@example.org,"Scientist, research (maths)",Nelson LLC
3404,Riley,Peters,stephen11@example.com,Energy manager,Thompson-Sanchez
3405,Sergio,Griffin,katrina97@example.org,Commercial horticulturist,Braun-Vargas
3406,Norma,Woods,allison11@example.com,Primary school teacher,"Morris, Miller and Moore"
3407,Thomas,Ramirez,kentanderson@example.com,Barrister,Garrett-Robinson
3408,Patricia,Brady,rodriguezcheryl@example.org,Commercial/residential surveyor,Rivera-Wilson
3409,Frederick,Young,angela13@example.com,Materials engineer,Kirby Group
3410,Christopher,Gonzalez,fstafford@example.org,Research scientist (physical sciences),Carroll Ltd
3411,Todd,Coleman,angelavillarreal@example.net,Warden/ranger,Wilson Group
3412,Kaitlin,Barnett,anguyen@example.org,Retail banker,"Harrington, Clark and Barnes"
3413,Leonard,Parker,maryrivera@example.com,"Surveyor, mining",Khan and Sons
3414,Jon,Kerr,johnsonryan@example.org,Tree surgeon,"Stephens, Byrd and Murphy"
3415,Joyce,Watson,jeff70@example.net,"Programmer, multimedia",Johnson-Arroyo
3416,Robert,Cohen,vjones@example.com,Textile designer,Johnson PLC
3417,Robin,Whitney,emily44@example.com,Diplomatic Services operational officer,"Diaz, Werner and Howard"
3418,Jeffery,Sparks,houstonamy@example.org,Medical illustrator,"West, Cox and Moore"
3419,Jennifer,Vance,rodriguezdennis@example.net,Insurance broker,Lee-Jordan
3420,Thomas,Martin,usmith@example.com,Information systems manager,Lopez Group
3421,Jill,Carr,yrios@example.net,Artist,Glass-Santana
3422,Heather,Hill,marknunez@example.org,Quality manager,Norman-Patel
3423,Alexis,Garcia,cunninghamjasmine@example.com,Sport and exercise psychologist,"Stewart, Russell and Herman"
3424,Heather,Perez,ibrown@example.org,"Loss adjuster, chartered",Jones-Moss
3425,Jonathan,Fletcher,aaron30@example.com,Insurance broker,Sanchez-Garcia
3426,Kyle,Young,andreacoleman@example.com,Translator,Myers LLC
3427,Robert,Trevino,lucastaylor@example.net,Airline pilot,"Gonzalez, Dixon and Gomez"
3428,Patrick,Carter,pauljohns@example.org,Immigration officer,Moyer-Allen
3429,Derrick,Campbell,andrew92@example.com,Retail buyer,Harris-Moore
3430,Amber,Anderson,ruizcarol@example.org,Airline pilot,Garcia-Donaldson
3431,Alexandra,Hunter,patkinson@example.org,Land/geomatics surveyor,Gray-Cooper
3432,Cristina,Edwards,aprillivingston@example.com,Education administrator,Hoffman LLC
3433,Paul,Mcmillan,jenniferbrock@example.org,Acupuncturist,Bowman LLC
3434,Jessica,Cabrera,mooreashley@example.com,Therapeutic radiographer,"Frazier, Dean and Patterson"
3435,Anna,Smith,vlopez@example.org,Politician's assistant,White-Smith
3436,Marissa,Gilmore,sean36@example.com,Patent attorney,Foster-Stark
3437,Nathan,Garcia,kennethblack@example.org,"Conservation officer, historic buildings","Garner, Mcfarland and Garcia"
3438,Benjamin,Rodriguez,maysrobert@example.com,Barrister,Contreras and Sons
3439,Kristy,Mendoza,juan51@example.org,Ship broker,Hawkins PLC
3440,Andrea,Mullen,martinezantonio@example.net,Prison officer,English Group
3441,Timothy,Ward,patricia85@example.com,Chartered accountant,"Carroll, Obrien and Ritter"
3442,Robert,Acosta,clarkantonio@example.org,"Accountant, chartered","Bray, Holder and Adams"
3443,Nicholas,Curry,ryan92@example.com,Broadcast presenter,Aguilar LLC
3444,James,Jones,brockraymond@example.com,"Engineer, agricultural",Meza Group
3445,Monica,Garner,nathan65@example.com,Horticultural consultant,Ramirez LLC
3446,Hunter,Nash,phamsara@example.net,Land,"Howard, Norman and Meyers"
3447,Jason,Duffy,kimchase@example.net,Dramatherapist,"Moss, Newton and Schmidt"
3448,Ryan,Cross,twang@example.com,"Nurse, learning disability","Pham, Hensley and Clark"
3449,Chase,Gentry,astone@example.com,Chartered certified accountant,Carter-Hines
3450,Jennifer,Lewis,ramseyconnie@example.com,Passenger transport manager,"Fisher, Hernandez and Dennis"
3451,Austin,Dean,perryalan@example.net,Customer service manager,Ward-Park
3452,Deanna,Dawson,conleymatthew@example.net,Interior and spatial designer,"Mccullough, Adams and Turner"
3453,Justin,Jensen,katherinehood@example.org,"Psychologist, educational","Jones, Evans and Chan"
3454,Wendy,Mitchell,zgeorge@example.org,Interpreter,Henderson PLC
3455,Hannah,James,davidherrera@example.net,"Engineer, civil (contracting)",Sanchez-Henderson
3456,Justin,Mills,davischad@example.org,Print production planner,"Greer, Carpenter and Bennett"
3457,Nicole,Morris,jpadilla@example.org,"Therapist, sports",Flores-Blake
3458,Andrew,Bush,michaelbush@example.com,Chiropractor,Jackson-Rivas
3459,John,Parker,matthewgonzalez@example.com,Trade union research officer,Simmons-Rogers
3460,Robert,Roy,benjaminroberts@example.com,"Administrator, charities/voluntary organisations","Bowman, Martin and Acosta"
3461,James,Rogers,knightmarcus@example.net,Warehouse manager,Simmons-Ritter
3462,Gabriella,Townsend,fergusonamy@example.com,Manufacturing systems engineer,Olson-Welch
3463,Kenneth,Bush,sethferguson@example.net,Social worker,Mullins Group
3464,Daniel,Jones,jgarcia@example.org,"Engineer, chemical",Griffin and Sons
3465,Donald,Hardy,davidlamb@example.net,"Teacher, early years/pre",Jackson-Watson
3466,Brian,Powell,vmathews@example.net,Food technologist,"Franco, Sanchez and Ramos"
3467,Jessica,Hill,delgadocindy@example.net,Health and safety inspector,"French, Jackson and Figueroa"
3468,Stephanie,Bray,mlee@example.net,Television production assistant,"Miller, Alvarado and Ball"
3469,Carol,Jimenez,richardwagner@example.org,Land,"Pena, West and Singleton"
3470,Joshua,Stewart,lindajordan@example.org,Patent examiner,Martin PLC
3471,John,Atkins,stephanieprice@example.org,Aid worker,James-Jones
3472,Kirk,Chapman,ericajames@example.com,"Development worker, community","Reed, Anderson and Simmons"
3473,Jeffery,Baker,aandersen@example.org,Air cabin crew,Gibson Group
3474,Stephanie,Brown,jamesanderson@example.org,"Scientist, research (maths)","Holland, Williams and Martin"
3475,Derek,Salazar,stephaniemunoz@example.com,Best boy,Brown LLC
3476,Sarah,Ward,steven68@example.org,Tourist information centre manager,"Burnett, Richardson and Wells"
3477,Jesus,Davila,jessica18@example.com,Fast food restaurant manager,"Norton, Schwartz and Weaver"
3478,Douglas,Fox,pgarcia@example.com,"Designer, ceramics/pottery","Shannon, Ortiz and Oconnor"
3479,Leslie,Anderson,thompsonnicole@example.org,"Conservator, museum/gallery",Bright Group
3480,Valerie,Cox,jack84@example.org,"Engineer, electronics","Conner, Hayes and Rogers"
3481,Eric,Smith,paul25@example.com,Chemical engineer,Reynolds-Vazquez
3482,Shane,Martin,luisavila@example.org,Glass blower/designer,Schmitt and Sons
3483,Mary,Scott,robert90@example.com,"Designer, television/film set",Cooper-Lewis
3484,Joseph,Simmons,vbrown@example.org,"Horticulturist, commercial",Saunders Ltd
3485,Steve,Love,zimmermanjack@example.org,Barrister's clerk,Olsen Ltd
3486,Randall,Brady,tyleralexandra@example.com,Financial controller,"Wilson, Osborne and Torres"
3487,Erika,Davis,kimberly53@example.com,Clinical research associate,Salinas-Quinn
3488,Lisa,Hunter,kathycantu@example.net,"Engineer, broadcasting (operations)",Cook Inc
3489,Jennifer,Hancock,hobbspamela@example.com,Prison officer,"Armstrong, Hernandez and Landry"
3490,Jessica,Bullock,leonard08@example.com,Magazine features editor,Gross-Johnson
3491,Mathew,Brown,hpatel@example.org,Optometrist,"Duran, Coffey and Martin"
3492,John,Thornton,jonathan88@example.org,"Psychologist, forensic","Campbell, Levy and Mcbride"
3493,Ryan,Salas,annalloyd@example.org,Human resources officer,Richards-Salazar
3494,Philip,Higgins,qyork@example.net,"Programmer, multimedia",Collins and Sons
3495,Brian,Logan,erikhansen@example.net,"Nurse, adult",Pena Inc
3496,Whitney,Stewart,jackpatel@example.org,Occupational therapist,Johnson PLC
3497,Kimberly,Wright,fharper@example.com,IT trainer,Weaver and Sons
3498,Brett,Lambert,gjones@example.net,Hotel manager,Velez-Bowman
3499,Dwayne,Foley,powellmichelle@example.com,Warehouse manager,Bell-Berry
3500,Andrea,Burns,amanda27@example.com,Tax adviser,Morgan-Charles
3501,Carrie,Daniels,phillipskenneth@example.com,"Editor, film/video","Clark, Blackburn and Gonzales"
3502,Douglas,Simmons,cballard@example.org,"Lecturer, further education",Lambert Ltd
3503,Travis,Cruz,michael67@example.net,Exercise physiologist,Moss-Thompson
3504,Alicia,White,angela30@example.org,Osteopath,"Price, Dixon and Hall"
3505,Holly,Cochran,hollymay@example.org,"Editor, magazine features",Smith-Mcgrath
3506,Edwin,Johnson,duranjoshua@example.org,Colour technologist,Hall-Miller
3507,Elizabeth,Griffith,alexander82@example.net,"Scientist, audiological",Williams-Morrison
3508,Robin,Francis,hollybishop@example.com,Forest/woodland manager,Hughes-Torres
3509,Andrew,Barnes,tracy19@example.net,Farm manager,"Robbins, Higgins and Cobb"
3510,Anthony,White,mortonroger@example.net,Operational researcher,Estrada-Willis
3511,Christine,Preston,transara@example.org,Forensic psychologist,"Baldwin, Rodriguez and Turner"
3512,Jason,Arnold,seth41@example.org,"Surveyor, commercial/residential",Gibbs Ltd
3513,Michael,Bailey,dillonrobin@example.com,Emergency planning/management officer,Hansen LLC
3514,April,Edwards,cohenjenna@example.com,Clinical embryologist,"Montgomery, Taylor and Reese"
3515,Angela,Moore,jharrison@example.net,Management consultant,"Donaldson, Massey and Allen"
3516,Julie,Bray,epayne@example.org,Data processing manager,"Branch, Sosa and Kane"
3517,Jill,Hoffman,andrew84@example.com,Geophysicist/field seismologist,Dean Inc
3518,Wendy,Weeks,lisafischer@example.org,"Psychotherapist, dance movement",Quinn Ltd
3519,Linda,Garcia,autumn21@example.org,Trade mark attorney,Francis-Gentry
3520,Megan,Kirby,michelleadams@example.com,Control and instrumentation engineer,Blake Inc
3521,Donald,Frank,christopherreyes@example.org,Social worker,"Miles, Lopez and Smith"
3522,Mary,Booth,victoriahobbs@example.com,Medical laboratory scientific officer,Aguirre PLC
3523,Joseph,Holland,watsonkenneth@example.org,Television production assistant,Castillo-Johnson
3524,Antonio,Gray,sandra10@example.net,Rural practice surveyor,Garcia-Stout
3525,Dawn,Jackson,djefferson@example.net,Occupational psychologist,Hull-Cortez
3526,Linda,Evans,chrissmith@example.com,Soil scientist,Frazier LLC
3527,Jacob,Callahan,imccarthy@example.org,Licensed conveyancer,"Baker, Franklin and Gibson"
3528,Edward,Schwartz,susan22@example.com,"Scientist, research (life sciences)",Gardner Ltd
3529,Steven,Peterson,susanwilcox@example.net,Radiation protection practitioner,Cortez-Rowland
3530,Barbara,Powers,veronica71@example.org,"Surveyor, minerals",Smith Group
3531,Debra,Kemp,calderoncandace@example.org,Financial planner,Heath-Simon
3532,Sydney,Thomas,cmoore@example.org,"Surveyor, rural practice",Long-Harris
3533,Leah,May,david38@example.org,Solicitor,Burnett Group
3534,Richard,Petty,brownangel@example.net,Geographical information systems officer,Delacruz-Oneal
3535,Jacqueline,White,cochransandra@example.net,Architect,"Owens, Reese and Wilkerson"
3536,Alan,Payne,millerchristopher@example.net,Land,Lynch Group
3537,Karen,Sullivan,fhendrix@example.com,"Civil engineer, consulting","Martinez, Ortiz and Shelton"
3538,Lucas,Schroeder,dennis82@example.com,"Doctor, general practice",Henderson-Smith
3539,Douglas,Long,wilsoncrystal@example.com,Technical author,"Lutz, Martinez and Robbins"
3540,Megan,Parks,jpaul@example.org,"Designer, furniture",Thompson-Leonard
3541,Pamela,Lang,melvin91@example.net,"Programmer, applications","Harris, Schultz and Barron"
3542,Michael,Morrison,zpowell@example.net,Industrial buyer,"Owens, Griffin and Williams"
3543,Stacy,Robinson,zacharywashington@example.net,Forensic scientist,Jacobs-Mosley
3544,Tina,Leach,nsalazar@example.org,Chief Strategy Officer,"King, Gates and Ryan"
3545,Daniel,Randolph,jill51@example.com,"Engineer, maintenance (IT)",Gonzalez Ltd
3546,Andrea,Peterson,nstone@example.net,"Accountant, chartered management",Walker PLC
3547,Tara,Fox,iroberts@example.net,Data processing manager,White and Sons
3548,John,Martinez,ryan65@example.net,Research scientist (physical sciences),"Fletcher, Bryant and Tucker"
3549,Troy,Hess,valerie17@example.org,Camera operator,Baker Ltd
3550,Amy,Miller,mcruz@example.net,Physiological scientist,Kennedy-Mann
3551,Erik,Clark,tatkins@example.org,Hydrologist,Monroe-Hahn
3552,Chris,Castro,lawsonraymond@example.org,Public affairs consultant,"Mcguire, Franklin and Middleton"
3553,Casey,Evans,kingraymond@example.com,Sports development officer,Kane-Dougherty
3554,Stacy,Morrison,stephensonelizabeth@example.com,"Nurse, learning disability",Barajas and Sons
3555,Jason,Clay,lopezashley@example.net,"Loss adjuster, chartered","Ramirez, Thompson and Robles"
3556,Ronald,Jackson,brettgilbert@example.org,Brewing technologist,Dixon-Choi
3557,Billy,Perez,vrodriguez@example.net,Music therapist,Gardner-Roberts
3558,Ashley,Anderson,david48@example.net,Personnel officer,White Inc
3559,Michael,Johnson,laceyvaldez@example.org,Outdoor activities/education manager,Scott LLC
3560,Mike,Hall,stewartemily@example.org,Publishing copy,Mcclure-Haney
3561,Erika,Jenkins,jessicarodgers@example.org,"Conservator, museum/gallery",Wolfe LLC
3562,Linda,Gallagher,kgarcia@example.net,"Engineer, electronics","Miller, Bowman and Rice"
3563,Robert,Thomas,martintodd@example.net,Dealer,"Matthews, Stout and Smith"
3564,Juan,Sanders,pwilliams@example.net,Amenity horticulturist,"Roberts, Mcclure and Woods"
3565,Daniel,Miranda,colechristine@example.net,Facilities manager,Rodriguez Group
3566,Kelly,Sweeney,lisaadams@example.com,Market researcher,Carney-Nelson
3567,Bobby,Carey,graymichele@example.org,Personal assistant,"Garcia, Valdez and Martin"
3568,Joseph,Tucker,john35@example.org,"Engineer, manufacturing systems",Winters Ltd
3569,Julie,Jacobs,zgonzalez@example.com,Engineering geologist,Jenkins and Sons
3570,Christina,Dickerson,pmartinez@example.com,IT trainer,"Gibbs, Barber and Schmidt"
3571,Katherine,Gonzalez,ssanchez@example.org,Stage manager,"Torres, Sanchez and Santos"
3572,Jared,Ramirez,cwest@example.com,Tourist information centre manager,Carpenter-Mendoza
3573,Nicole,Rogers,kimberly10@example.com,Warden/ranger,Stephens Ltd
3574,Andre,Sanford,nbrown@example.com,Actuary,"Harris, Wright and Hines"
3575,Anthony,Gutierrez,logan14@example.org,"Buyer, industrial","Snow, Anthony and Knight"
3576,Kelly,Hoffman,sheppardrobin@example.com,Dispensing optician,"Neal, Luna and Wright"
3577,Kevin,Williams,eward@example.org,"Editor, film/video",Ortiz-Marquez
3578,Mark,Lopez,qmccoy@example.org,"Doctor, hospital",Foster-Cunningham
3579,Diane,Henderson,elizabethreed@example.com,"Conservator, museum/gallery",Avila-Campos
3580,Steven,Miller,graydakota@example.net,Arts development officer,Lee and Sons
3581,Chelsea,Daniel,xcarter@example.net,Photographer,Ayala Group
3582,Andrew,Herman,pwilson@example.org,Pharmacologist,"Williams, Jenkins and Hart"
3583,Denise,Banks,bellchristopher@example.org,"Engineer, water",Reed-Mccoy
3584,Raymond,Carter,stevensnicholas@example.org,"Engineer, electronics",Cruz Group
3585,Pamela,Smith,derekcook@example.net,Proofreader,Dudley Ltd
3586,Lisa,Moore,saragibbs@example.org,"Horticulturist, amenity",Jennings-Benitez
3587,Ashley,King,robinsonamanda@example.org,"Development worker, international aid",Jackson-Nelson
3588,Jennifer,Willis,maryvelazquez@example.net,Retail manager,Patel Inc
3589,Benjamin,Sandoval,pspencer@example.com,Psychiatrist,Obrien Group
3590,Michael,Perez,carlbrown@example.org,Hydrogeologist,Lawrence PLC
3591,Matthew,Lee,katie61@example.org,Records manager,Wood-Reed
3592,William,Riley,jacksondavid@example.net,Health and safety inspector,"Thompson, Preston and Jackson"
3593,William,Meyer,sanderson@example.com,"Designer, television/film set","Moreno, Boyd and Davis"
3594,Kathleen,Figueroa,rhonda68@example.org,"Scientist, forensic","Lawrence, Carter and Jackson"
3595,Jessica,Marshall,maciasjacqueline@example.org,"Clinical scientist, histocompatibility and immunogenetics",Davis-George
3596,Sara,Brown,qpratt@example.org,Translator,Baxter-Richardson
3597,Austin,Norman,haynesstephanie@example.com,Education administrator,Diaz Group
3598,Matthew,Orozco,mannpenny@example.org,Human resources officer,"Pierce, Henderson and Morris"
3599,Judy,Beck,tracy38@example.net,Stage manager,White PLC
3600,Dawn,Jensen,sherrywright@example.net,Chiropodist,Carpenter Group
3601,Nicholas,Green,ramirezmargaret@example.net,Higher education lecturer,Weber-Ortiz
3602,Taylor,Dean,davidsutton@example.com,"Accountant, chartered certified",Silva and Sons
3603,Jasmine,Graham,matthewsmith@example.com,"Psychotherapist, dance movement",Gentry-Lopez
3604,Laura,Roy,lmathews@example.org,Site engineer,Burgess-Thompson
3605,Hunter,Greene,zjennings@example.org,Travel agency manager,Garrett Inc
3606,Kathleen,Lewis,joshua94@example.net,Software engineer,Clark PLC
3607,Nicholas,Lee,gregorysnyder@example.org,Clinical embryologist,Willis-Howard
3608,William,Chavez,rick77@example.org,Private music teacher,"Hicks, Jones and Andrade"
3609,Kristina,Turner,huangmichael@example.net,Landscape architect,Hobbs LLC
3610,Hector,Ramos,toddblackwell@example.com,Engineering geologist,Hess-Prince
3611,Sabrina,Evans,patelallison@example.org,Retail manager,"Evans, Padilla and Campbell"
3612,Julian,Ortiz,catherine48@example.net,Psychiatrist,Bush-Carey
3613,Haley,Hernandez,kevinmorton@example.org,"Nurse, mental health",Mcfarland Inc
3614,Scott,Holmes,ryanrichardson@example.org,Musician,"Medina, Wilson and Reynolds"
3615,William,Murray,melissa59@example.com,Television floor manager,Jenkins Inc
3616,Dwayne,Meyers,montesscott@example.net,Firefighter,Parks Group
3617,Julia,Williams,zdavis@example.org,Civil Service administrator,"Hernandez, Williams and Castillo"
3618,Sarah,Parks,mitchelllogan@example.net,Customer service manager,Herrera Ltd
3619,James,Cooper,tammypeters@example.net,Multimedia programmer,Gonzalez LLC
3620,Matthew,Chaney,reneefoster@example.org,Chartered management accountant,Munoz-Lewis
3621,Jose,Barber,meltonchristopher@example.org,"Scientist, physiological",Graves-Rogers
3622,Wendy,Rogers,ortegajessica@example.com,Chief Operating Officer,Valdez Inc
3623,Hailey,Page,cwilliams@example.com,English as a foreign language teacher,"Davidson, Wood and Hughes"
3624,Michelle,Lawson,amberdoyle@example.net,Food technologist,"Williamson, Baker and Riddle"
3625,Derek,Thompson,allenbrittany@example.net,"Engineer, electronics","Davila, Thompson and Hayes"
3626,Kristy,Diaz,keith59@example.org,Marketing executive,Lowe Ltd
3627,Richard,Cherry,lauragonzalez@example.net,English as a second language teacher,"Shields, Robbins and Bryan"
3628,Angela,Jacobs,elizabeth37@example.com,Civil Service fast streamer,Pacheco LLC
3629,Brooke,Jones,williamserin@example.net,"Producer, television/film/video",Gutierrez Group
3630,Jacob,Sanchez,bentleykimberly@example.net,Equality and diversity officer,Scott Group
3631,Stephanie,Howard,martingabriel@example.org,Television/film/video producer,Fields Ltd
3632,Sarah,May,vbennett@example.net,Armed forces logistics/support/administrative officer,"Mcdonald, Harvey and Pierce"
3633,Elizabeth,Myers,lshaw@example.com,Pharmacologist,"Ibarra, Gregory and Sanders"
3634,Linda,Mills,jennaflores@example.net,English as a foreign language teacher,"Myers, Carrillo and Wagner"
3635,Kristy,Sanders,daniel85@example.com,"Therapist, sports","Williams, Adams and Evans"
3636,Tyler,Smith,michele60@example.com,"Civil engineer, contracting",Jones and Sons
3637,Adam,Williams,lmiller@example.org,"Engineer, automotive",Adams-Garza
3638,Brittany,Watkins,iwalker@example.com,"Research officer, political party","Green, Carter and Ramirez"
3639,Bradley,Barker,ravenhamilton@example.com,"Investment banker, operational",Gardner-Bryan
3640,Kelly,Flynn,ericbowers@example.org,Chemical engineer,Jones-Miller
3641,Barry,Garcia,glovermary@example.com,"Physicist, medical",Jacobs-Moore
3642,Jared,Hart,kimberlyscott@example.org,"Engineer, production",Johnson-Bean
3643,Michelle,Bauer,twood@example.net,"Accountant, chartered certified",Jones and Sons
3644,Eric,Garcia,townsendchristina@example.org,Dietitian,"Davidson, Huber and Hall"
3645,Holly,Scott,christina60@example.net,"Conservator, furniture",Andrews Ltd
3646,Robert,Figueroa,mbuck@example.com,Ceramics designer,Carr-Torres
3647,Jeffrey,Brown,jspears@example.com,Accounting technician,Mcmahon-Bradley
3648,Brian,Johnson,amanda94@example.com,Ship broker,Clark Ltd
3649,Margaret,Smith,beth93@example.org,Public affairs consultant,"Hutchinson, Beard and Hensley"
3650,Anthony,Davis,alicia14@example.com,"Doctor, general practice",King Group
3651,Aimee,Kelly,ymorgan@example.net,"Nurse, adult",Fitzpatrick-Gonzales
3652,Paul,Salas,xcarrillo@example.org,Animator,Navarro-Hall
3653,Rebecca,Sexton,ithomas@example.com,Trading standards officer,Wilson LLC
3654,Jason,Rowland,thomasnichole@example.net,Fast food restaurant manager,"Schultz, Monroe and Miller"
3655,Adrian,Ward,johnsonruth@example.org,Drilling engineer,Sexton-Luna
3656,Elizabeth,Gardner,brownmichael@example.org,Proofreader,Williams and Sons
3657,Edward,Palmer,agarner@example.net,Environmental education officer,Davis Ltd
3658,Dawn,Allen,melissasmith@example.org,Trade mark attorney,Collins-Mcmillan
3659,Kaitlin,Howard,henrysusan@example.com,"Journalist, magazine",Brown-Snow
3660,Brandy,Stevenson,klineronald@example.com,"Engineer, drilling",Mitchell LLC
3661,Nancy,Rowland,fhebert@example.org,Brewing technologist,Cole and Sons
3662,Bailey,Rivers,warelarry@example.com,"Geologist, engineering",Garcia LLC
3663,Mary,Ramos,regina59@example.net,Theatre director,"Thornton, Mayer and Mosley"
3664,Carl,Villarreal,jacksonjames@example.net,Commercial/residential surveyor,"Petersen, Collins and Anderson"
3665,Robert,Hunter,nelsonjoshua@example.net,Nature conservation officer,"Martinez, Reed and Preston"
3666,Jillian,Johnson,manninggregg@example.net,Architectural technologist,"Donaldson, Armstrong and Vance"
3667,Nathan,Smith,breanna29@example.com,Museum/gallery exhibitions officer,"Harrington, Rowland and Carpenter"
3668,Kathy,Smith,janice49@example.net,Logistics and distribution manager,Terry PLC
3669,Ana,Hill,adawson@example.net,"Loss adjuster, chartered",Taylor LLC
3670,Sarah,Mcclure,faulknerpatrick@example.net,"Engineer, building services",Smith-Walker
3671,Crystal,Wiggins,adam61@example.org,"Designer, graphic",Lee and Sons
3672,Eric,Conrad,amyyoung@example.net,Copy,Miller-Campos
3673,Michael,Mcintosh,timothystewart@example.net,Neurosurgeon,Roberts-Davis
3674,James,Williams,joseph09@example.com,Armed forces training and education officer,Peters and Sons
3675,David,Thomas,johnlawson@example.net,Environmental consultant,Le PLC
3676,Anthony,Watson,tmartin@example.net,"Exhibitions officer, museum/gallery",Anderson-Hunter
3677,Becky,Mason,leechristian@example.net,"Teacher, early years/pre",Colon Inc
3678,Darrell,Murillo,alexandria15@example.com,Probation officer,Montoya LLC
3679,Cassandra,Ramirez,friedmanmatthew@example.org,English as a foreign language teacher,Davis-Fry
3680,Carl,Carlson,gregory07@example.net,Academic librarian,Ortiz Inc
3681,Leah,Lynn,njohnson@example.com,"Designer, blown glass/stained glass","Bailey, Richard and Richmond"
3682,Lisa,Murphy,xlewis@example.com,Research scientist (maths),"Carroll, Rogers and Tran"
3683,Melissa,Rodriguez,joshua38@example.com,Financial risk analyst,"Newton, Greer and Flores"
3684,Curtis,Fleming,lauralong@example.com,"Surveyor, hydrographic",Peterson-Gregory
3685,Toni,Smith,david48@example.net,Arts development officer,Hill PLC
3686,Kenneth,Riley,james80@example.net,Management consultant,"Griffin, Nunez and Garcia"
3687,Barbara,Cross,baxterjeffrey@example.net,Microbiologist,King-Chavez
3688,David,Vang,gibsontracey@example.net,Banker,Perry-Williams
3689,Christopher,Snyder,kaitlyn05@example.net,Race relations officer,Buchanan and Sons
3690,Susan,Ford,bonnie18@example.net,"Lecturer, further education","Turner, Mosley and Hunter"
3691,Daniel,Krause,billmcdowell@example.com,Oceanographer,Castro LLC
3692,Corey,Paul,aguilarkatie@example.net,Phytotherapist,"Wolfe, Kelley and Harrison"
3693,Brian,Moore,julie63@example.com,"Investment banker, corporate",Rodriguez Group
3694,John,Day,nathanielmorgan@example.net,Site engineer,Edwards PLC
3695,Robert,Jackson,kellymoore@example.net,Ship broker,"Quinn, Mccall and Burke"
3696,Barbara,White,yhansen@example.com,Garment/textile technologist,"Dodson, Jones and Spears"
3697,Andrew,Johnson,bknight@example.org,Mental health nurse,Sosa LLC
3698,Kayla,Blair,laura72@example.org,"Therapist, speech and language",Parks LLC
3699,Diana,Knight,ronald74@example.net,"Designer, textile",Shields-Smith
3700,Jennifer,Potter,jsmith@example.org,Health physicist,Rogers-Lawrence
3701,Luke,Valdez,scottmclean@example.org,Medical secretary,Mendez-Hogan
3702,Cody,Clarke,whitedavid@example.net,Customer service manager,Jenkins LLC
3703,Brandon,Lamb,heidigood@example.org,Town planner,Morris-Moreno
3704,Fred,Santos,georgemorgan@example.com,Phytotherapist,"James, Bennett and Hartman"
3705,Darrell,Chan,michaelsimpson@example.com,Multimedia specialist,"Porter, Cohen and Gross"
3706,David,Mathews,shawnmartinez@example.net,"Surveyor, planning and development","Cardenas, Stout and Simpson"
3707,Alexandria,Sherman,gbradford@example.org,Secondary school teacher,"Lloyd, Bryant and Buchanan"
3708,Mark,Aguirre,jodi76@example.org,"Engineer, production",Rose Group
3709,Phyllis,Brown,williamwallace@example.net,Dancer,Brown-Ward
3710,Shelley,Lawrence,joshuabuchanan@example.net,"Physicist, medical",Green LLC
3711,Michael,Rodriguez,matthew68@example.net,Magazine journalist,Frederick-Jennings
3712,Christine,Carroll,brendansnyder@example.net,Broadcast engineer,Flores-Newton
3713,Ricardo,Davis,zmiller@example.com,Special educational needs teacher,Gray-Munoz
3714,Robert,Gutierrez,staffordmelissa@example.org,"Engineer, technical sales",Raymond LLC
3715,Travis,Brooks,janeramirez@example.com,"Psychologist, prison and probation services",Davis-Mcgee
3716,Donna,Olson,lolson@example.com,"Lecturer, further education","Patterson, Holland and Rice"
3717,Kristin,Ross,nataliebarber@example.net,Animal technologist,Fletcher Group
3718,Ashley,Dougherty,emilylopez@example.com,"Journalist, broadcasting","Taylor, Smith and Stephens"
3719,Gary,Hartman,sergio71@example.com,Social researcher,Cox-Hodge
3720,Christopher,Chandler,udavis@example.com,Nature conservation officer,Gonzales-Rodriguez
3721,Sabrina,Huff,djames@example.net,Musician,Mercado-Elliott
3722,Carolyn,Webb,bramirez@example.org,Paramedic,Rush-Bowen
3723,Larry,Calderon,deanlogan@example.net,Arts development officer,Clay-Thomas
3724,Cody,Adams,tracywheeler@example.com,Hydrologist,Johnson-Davenport
3725,Paul,Solomon,ojones@example.com,Rural practice surveyor,Wright LLC
3726,Larry,Washington,christopher09@example.net,Community arts worker,Arnold Inc
3727,John,Carey,bmann@example.net,"Conservator, furniture",Cohen and Sons
3728,David,Obrien,kimberly47@example.net,"Doctor, general practice",Kane PLC
3729,Emily,Miller,matthew37@example.com,Ceramics designer,"Thomas, Bradley and Jones"
3730,Caitlin,Brown,rebeccadunn@example.org,Advertising art director,Mcdaniel-Potter
3731,Caleb,Mccarthy,meghanhall@example.net,Food technologist,Wood-Walsh
3732,Craig,Nelson,candicecooper@example.com,Marine scientist,Tran Ltd
3733,Kimberly,Gonzales,wmurray@example.com,Armed forces technical officer,Allen-Flores
3734,Anthony,Clayton,jacob56@example.net,Licensed conveyancer,"Hensley, Griffin and Donovan"
3735,Maxwell,Hamilton,timothybrennan@example.org,Acupuncturist,Martin Inc
3736,Crystal,Cohen,timothygibson@example.org,Graphic designer,Alvarez-Brandt
3737,Stephanie,Mills,domingueznichole@example.com,Tax adviser,Johnson Group
3738,Mary,Jones,munozdenise@example.org,"Civil engineer, contracting",Mack and Sons
3739,Scott,Clark,mark18@example.org,"Surveyor, land/geomatics","Walker, Hicks and Cross"
3740,Chris,Malone,floresbeth@example.net,Health physicist,Benjamin-Moody
3741,Debra,Grant,isherman@example.com,Accommodation manager,"Palmer, Terrell and Moreno"
3742,Jessica,Patterson,isaacacevedo@example.com,Chartered public finance accountant,Evans and Sons
3743,Haley,Gonzales,dianareed@example.org,Horticultural consultant,"Craig, Stokes and Johnston"
3744,Lisa,Frye,vaughnisabella@example.org,Purchasing manager,Garcia-Santos
3745,Teresa,Smith,raymondcooper@example.net,Metallurgist,"Baker, Goodwin and Anderson"
3746,Michael,Rodriguez,dmarshall@example.net,"Restaurant manager, fast food","Williams, Oconnor and Smith"
3747,Kathy,Butler,robert76@example.com,Dance movement psychotherapist,Cervantes Group
3748,Valerie,Love,lance74@example.com,Web designer,Salinas Inc
3749,Kimberly,Arnold,mercerbriana@example.org,Television/film/video producer,Boyle-Phillips
3750,Brian,Smith,castillosandra@example.net,"Therapist, drama","Ewing, Dougherty and Nelson"
3751,Jennifer,Oconnor,rodriguezalexandra@example.org,Advertising account executive,"Chase, Jones and Oneal"
3752,Lisa,Young,joneszachary@example.com,"Conservation officer, nature",Fuentes and Sons
3753,Manuel,Liu,carterpatricia@example.org,Phytotherapist,"Wilson, Page and Stone"
3754,Sarah,Bennett,fhicks@example.org,"Scientist, clinical (histocompatibility and immunogenetics)",Stark LLC
3755,Monique,Wheeler,nguyenjeremy@example.net,Information systems manager,Smith LLC
3756,Justin,Myers,melody82@example.net,Dance movement psychotherapist,Thomas-Peters
3757,Melissa,Bryant,josephgreen@example.com,Ambulance person,"Webb, Bailey and Lin"
3758,Jessica,Leblanc,cervantesbeth@example.com,Legal executive,Rodgers Group
3759,Douglas,Mayo,mejiajohnathan@example.net,"Merchandiser, retail",Moses Inc
3760,Robert,Miller,randy50@example.net,"Scientist, clinical (histocompatibility and immunogenetics)",Hebert and Sons
3761,Tammy,Mejia,robinedwards@example.com,Warden/ranger,Wilkins Ltd
3762,Kimberly,Fry,banksrobert@example.net,"Engineer, production",Robertson-Mills
3763,Sarah,Jenkins,powellmichaela@example.net,"Engineer, land","Kidd, Christian and Young"
3764,Sean,Reynolds,oneillcheyenne@example.net,"Sound technician, broadcasting/film/video",Carter-Everett
3765,April,Phillips,sware@example.org,"Biochemist, clinical","Dunlap, Dunlap and Kane"
3766,Kelly,Turner,ramireztony@example.com,Clinical embryologist,Sanders-Payne
3767,Darryl,Wolfe,joan16@example.org,Analytical chemist,Allen PLC
3768,Laura,Brown,grace58@example.org,"Engineer, agricultural","Harris, Gardner and Smith"
3769,Jennifer,Knight,hpadilla@example.org,Passenger transport manager,Smith PLC
3770,Antonio,Baker,alan36@example.net,Research scientist (medical),"Shepard, Bradley and Mitchell"
3771,Jordan,Robinson,markhorton@example.net,Technical author,"Vargas, Andrade and Wells"
3772,Jonathan,Meyer,ronnieevans@example.net,"Pilot, airline","Buchanan, Trujillo and Miller"
3773,Charles,Acosta,brittany72@example.net,"Accountant, chartered management","Liu, Miller and Simmons"
3774,Steven,Henry,jason19@example.com,Interior and spatial designer,Morales Ltd
3775,Misty,Peck,riveramichelle@example.com,"Surveyor, building control","Mercado, Sawyer and Santos"
3776,Mindy,Ramirez,brian63@example.com,Physiotherapist,"Brown, Smith and Ramirez"
3777,Aaron,Cohen,robertgilmore@example.com,Homeopath,White-Christensen
3778,Kevin,Smith,jmontes@example.net,Learning disability nurse,Lee Ltd
3779,Misty,Carlson,carlsonrobert@example.com,Data scientist,Hines Inc
3780,Jacqueline,Alvarado,joseph17@example.org,"Accountant, chartered","Myers, Carter and Walters"
3781,Kristen,Haynes,erin37@example.org,Dance movement psychotherapist,Lewis and Sons
3782,Harry,Villarreal,martinezmelissa@example.org,Child psychotherapist,"Wilson, Mendoza and Miller"
3783,Justin,Calderon,kristinwalters@example.com,"Surveyor, building",Soto-Woodward
3784,Mark,Le,armstronglisa@example.org,Animal nutritionist,"Sanchez, Daugherty and Moody"
3785,Jerry,Watkins,serranoerin@example.net,Land/geomatics surveyor,Randolph Inc
3786,Shelly,White,gjordan@example.net,Research scientist (medical),Murphy and Sons
3787,Larry,Rich,donnaflores@example.org,Herbalist,Shields-Franklin
3788,Laura,Johnson,bennettchristopher@example.com,Race relations officer,Brown-Roman
3789,Jerry,Garner,sherringuyen@example.org,Community pharmacist,Shelton-Walters
3790,Corey,Franklin,danielstanley@example.org,"Scientist, forensic",Hill Inc
3791,Barbara,Dougherty,allison55@example.org,Human resources officer,Roberts-Mejia
3792,Glen,Wall,bryantfaith@example.net,"Geologist, engineering",Kemp-Lucero
3793,Craig,Baker,holly04@example.org,"Engineer, civil (consulting)",Scott-Jenkins
3794,Michael,Nichols,davidnolan@example.org,Audiological scientist,Ramos-Singh
3795,Barbara,Frazier,sandynguyen@example.com,"Engineer, energy",Griffin-Delacruz
3796,Derek,Harvey,welchrebecca@example.org,"Presenter, broadcasting",Osborn LLC
3797,Patricia,Bradley,taylorvanessa@example.org,Software engineer,Acosta Group
3798,Kevin,Turner,acollins@example.com,Optometrist,"Willis, Davis and Thompson"
3799,Jamie,Russell,rodriguezlisa@example.net,"Research officer, trade union",Smith and Sons
3800,Andrew,Harris,christinewalker@example.net,Financial controller,Hall-Buchanan
3801,Nicholas,Gardner,veronica75@example.net,English as a second language teacher,"Baldwin, Moore and Armstrong"
3802,Amy,Kim,osmith@example.org,Airline pilot,"Andrade, Smith and English"
3803,Timothy,Clark,toddpaul@example.com,Manufacturing systems engineer,"Robinson, Clark and Anderson"
3804,Michael,Graves,michael40@example.net,"Restaurant manager, fast food",Anderson and Sons
3805,Barbara,Randall,sherrymurphy@example.net,Furniture conservator/restorer,"Wilcox, Cuevas and Bentley"
3806,Christopher,Santiago,sbaker@example.com,"Librarian, academic",Price-Hill
3807,Justin,Mclean,tuckerandre@example.com,Pharmacologist,"Murphy, Turner and Santiago"
3808,Adrian,Lamb,hdowns@example.com,Clinical cytogeneticist,Walters LLC
3809,Brian,Davis,wkelly@example.org,IT sales professional,Bass PLC
3810,James,Lee,justin71@example.org,Diplomatic Services operational officer,Ashley-Burns
3811,Pamela,Miller,david81@example.com,Charity fundraiser,Walker-Hill
3812,Steven,Parker,zmiller@example.com,Professor Emeritus,"Esparza, Salinas and Flores"
3813,Karen,Hamilton,jimenezdavid@example.com,Ceramics designer,Garcia-Banks
3814,Nicholas,Wright,bgutierrez@example.net,Technical author,Hernandez Ltd
3815,Christopher,Bolton,elizabeth05@example.com,Company secretary,Montoya-Johnson
3816,Carol,Gallagher,klee@example.com,"Surveyor, building control",Woods Ltd
3817,Tracey,Peters,melissa46@example.com,"Psychotherapist, dance movement",Scott-Becker
3818,Amanda,Rodriguez,williamsamanda@example.net,Writer,"Walker, Mendoza and Trujillo"
3819,John,Nelson,nbrown@example.org,Museum/gallery conservator,Romero LLC
3820,Aaron,Thomas,burgessolivia@example.com,"Engineer, civil (contracting)",Arnold-Moody
3821,Jared,Greer,jacquelinenichols@example.com,Herbalist,Miranda and Sons
3822,Amy,Rodgers,olsonjonathan@example.com,Forest/woodland manager,"Owens, Adams and Peters"
3823,Steven,Blackburn,gregorykelly@example.com,"Embryologist, clinical",Chavez and Sons
3824,Cassandra,Thomas,rward@example.com,"Psychologist, forensic",Welch Ltd
3825,Matthew,Galvan,gchapman@example.org,Recycling officer,Thornton Ltd
3826,Joshua,Harris,xharris@example.org,Pharmacologist,Porter and Sons
3827,Brian,Ortiz,joseph03@example.com,"Journalist, broadcasting",Barnes PLC
3828,Benjamin,Bruce,jennifertate@example.org,Geoscientist,"Brown, Gregory and Ross"
3829,Adam,Taylor,gilbertshort@example.com,"Therapist, speech and language",Madden Inc
3830,Darlene,Schneider,xgarcia@example.org,Contracting civil engineer,Rice-Potts
3831,Thomas,Martinez,walshchelsea@example.org,"Producer, radio",Strickland Inc
3832,Victoria,Baker,lawrence38@example.net,Chiropractor,Robbins Ltd
3833,Norma,Calhoun,rthompson@example.com,Rural practice surveyor,"Mcmahon, Carrillo and Ramirez"
3834,Rebecca,Lee,ddawson@example.org,"Doctor, general practice","Armstrong, King and Peterson"
3835,Joshua,Robinson,kellysmith@example.org,Research scientist (physical sciences),Roberts Ltd
3836,Stephen,Myers,brittney27@example.com,Learning mentor,Byrd PLC
3837,James,Lopez,shawsusan@example.net,"Pilot, airline","Chung, Harvey and Bowen"
3838,Steven,White,patriciagarza@example.net,Location manager,Robinson-Davis
3839,Michael,Andrews,debranguyen@example.org,Radio producer,Beck PLC
3840,John,Morris,brucemichele@example.org,"Development worker, community",King LLC
3841,Patrick,Evans,hcurtis@example.net,"Accountant, chartered",Hooper Ltd
3842,Catherine,Ford,qconner@example.org,Theatre manager,Holland LLC
3843,Tara,Goodman,amymatthews@example.net,Metallurgist,Berg PLC
3844,Timothy,Alvarado,ogutierrez@example.com,"Nurse, learning disability","Keller, Gillespie and Bowen"
3845,Spencer,Stevens,williamschristine@example.net,Barrister's clerk,"Miranda, Clark and Webb"
3846,Martha,Liu,james76@example.com,Camera operator,"Alexander, Michael and Peterson"
3847,Alejandra,Johnson,jreilly@example.com,Ranger/warden,Sanders-Moore
3848,Maria,Williams,cayala@example.com,Government social research officer,Berry-Webb
3849,Kevin,Johnston,sarah25@example.com,Toxicologist,Williams-Espinoza
3850,Kelli,Brown,sarathomas@example.com,Product/process development scientist,Gardner-Cortez
3851,Jennifer,Wright,nathan07@example.org,Public affairs consultant,"Wilson, Smith and Butler"
3852,Randy,Scott,gbarron@example.com,"Journalist, magazine",Morris Group
3853,Elizabeth,Turner,mariabrock@example.org,Training and development officer,"Jacobs, Myers and Thomas"
3854,Brett,Rice,julia52@example.net,Theatre stage manager,Hernandez-Miller
3855,Anthony,Ramirez,cory12@example.net,"Therapist, art",Richardson PLC
3856,Barbara,Sanchez,wrubio@example.net,Freight forwarder,King Inc
3857,Rebecca,Mcintyre,kyle78@example.org,Location manager,Smith-Martinez
3858,Ashley,Bowen,coleholly@example.org,Dispensing optician,"Johns, Booker and Mosley"
3859,Shirley,Strong,judith72@example.org,Risk analyst,Brown Inc
3860,Angel,Simpson,wilsonandrew@example.org,Production engineer,Delacruz-Simmons
3861,Teresa,Campbell,jonathangonzales@example.com,"Research officer, trade union",Elliott Group
3862,Michelle,Henderson,heatherbrown@example.com,Hydrologist,"Black, Prince and Harmon"
3863,Laura,David,hlucas@example.org,"Producer, television/film/video",Farley PLC
3864,Amy,Guzman,adamsmatthew@example.net,Make,Massey-Lopez
3865,Alexis,Chavez,lori09@example.org,Building control surveyor,Richardson-Cox
3866,David,Sanford,zachary96@example.net,Chartered public finance accountant,"Potts, Michael and Dawson"
3867,Jorge,Carr,jenkinskaren@example.net,Occupational psychologist,Ward PLC
3868,Nathan,Shelton,cynthia50@example.com,Writer,Ramirez-Ramsey
3869,William,Hale,chadshaw@example.net,Publishing copy,Klein-Gomez
3870,Matthew,Avila,gabrielgalloway@example.org,"Civil engineer, consulting",Patton PLC
3871,Brenda,Murphy,matthewwilson@example.com,Medical sales representative,Turner and Sons
3872,Theresa,Padilla,ehoward@example.org,Records manager,"Swanson, Shelton and Green"
3873,Amy,Conner,cbennett@example.com,Careers information officer,Smith Group
3874,Vincent,Bowers,fitzgeralderica@example.org,Tourism officer,"Jackson, Lewis and Cruz"
3875,Dylan,Lee,flowersjeffrey@example.org,Podiatrist,Smith Inc
3876,Frederick,Yates,mariepowers@example.com,Recruitment consultant,Williams Group
3877,Edward,Mitchell,emma94@example.com,Chief Operating Officer,Jones-Russell
3878,Susan,Golden,zdavies@example.net,Bonds trader,"Lynch, Chavez and Moore"
3879,Dustin,Vargas,xrose@example.org,Politician's assistant,Ryan-Jones
3880,Bridget,Hall,travis26@example.com,Careers adviser,Peck Group
3881,Christopher,Franklin,jennifer48@example.org,Agricultural engineer,Avila-Mccoy
3882,Leah,Goodman,fernandezdebra@example.com,Health and safety inspector,Erickson-Parks
3883,Teresa,Gentry,kristin57@example.com,Newspaper journalist,Vaughn Inc
3884,Steven,Watts,iwoods@example.org,Regulatory affairs officer,Hopkins Inc
3885,Annette,Sullivan,jeremyjones@example.org,Fine artist,"Carter, Watson and Hoover"
3886,Tiffany,White,crawfordwilliam@example.com,"Accountant, chartered public finance",Carter LLC
3887,Rhonda,Cummings,patrickjohnson@example.com,Risk analyst,"Hicks, Harmon and Cole"
3888,Melinda,Potts,ramirezchristopher@example.net,Mudlogger,White-Andrews
3889,Amy,Marshall,rosedarin@example.com,"Scientist, research (life sciences)","Perry, Baird and Moss"
3890,Billy,Gonzalez,sarah70@example.net,Food technologist,Reed-Smith
3891,Tyler,Hernandez,joneskimberly@example.net,Company secretary,Hebert Group
3892,Kevin,Perez,josephgray@example.net,"Horticulturist, amenity","Robinson, Bailey and Wright"
3893,Laura,Patel,everettbonnie@example.org,"Designer, jewellery","Hicks, Patterson and Wagner"
3894,Latoya,Peck,jrodriguez@example.org,Airline pilot,"Wood, Campbell and Pierce"
3895,Joshua,Espinoza,vegalindsay@example.net,Commissioning editor,Sexton-Garner
3896,Vincent,Preston,james18@example.org,"Surveyor, building",Williams-Ritter
3897,Scott,Pierce,candice72@example.net,Site engineer,"Mayo, Willis and Cameron"
3898,William,Hart,carolynparker@example.net,Administrator,Turner Inc
3899,Russell,Kirby,bonniemurillo@example.com,Toxicologist,Coleman-Todd
3900,Carol,Chan,lparker@example.net,Music tutor,Ward LLC
3901,Anthony,Maldonado,aliciadavis@example.org,"Surveyor, hydrographic",Trevino-Brown
3902,Virginia,Alvarado,barberdaniel@example.org,Clinical biochemist,Lee LLC
3903,Victor,Moreno,angela81@example.net,Cabin crew,Reed Group
3904,Natalie,Park,stanleyjohnson@example.com,Multimedia specialist,Marquez-Mcbride
3905,Laura,Green,averyjanet@example.com,"Designer, industrial/product",Garcia Ltd
3906,Veronica,Martinez,briankelly@example.com,Secretary/administrator,Gonzalez Ltd
3907,Barbara,King,huffmankelly@example.net,Lexicographer,Williams-Kelly
3908,Allison,Reyes,andre77@example.com,Field seismologist,Ward Ltd
3909,Louis,Wolf,johnsondennis@example.org,Structural engineer,Collins Ltd
3910,Aaron,Davis,ljackson@example.net,Amenity horticulturist,Owens-Williams
3911,Jennifer,Rivera,dlopez@example.org,"Accountant, chartered",Rogers Ltd
3912,Jennifer,Hall,julie80@example.net,Structural engineer,Johnson-Evans
3913,Kimberly,Stewart,barmstrong@example.com,Retail merchandiser,Bishop Group
3914,Kendra,Lutz,mbailey@example.org,Editorial assistant,Lutz-Perez
3915,Jonathan,Payne,jennifertorres@example.org,Child psychotherapist,Thomas-Summers
3916,Kathryn,Andrews,gilmorejesus@example.com,Herpetologist,Hill-Jordan
3917,Justin,Lee,christopher28@example.com,Microbiologist,Page LLC
3918,Jeffrey,Moss,guzmanjames@example.com,"Administrator, Civil Service",West and Sons
3919,Joseph,Page,adominguez@example.com,Product designer,"Weaver, Hull and Castillo"
3920,Jerry,Marsh,cjohnston@example.org,Recruitment consultant,Davis-Holmes
3921,Kimberly,Villa,jenniferlynn@example.net,Private music teacher,"Taylor, Hall and Washington"
3922,Suzanne,Welch,josephwilliams@example.net,Magazine journalist,Boyer-Berry
3923,Scott,Thomas,qfischer@example.com,Financial planner,Meza and Sons
3924,John,West,ahall@example.org,"Investment banker, corporate",Ellis-Schultz
3925,Jennifer,Taylor,glennhale@example.org,IT consultant,"Hodges, Moore and Harris"
3926,Victoria,Rich,denisehopkins@example.net,Horticultural therapist,"Fox, Carroll and Davis"
3927,Olivia,Richards,williamslisa@example.org,Product/process development scientist,"Hernandez, Wright and Rodriguez"
3928,Brian,Gomez,fward@example.net,"Secretary, company","Clark, Johnson and Beard"
3929,Matthew,White,pmoore@example.org,Horticultural consultant,Klein-Wells
3930,Laura,Novak,hayley61@example.org,IT technical support officer,Smith-Webb
3931,John,Thompson,qsimmons@example.com,"Doctor, general practice","Anthony, Shields and Campbell"
3932,Anna,Price,jenniferriley@example.net,Hospital doctor,"Foster, Rodriguez and Walker"
3933,Walter,Miller,wdonovan@example.net,Engineering geologist,"James, Sawyer and Graham"
3934,Brittany,Grant,moniquemills@example.org,Musician,Wallace LLC
3935,Larry,Martin,charles30@example.net,Biomedical scientist,Anthony Inc
3936,James,Williams,tparker@example.net,"Designer, television/film set",Jones Inc
3937,Cynthia,Webb,tcarlson@example.com,Structural engineer,"Adkins, Peterson and Obrien"
3938,Kelly,Cummings,mariacruz@example.net,Structural engineer,Brown Group
3939,Kenneth,West,billysilva@example.org,Retail merchandiser,"Brown, Andrade and Lee"
3940,Robert,Hamilton,wespinoza@example.net,Retail manager,Crosby-Nixon
3941,Rodney,Sharp,brooke12@example.net,Pathologist,Wood-Ryan
3942,Melanie,Peterson,dnorris@example.net,Secretary/administrator,Mcmillan Ltd
3943,Shannon,Schneider,william09@example.org,Production manager,"Stuart, Matthews and Roberts"
3944,Rachel,Lindsey,dennisharrison@example.net,Heritage manager,Hudson PLC
3945,Brian,Turner,gregorymaxwell@example.net,Air cabin crew,Hobbs and Sons
3946,Mary,Mason,aaron62@example.org,"Programmer, applications","Hess, Livingston and Williams"
3947,Jessica,Collins,collierjulie@example.org,"Editor, magazine features",Lynch-Thomas
3948,Donald,Jimenez,rodriguezthomas@example.org,Mining engineer,Benitez LLC
3949,Jennifer,Palmer,christopherblack@example.org,Minerals surveyor,Stone-Shields
3950,David,Wallace,christopher53@example.com,Clinical psychologist,Long Group
3951,Amber,Pitts,leeshane@example.org,Video editor,"Hardy, Lewis and Bowers"
3952,Mario,Frederick,reneeknapp@example.org,Make,Brown Inc
3953,Jacob,Potter,kelseyjackson@example.net,Print production planner,"Lawson, Rollins and Villarreal"
3954,Miguel,Walters,coreybrown@example.net,Trade mark attorney,"Mejia, Mcdaniel and Dunn"
3955,Kelly,Williams,andrew05@example.com,Archivist,"Edwards, Rodriguez and Robinson"
3956,Gwendolyn,Patel,nicole00@example.net,Rural practice surveyor,"Jackson, Fisher and Rivera"
3957,David,Chen,kayla63@example.com,"Designer, television/film set",Johnson Inc
3958,Calvin,Fuentes,julie74@example.net,"Journalist, magazine","Hughes, Schmitt and Nelson"
3959,Douglas,Johnson,mitchelljennifer@example.com,Chief Technology Officer,Richardson-Knight
3960,Daniel,Obrien,mcclainkaren@example.com,Building surveyor,Evans Ltd
3961,Diana,Williams,mary03@example.org,Charity fundraiser,"Reynolds, Hawkins and Montes"
3962,William,Hernandez,acostamary@example.org,"Psychologist, prison and probation services",Johnson Group
3963,Joshua,Morris,yhansen@example.net,Leisure centre manager,Sharp Ltd
3964,Erin,Fisher,tiffanyrobinson@example.org,"Radiographer, therapeutic","Sullivan, Thomas and Johnson"
3965,Andrew,Norton,oturner@example.org,"Administrator, Civil Service",Jacobs-Taylor
3966,Trevor,Hart,tomburke@example.org,Logistics and distribution manager,Fuller-Adams
3967,Patricia,Carrillo,ywyatt@example.net,"Conservator, museum/gallery",Rodriguez-Blackburn
3968,Lawrence,Fisher,uevans@example.net,"Radiographer, diagnostic","Anderson, Farmer and Smith"
3969,Tiffany,Jones,amandacoleman@example.com,Merchant navy officer,Butler-Henderson
3970,John,Carpenter,rbarnes@example.com,Corporate treasurer,Atkins Group
3971,Paul,Brown,xrusso@example.com,"Designer, textile",Carr-Schneider
3972,Jennifer,Morris,tiffany37@example.org,Chief of Staff,Rubio-Anderson
3973,Chelsea,Moore,angelamills@example.net,"Radiographer, diagnostic","Woods, Wolf and Carlson"
3974,Zachary,Baker,andreablack@example.com,Trade union research officer,Gilbert PLC
3975,Amy,Henry,kristina80@example.com,"Development worker, community",Collins PLC
3976,Briana,Caldwell,mhill@example.com,Archivist,Hernandez-Underwood
3977,Ryan,Schneider,torresdaniel@example.com,Barrister,Bennett-Bryant
3978,Brian,Miller,lynchmelissa@example.com,Lobbyist,Hayes-Gill
3979,Michael,Stone,john56@example.org,Telecommunications researcher,"Peck, Johnson and Fowler"
3980,David,Walsh,xyoung@example.org,Glass blower/designer,Melton Ltd
3981,Andrea,Alexander,alexandramills@example.com,Operational investment banker,Pearson Group
3982,Charles,Avila,natashablack@example.net,Dietitian,"Bailey, Mitchell and Thompson"
3983,Blake,Graham,davidsonleslie@example.com,Medical secretary,Ross and Sons
3984,Bridget,Griffin,barrysmith@example.com,Medical illustrator,"Taylor, Mills and Combs"
3985,Adam,Walker,michael28@example.net,"Engineer, technical sales","Middleton, Cortez and Shelton"
3986,Anthony,Wiggins,vpratt@example.org,"Designer, graphic","Ryan, Morgan and Spence"
3987,Brian,Ray,christensenshawn@example.net,Ship broker,Hill-Lewis
3988,Deborah,Lopez,jamessnow@example.net,Mental health nurse,Terry LLC
3989,Darryl,Chandler,martinjacqueline@example.org,Marine scientist,"Thompson, Eaton and Thompson"
3990,William,Johnson,davidsonbrandi@example.net,"Production assistant, radio",Bradley LLC
3991,Lorraine,Gordon,waltonchristina@example.org,Telecommunications researcher,"Herman, Ruiz and Lewis"
3992,Nicholas,Miller,isanchez@example.com,Commercial horticulturist,Wilson PLC
3993,William,Rivera,allenbarbara@example.net,Chiropodist,Hamilton Group
3994,Chelsea,Ramirez,elizabethingram@example.org,Tax inspector,Hughes Ltd
3995,Brandon,Moore,bradleypaul@example.org,Drilling engineer,Evans-Gray
3996,Luke,Beck,gregoryholloway@example.com,Games developer,Owens PLC
3997,Valerie,Rodriguez,christophersimpson@example.net,Customer service manager,Gonzalez Group
3998,Stanley,Walter,robertmccall@example.net,Community education officer,Zhang-May
3999,Laura,Holland,nunezxavier@example.net,Insurance claims handler,Jones-Davis
4000,Erika,Baxter,piercegrace@example.org,"Pharmacist, hospital",Sharp Inc
4001,Melissa,Hart,reyesjay@example.com,Information systems manager,Lara Ltd
4002,Julie,Logan,kathrynjones@example.net,Energy engineer,"Gilmore, Lindsey and Kent"
4003,Marcus,Wallace,guy80@example.com,"Buyer, retail","Jacobs, Castillo and Mann"
4004,Anthony,Sullivan,randolphrobin@example.com,Water quality scientist,"Moore, Hughes and Wilcox"
4005,Jason,Larson,robert08@example.org,Farm manager,"Baxter, Alexander and Daniels"
4006,Christopher,James,jonathan86@example.com,Financial risk analyst,Huffman PLC
4007,Dean,Vincent,tbaker@example.net,Industrial/product designer,Bennett-Lewis
4008,Teresa,Leonard,browngeoffrey@example.net,Ergonomist,"Graves, Parker and Gonzalez"
4009,Richard,Hart,jerrystone@example.net,Bonds trader,"Wells, Parks and Anderson"
4010,Jared,Duke,katrina21@example.net,Tourist information centre manager,"Weiss, Valencia and Jones"
4011,Linda,Hall,richard67@example.net,Exhibition designer,Hebert-Fields
4012,Roberto,Solis,robinsontimothy@example.com,Chartered public finance accountant,"Trujillo, Yang and Vaughan"
4013,Jesse,Allen,brandon32@example.org,Industrial buyer,Robinson Ltd
4014,Joanna,Bauer,stevenskimberly@example.com,Animator,Faulkner LLC
4015,Melinda,Rogers,hicksjennifer@example.org,"Research officer, government","Alexander, Hill and Cummings"
4016,Lucas,Simpson,treilly@example.org,"Horticulturist, amenity","Garner, White and Wallace"
4017,Trevor,Chavez,leslie29@example.com,"Secretary, company",Watson-Sanders
4018,Carrie,Benitez,mwebb@example.org,Travel agency manager,Black-Barnett
4019,Jonathan,Silva,brownmichael@example.net,"Engineer, technical sales",Smith and Sons
4020,Morgan,Cook,ryanferguson@example.org,Surgeon,"Flores, Stephens and Castillo"
4021,Sherry,Richardson,robert31@example.com,Chartered management accountant,Hanson-Sanders
4022,Austin,Caldwell,loriparker@example.org,Health and safety adviser,"Griffin, Ward and Romero"
4023,Amanda,Ward,holly92@example.org,Chiropractor,"Campbell, Thompson and Smith"
4024,Debbie,Grant,emeyers@example.com,Arts administrator,"Johnson, Rodriguez and Rose"
4025,Susan,Davis,amandagraham@example.net,Arts development officer,Wright LLC
4026,Michael,Brown,sjones@example.com,"Social research officer, government",Kelly-Davis
4027,Christina,Bennett,andrew49@example.net,Health service manager,Lewis-Woods
4028,Amy,Greene,adamsdaniel@example.com,"Investment banker, corporate","Luna, Stephens and Ochoa"
4029,Keith,Hill,qrobinson@example.com,Chiropodist,Sutton-Thomas
4030,Crystal,Pena,johnsonbrenda@example.net,Physiological scientist,Garcia-Sawyer
4031,Nathan,Garcia,hollowayzachary@example.net,Community development worker,Phelps and Sons
4032,Alexa,Miller,rebecca14@example.com,"Designer, ceramics/pottery",Martinez-Delgado
4033,Ronald,Smith,benjamin28@example.org,Industrial buyer,Smith-Gibbs
4034,Jason,Moore,owensjames@example.net,Facilities manager,Garcia Group
4035,Benjamin,Miller,andrew36@example.com,Estate agent,Rodriguez Group
4036,Leah,Hernandez,devinphillips@example.com,Research scientist (medical),Padilla-Mcdonald
4037,Brian,Griffin,katherinecrawford@example.com,Press sub,Rice-Miller
4038,Gabriel,Harper,donaldclark@example.org,Clinical research associate,Clark LLC
4039,Lisa,Davis,tiffanyhughes@example.com,Osteopath,"Goodman, Mills and Wheeler"
4040,David,Miller,chelseathomas@example.net,Advertising account executive,Hoover PLC
4041,Meredith,Collins,dmartin@example.org,Energy engineer,"Carpenter, Oneal and Taylor"
4042,Stephen,Patton,pamela89@example.org,Retail banker,Edwards Ltd
4043,Eileen,Davidson,garciadeborah@example.com,Museum/gallery conservator,"Mcintosh, Summers and Johnson"
4044,Miranda,Brown,christopher47@example.net,"Education officer, community","Miller, Rodgers and Gray"
4045,Tiffany,Rosales,qrussell@example.com,Special educational needs teacher,Larson-Chapman
4046,Cody,Smith,vrice@example.org,Private music teacher,Preston-Rios
4047,Eduardo,Robles,aharrison@example.net,"Designer, blown glass/stained glass",Chang Inc
4048,Richard,Wu,tyrone22@example.net,"Lecturer, higher education",Smith Ltd
4049,John,Cuevas,edwardsmegan@example.org,Chartered loss adjuster,"Johns, Turner and Moore"
4050,Brian,Harrison,veverett@example.com,Sales executive,"Mcgee, Dawson and Price"
4051,Erica,Collins,noahpearson@example.com,Art gallery manager,"Thompson, Barr and Griffith"
4052,Lauren,Solomon,hernandezdonald@example.org,Industrial buyer,Pena and Sons
4053,Michael,Shaw,steinmark@example.com,Fisheries officer,Reilly-Robinson
4054,Dustin,Moses,millerthomas@example.org,Phytotherapist,Jennings-Pearson
4055,Edward,Chan,colemanlinda@example.org,Television/film/video producer,Woods Ltd
4056,Joshua,Hamilton,chambersmatthew@example.com,"Engineer, aeronautical",Brown LLC
4057,Sophia,Taylor,chavezdanielle@example.org,Set designer,"Patterson, Freeman and Thompson"
4058,Matthew,Adkins,gregory11@example.net,"Engineer, drilling",Herrera Inc
4059,Victor,Rhodes,martinezbrenda@example.com,"Development worker, international aid",Perez-Ward
4060,Daniel,Goodman,anthonyvaldez@example.org,Chiropodist,"Young, Wagner and Martinez"
4061,Justin,Bishop,lamwilliam@example.net,"Scientist, research (physical sciences)","Walker, Martin and Williams"
4062,Steven,Ortiz,davismatthew@example.org,"Engineer, broadcasting (operations)",Herrera and Sons
4063,Jacob,Garrison,emedina@example.com,Metallurgist,Murphy Inc
4064,Kelly,Garrett,douglas01@example.org,"Lighting technician, broadcasting/film/video",Schmitt LLC
4065,Willie,Allen,wwatson@example.org,Youth worker,"Martinez, Wallace and Simpson"
4066,Amanda,Lawrence,gabrielsmith@example.net,Film/video editor,Brown LLC
4067,Sheri,Rodgers,kblack@example.com,Advertising copywriter,Whitehead-Clark
4068,Claire,Wilson,dana44@example.org,"Psychologist, educational",Ingram-Oliver
4069,Cindy,Smith,wdawson@example.org,"Surveyor, building control",Patel-Williams
4070,Tiffany,Miller,michael17@example.com,Media buyer,"James, Stewart and Harris"
4071,Andre,Hunt,devinmullins@example.net,"Engineer, production","West, Scott and Weaver"
4072,Linda,Lindsey,twilliams@example.net,Ecologist,Allen LLC
4073,Miguel,Smith,sarah56@example.com,Sport and exercise psychologist,Riley-Stout
4074,Evan,Blankenship,schmidtdaniel@example.org,"Lecturer, higher education",Williams and Sons
4075,Steven,Hughes,vmunoz@example.com,Commissioning editor,Sosa LLC
4076,Kim,Johnson,dking@example.net,Quarry manager,Williams-Nixon
4077,Andrea,Bailey,cynthiaschroeder@example.org,Chartered public finance accountant,Scott-Jenkins
4078,Julie,Wise,maycameron@example.org,"Designer, television/film set",Reed and Sons
4079,Frederick,Yates,rebecca32@example.net,Magazine journalist,Morris Group
4080,Anthony,Smith,martingray@example.com,Printmaker,Duncan-Mclean
4081,Sean,Pena,delgadochristina@example.com,Hospital doctor,Cruz-Mccarthy
4082,Douglas,Francis,daymaria@example.com,Medical technical officer,Cherry Group
4083,Peggy,Lucas,pacegeorge@example.org,Soil scientist,Hammond PLC
4084,Amanda,Andrews,johnsonashley@example.com,Publishing copy,"Blanchard, Garcia and Foster"
4085,Brenda,Bishop,torresjenna@example.org,"Development worker, international aid","Reyes, Sims and Bryant"
4086,Sarah,Green,gregory31@example.org,Optometrist,Gonzalez Inc
4087,Makayla,Cooper,andrew85@example.org,Special educational needs teacher,"Butler, Buckley and Fuentes"
4088,Patrick,Harper,joseph19@example.net,Fast food restaurant manager,"Wallace, Flores and Conway"
4089,Ian,Underwood,kelly99@example.com,Visual merchandiser,Benson-Lewis
4090,Michele,Jenkins,powellanthony@example.com,"Research officer, government",Simpson Inc
4091,David,Dickson,lspencer@example.com,"Engineer, automotive","Santana, Gilmore and Moore"
4092,Dennis,Allen,osbornebeth@example.org,Arboriculturist,Johnson-Bryant
4093,Amanda,Villa,michellenguyen@example.net,Nature conservation officer,Figueroa-Gomez
4094,Howard,Graves,jjones@example.com,Maintenance engineer,"Jordan, White and Donovan"
4095,Kathy,Pierce,krystalbrown@example.com,Film/video editor,Meza and Sons
4096,Jesse,Shannon,joshuawu@example.org,"Horticulturist, amenity",Ford Ltd
4097,Deborah,Wright,xtran@example.com,"Nurse, adult",Schultz and Sons
4098,Christy,Waters,ferrellveronica@example.com,Leisure centre manager,Alvarez Ltd
4099,Briana,Adkins,imcdaniel@example.org,"Administrator, education",Garcia and Sons
4100,Connie,Jones,donnapatterson@example.com,Psychotherapist,"Combs, Ramirez and Elliott"
4101,Benjamin,Shepard,john59@example.net,Dietitian,Morales PLC
4102,Jay,Johnson,johnsolomon@example.com,Psychiatrist,"Thomas, Morris and Peterson"
4103,Matthew,Lawson,xfoster@example.com,"Journalist, newspaper","Petersen, Hayes and Williams"
4104,Deanna,Jackson,lgreene@example.com,"Therapist, occupational",Downs-Sharp
4105,Adam,Williams,jasongreene@example.net,Geoscientist,Perkins-Mueller
4106,Elizabeth,Rodriguez,randerson@example.com,Insurance underwriter,Anderson-Strickland
4107,Bryan,Carrillo,joseph42@example.net,Public relations officer,Thornton-Carpenter
4108,Norman,Weaver,fshaw@example.net,Radio broadcast assistant,Ramirez-Morris
4109,Candice,Clark,padillasarah@example.net,Medical secretary,"Durham, Carney and Day"
4110,James,Davis,ybrooks@example.org,Armed forces training and education officer,Chen LLC
4111,Jonathan,Williams,davisdavid@example.net,"Pharmacist, hospital",Sandoval LLC
4112,Daniel,Frye,don92@example.org,Learning disability nurse,Murphy-Holmes
4113,Samantha,Velasquez,jonesstephanie@example.org,"Engineer, water",Gonzalez Inc
4114,Alexandria,Vasquez,andrewwillis@example.net,Public affairs consultant,Turner Inc
4115,Emily,Long,kenneth31@example.net,"Surveyor, minerals","Alexander, Ward and Koch"
4116,Brian,Wallace,stevencooper@example.org,Engineering geologist,Kelly Inc
4117,Richard,Hart,kelseygordon@example.org,Multimedia specialist,Wells-Hernandez
4118,Matthew,Le,vhunter@example.org,Curator,"Ortiz, Owens and Harris"
4119,Lisa,Mitchell,mariah61@example.org,Politician's assistant,Guzman-Stanley
4120,Jose,Morgan,mark68@example.net,Sports therapist,"Morales, Logan and Jones"
4121,Christopher,House,bstanley@example.net,Building services engineer,Elliott LLC
4122,John,Banks,michael81@example.net,Diplomatic Services operational officer,Clark-Nielsen
4123,Adriana,Duke,bduncan@example.net,Gaffer,"Wright, Williams and Padilla"
4124,Rachel,Murphy,imeza@example.org,Network engineer,"Mueller, Hampton and Abbott"
4125,William,Shelton,ddouglas@example.org,"Nurse, mental health","Stephens, Jensen and Sanders"
4126,Jennifer,Webb,hooperbrenda@example.org,Armed forces training and education officer,Little and Sons
4127,Michael,Bowman,kwilson@example.net,Early years teacher,Rivera Ltd
4128,Steven,Allen,william99@example.com,Chemical engineer,"Moore, Burton and Chase"
4129,Stephanie,Parker,emilyhughes@example.com,"Investment banker, operational",Brown Inc
4130,Emily,Johnston,jenna74@example.org,Insurance broker,Evans Group
4131,Elizabeth,Anderson,bperry@example.com,Health service manager,Kennedy and Sons
4132,Brittany,Evans,sethevans@example.net,Medical illustrator,Boyd-Lyons
4133,Faith,Campbell,charleswhite@example.org,Editorial assistant,Castillo Ltd
4134,Robert,Coleman,nicholasanderson@example.com,Probation officer,Fox-Macias
4135,David,Chan,beckjames@example.com,"Therapist, art",Gutierrez Inc
4136,Elizabeth,Christian,derek47@example.net,Camera operator,Chandler-Price
4137,Jennifer,Conway,bramirez@example.com,Geophysical data processor,"Hicks, Taylor and Baker"
4138,Tamara,Lee,henrystout@example.org,Astronomer,Burke-Moore
4139,Kathleen,Farmer,tyoung@example.com,"Engineer, biomedical",Jones Ltd
4140,Jay,Watkins,larsonsarah@example.net,"Investment banker, operational",Phelps PLC
4141,Jane,Thompson,hillkaren@example.org,Video editor,Martinez-Moody
4142,Steven,Chapman,jasonsmith@example.org,Gaffer,Smith Ltd
4143,Brian,Thomas,shannon55@example.net,Aeronautical engineer,"Taylor, Rivera and King"
4144,Zachary,Williams,rebeccawilliams@example.com,Applications developer,Wood-Lopez
4145,Alex,Smith,carollopez@example.com,Dentist,Walker-Shaw
4146,Sabrina,Kemp,doris87@example.com,"Scientist, clinical (histocompatibility and immunogenetics)",Bush-Kent
4147,Chad,Gillespie,juan93@example.org,Conference centre manager,"Parker, Mendez and Lopez"
4148,John,Reed,heather30@example.com,Dramatherapist,Hurley-Randall
4149,Heather,Malone,melissali@example.org,Print production planner,Bowman-Ramos
4150,Dawn,Clark,daltonbrown@example.org,English as a foreign language teacher,"Parker, Bell and Campbell"
4151,Michael,Cooley,krystal91@example.com,Information officer,Martin-Bennett
4152,Pam,Roach,tamara36@example.com,Fine artist,"Patrick, Bailey and Gonzalez"
4153,Ryan,Freeman,pughmegan@example.net,"Geologist, wellsite",Miller Group
4154,William,Maxwell,watersmicheal@example.net,"Administrator, sports","Cook, Hernandez and Diaz"
4155,Brandi,Randolph,jacksonchristopher@example.net,"Surveyor, land/geomatics",Reynolds-Hart
4156,Carolyn,Watson,johnschneider@example.org,Probation officer,George Ltd
4157,Jessica,Smith,bondmichael@example.org,"Engineer, biomedical",Williams-Thornton
4158,Jason,Johnson,wilsonkayla@example.net,"Programmer, multimedia",Clark and Sons
4159,Brenda,Watts,denisewilliams@example.net,Industrial/product designer,Elliott-Wagner
4160,Ashley,Espinoza,corey24@example.com,Aeronautical engineer,Jones Group
4161,Joseph,Valdez,johnsonmalik@example.net,Transport planner,Russell LLC
4162,Diana,Williams,rodrigueztodd@example.org,Museum/gallery curator,Cervantes Group
4163,Jennifer,Perez,hammondcraig@example.org,"Engineer, electrical","Brown, Long and Young"
4164,Glenn,Gardner,nataliejackson@example.org,Lawyer,Yates-Soto
4165,Anthony,Doyle,qjohnson@example.org,Claims inspector/assessor,Hernandez Group
4166,Juan,Davis,zadams@example.org,"Nurse, children's","Espinoza, Huerta and Johnson"
4167,Mark,Cox,mcgeetimothy@example.org,Quantity surveyor,Payne LLC
4168,Jessica,Anderson,seanbarnett@example.com,Multimedia programmer,Landry Ltd
4169,Jennifer,Bautista,karen75@example.com,"Librarian, public",Mcguire-Hayes
4170,Christina,Combs,louis92@example.net,"Education officer, community",Ryan-Gibson
4171,Kelly,Cook,cameronbrian@example.com,Site engineer,"Gonzalez, Farrell and Johnson"
4172,Alexander,Watson,ericksonwilliam@example.com,Banker,Lewis-Robinson
4173,Dean,Underwood,burnskimberly@example.net,"Nurse, mental health","Jensen, Davis and Foley"
4174,Ryan,Johnson,fwagner@example.net,Estate manager/land agent,Beck Inc
4175,Pamela,Foster,steven21@example.com,General practice doctor,Adams-Lopez
4176,Tina,Ford,samanthabrown@example.org,"Accountant, chartered certified",Oliver Inc
4177,Alec,Becker,sullivandaniel@example.org,"Conservation officer, historic buildings",Matthews LLC
4178,Sheena,Davidson,rose78@example.com,Haematologist,Salas-Bennett
4179,Melissa,Gomez,mayjay@example.net,Video editor,"Smith, Vazquez and Sanchez"
4180,James,Mclaughlin,umoreno@example.org,Dealer,Dunlap LLC
4181,Brittany,Roberts,joseph89@example.com,Broadcast journalist,"King, Payne and Robinson"
4182,Timothy,Salas,laurenbond@example.com,Video editor,"Phillips, Martin and Kim"
4183,Debbie,Rivas,catherine51@example.net,"Surveyor, rural practice",Padilla-Dawson
4184,Kevin,Hunt,kaitlinmcdonald@example.com,Production engineer,Johnson Inc
4185,Anne,Edwards,nrobertson@example.org,Legal secretary,Miller Inc
4186,Jessica,Bradley,zacharyallen@example.net,"Clinical scientist, histocompatibility and immunogenetics","Wong, Lopez and Park"
4187,Thomas,Johnson,barreraanthony@example.net,Production engineer,Huff-Davis
4188,Zachary,Maynard,michaelwilliams@example.net,Media buyer,Brown-Vargas
4189,Christine,Spencer,dnelson@example.com,Applications developer,Hall-Campos
4190,Jesse,Neal,tlawrence@example.com,Agricultural consultant,Holmes Ltd
4191,Melissa,Flores,lwhitney@example.com,Rural practice surveyor,Garrett PLC
4192,Sabrina,Mitchell,johnsonchristopher@example.net,Advice worker,"Mathis, Bryant and Johnson"
4193,Edward,Thomas,cdavidson@example.com,Financial risk analyst,"Riley, Hayes and Weaver"
4194,Lisa,White,gonzalezroy@example.com,Petroleum engineer,Nichols PLC
4195,Michael,Murphy,vwoodward@example.org,Public relations officer,"Newton, Mercer and Walker"
4196,Kellie,Meadows,johnrose@example.net,"Scientist, research (medical)",Rice PLC
4197,Steven,Goodman,tyler44@example.net,Trade mark attorney,"Peterson, Christensen and Lucero"
4198,Edward,Duke,bhamilton@example.org,Wellsite geologist,"Hughes, Davis and Miller"
4199,Antonio,Pineda,jennifer03@example.org,Broadcast presenter,Moore Ltd
4200,Dylan,Blackwell,william29@example.org,Corporate investment banker,Thompson-Watts
4201,Joseph,Scott,rachel57@example.org,"Surveyor, insurance",Gonzales Inc
4202,Vincent,Summers,mwoods@example.net,"Biochemist, clinical",Mckenzie Group
4203,Bobby,Crawford,taylorjulie@example.net,"Programmer, applications","Tucker, Hess and Allen"
4204,Michael,Valentine,pallison@example.com,Architectural technologist,"Wright, Thompson and Warren"
4205,Susan,Avila,eric97@example.org,Immigration officer,"Gonzales, Perez and Evans"
4206,Rachael,Weaver,timothy62@example.org,Mining engineer,Allen-Woods
4207,Cathy,Garcia,qcook@example.org,Ergonomist,Martinez LLC
4208,Samuel,King,moorecindy@example.net,Chartered public finance accountant,Campos-Stephens
4209,Kendra,Compton,christina26@example.com,Media buyer,"Stewart, Valdez and Sherman"
4210,Alejandro,Villegas,boydsarah@example.org,Speech and language therapist,Tran-Bryant
4211,Rebecca,Hernandez,browncrystal@example.com,Phytotherapist,Mills Ltd
4212,Peter,Richards,smithwilliam@example.com,"Therapist, sports",Hartman-Cardenas
4213,Anthony,Rodgers,juliecook@example.org,Barrister's clerk,Gonzales Ltd
4214,Patricia,Burns,shaneosborne@example.org,Environmental health practitioner,"Mccormick, Tran and Garza"
4215,Michael,Miller,pamelabowman@example.net,Acupuncturist,Francis-Kennedy
4216,Becky,Matthews,davidjohnson@example.com,Tree surgeon,Edwards-Smith
4217,Lonnie,Mccullough,yzavala@example.com,Holiday representative,"Newman, Allison and Osborn"
4218,Abigail,Brooks,darrell53@example.org,"Journalist, broadcasting","Bennett, Curry and Webb"
4219,Angela,Lucas,abigailrhodes@example.net,"Horticulturist, amenity",Flowers PLC
4220,David,Palmer,peverett@example.net,Marketing executive,"Robertson, Guzman and Lopez"
4221,Richard,Weber,danderson@example.com,Advertising art director,Blake-Nunez
4222,Tara,Whitaker,cameronjohnson@example.org,"Engineer, civil (contracting)",Brock-Walters
4223,Anthony,Cain,fanderson@example.com,Metallurgist,"Richards, Wilson and Lopez"
4224,Melissa,Campbell,clarkkaren@example.net,"Embryologist, clinical","Lawrence, Morris and Lopez"
4225,James,Kelly,stacy05@example.com,Operational researcher,"Allen, Mccall and Palmer"
4226,Nicole,Parrish,brooksdaniel@example.com,Aeronautical engineer,Kennedy-Arnold
4227,Leslie,Mckay,lisasawyer@example.com,Multimedia programmer,Clark-Jackson
4228,James,Johnson,juliewillis@example.net,Customer service manager,Perry-Jones
4229,Michele,Gonzales,ismith@example.com,Occupational hygienist,Lyons PLC
4230,David,Cameron,daltonjames@example.org,"Designer, fashion/clothing","Washington, Griffin and Pearson"
4231,Margaret,Reilly,heather35@example.com,Commissioning editor,Carpenter PLC
4232,Rachel,King,okennedy@example.com,Pensions consultant,Collins LLC
4233,Carol,Alexander,evansamy@example.org,Occupational hygienist,"Pena, Smith and White"
4234,David,Tran,mullenholly@example.com,Facilities manager,Brooks PLC
4235,Duane,Garrett,zwilliams@example.org,Clothing/textile technologist,"Hamilton, Stevenson and Carpenter"
4236,Amber,White,mackenzie27@example.org,Public relations account executive,Murphy-Turner
4237,Brandon,Clarke,jasminemckee@example.org,"Engineer, agricultural",Velasquez and Sons
4238,Barbara,Franklin,millerallison@example.com,Medical physicist,"Espinoza, Murphy and Floyd"
4239,Jessica,Watts,ydeleon@example.org,Chartered accountant,Arnold Inc
4240,Joanne,Reed,bakernathan@example.com,Probation officer,"Miller, Carroll and Barry"
4241,Scott,Smith,samuelmiller@example.com,Geoscientist,"White, Wade and Henderson"
4242,Debbie,Krause,shellyabbott@example.com,Environmental health practitioner,Kennedy and Sons
4243,Sarah,Smith,richardmichelle@example.org,Oceanographer,Shepherd Inc
4244,Charles,Bennett,wadams@example.com,Medical physicist,"Lang, Moore and Berry"
4245,Jonathan,Singh,joshuamoyer@example.org,"Loss adjuster, chartered",Osborne-Kidd
4246,Nathan,Lane,pmartinez@example.org,Civil Service fast streamer,"Vega, Houston and Lane"
4247,Daniel,Fisher,nicholas83@example.org,Neurosurgeon,Salazar and Sons
4248,Stephen,Smith,sampsonsamuel@example.com,Surgeon,"Lindsey, Kelly and Edwards"
4249,William,Alexander,ddixon@example.net,Community arts worker,Chavez-Hodge
4250,Joseph,Campbell,mmolina@example.net,Commercial art gallery manager,Rocha Group
4251,William,Jenkins,heather41@example.org,Exercise physiologist,"Stephens, Sanchez and Rowland"
4252,Joshua,Baker,chapmanjessica@example.com,Civil Service fast streamer,Cooper PLC
4253,Olivia,Lee,raymond24@example.com,Clinical biochemist,Simmons PLC
4254,Michael,Horne,jamesthompson@example.com,Building control surveyor,Castaneda PLC
4255,Jeffrey,Thompson,david77@example.net,"Surveyor, land/geomatics","Adams, Hardin and Castillo"
4256,Lisa,Williams,rvega@example.net,"Loss adjuster, chartered",Clark Inc
4257,Marc,Curry,flemingstacy@example.net,"Therapist, music","West, Johnson and Smith"
4258,Bryan,Fisher,tsavage@example.com,Video editor,"Evans, Beard and Bell"
4259,Amanda,Parker,hughespatty@example.net,Water engineer,Werner Group
4260,James,Simmons,qmoran@example.org,Civil Service fast streamer,Ferguson-Contreras
4261,Jane,Wright,harrislisa@example.org,Hydrologist,Smith Group
4262,Laura,Olsen,johnsonemily@example.com,Civil Service administrator,Hogan Ltd
4263,Alicia,Gibson,lwells@example.com,Race relations officer,"Adams, Williams and Berg"
4264,Jared,Rivera,dpalmer@example.com,Air broker,Daniels-Lee
4265,Thomas,Williams,michelle84@example.org,Agricultural engineer,"Flowers, Smith and Thomas"
4266,David,Dudley,andre92@example.net,Electrical engineer,Ramos PLC
4267,Susan,Davis,jromero@example.net,"Scientist, clinical (histocompatibility and immunogenetics)",Parker-Bartlett
4268,Brenda,Brewer,benjamin16@example.net,Chemical engineer,Bennett Group
4269,Charles,Sanders,joshuacook@example.org,Training and development officer,Hoover-Johnson
4270,Samuel,Morgan,deborah64@example.com,Company secretary,Leon-Morgan
4271,Randy,Peterson,smithaustin@example.net,"Research officer, political party",Turner Ltd
4272,Richard,Lewis,ramirezbobby@example.net,Immigration officer,"Dixon, Austin and Martinez"
4273,Douglas,Jones,knightrichard@example.com,"Psychotherapist, dance movement",Torres-Morales
4274,Jeffrey,Lopez,sduran@example.com,Field seismologist,"Donovan, Anderson and Adams"
4275,Karen,Carter,melissacampbell@example.net,"Journalist, magazine","White, Burns and Norris"
4276,Roberta,Martin,meredithruiz@example.net,Musician,"Johnson, Russell and Becker"
4277,Deborah,Simpson,gonzaleskim@example.net,Artist,"Johnson, Owens and Moore"
4278,Ryan,Rhodes,bcarter@example.com,Armed forces operational officer,Brown-Christian
4279,Jennifer,Wright,steinsusan@example.com,Government social research officer,Bishop-Smith
4280,John,Hernandez,cassie80@example.org,Wellsite geologist,"Torres, Howard and Spears"
4281,Shannon,Sanders,pscott@example.org,"Production designer, theatre/television/film",Phillips LLC
4282,Deborah,Walker,hreed@example.org,Regulatory affairs officer,Stuart and Sons
4283,Charles,Stewart,vwilson@example.net,Counsellor,Richards-Hansen
4284,Christopher,Shelton,michaelreyes@example.net,Technical brewer,Rush-Edwards
4285,Benjamin,Collins,rodriguezricky@example.net,Writer,"Fernandez, Baker and Weaver"
4286,Michael,Morales,jenniferbarrera@example.net,Educational psychologist,Cowan-Collier
4287,Todd,Lee,ryannguyen@example.org,Television/film/video producer,Fisher-Mejia
4288,Michael,Day,taylorerin@example.net,Maintenance engineer,Caldwell Group
4289,Amy,Wilson,lamtimothy@example.org,Physiotherapist,Green PLC
4290,Thomas,Henry,dale16@example.com,Public house manager,"Smith, Mendoza and Harrington"
4291,Ashley,Young,williammatthews@example.org,Chartered certified accountant,Martinez-Mccarthy
4292,Allen,Martin,tammy53@example.com,Computer games developer,Reed LLC
4293,Regina,Ramsey,xmiller@example.com,Phytotherapist,"Williams, Howard and Holmes"
4294,Kimberly,Young,fuentesapril@example.com,Claims inspector/assessor,Owen-Martinez
4295,Kristen,Craig,walkertimothy@example.com,Soil scientist,Harper-Sullivan
4296,Sabrina,Cline,murphyannette@example.org,"Therapist, sports",Ibarra Inc
4297,Jessica,Williams,kevans@example.com,"Scientist, water quality",Williams-Miller
4298,Tiffany,Lara,gwilliams@example.org,Broadcast engineer,Smith-Thomas
4299,Paul,Mendez,erik52@example.org,Minerals surveyor,"Wilson, Lopez and Wright"
4300,Peter,Rivera,doris99@example.org,Rural practice surveyor,Rose-Thomas
4301,Timothy,Abbott,jacksonpeter@example.com,"Engineer, communications",Wilson Ltd
4302,Michael,Myers,lopezann@example.net,Civil Service administrator,"Arnold, Mcdaniel and Lyons"
4303,Patrick,Harrison,jennifernelson@example.org,Risk manager,Mendoza and Sons
4304,Matthew,Miller,lewisheather@example.net,"Administrator, sports",Copeland Group
4305,Jacob,Lawrence,pwilson@example.org,Diplomatic Services operational officer,Villegas-Taylor
4306,Jessica,Huffman,theresa09@example.org,"Pharmacist, community","Ross, Brown and Baldwin"
4307,Karen,Caldwell,alexandergarcia@example.org,"Education officer, environmental",Rubio-Norris
4308,Edward,Martinez,kimberly61@example.com,Audiological scientist,Clark-Parks
4309,Kenneth,Carroll,cherrera@example.net,Public house manager,Gonzalez-Murray
4310,Lori,Torres,sarahcollins@example.org,"Programmer, multimedia","Thomas, Chen and Hale"
4311,Sean,Turner,timothy47@example.org,"Radiographer, diagnostic","Hernandez, Martinez and Jones"
4312,Cameron,Becker,amyaguilar@example.net,Petroleum engineer,Cook-Fernandez
4313,Nicholas,Orozco,eanderson@example.org,Interior and spatial designer,Cooper-Sanchez
4314,Justin,Tate,kylierogers@example.com,Building surveyor,Garcia-Nelson
4315,Rebecca,Casey,cartervirginia@example.org,"Engineer, control and instrumentation","Mccoy, Robinson and Scott"
4316,Nicholas,Blackburn,russoandrew@example.com,"Designer, fashion/clothing","Medina, Jones and Walker"
4317,Kristy,Blake,afletcher@example.com,"Surveyor, land/geomatics",Zimmerman-Zhang
4318,Susan,Hudson,qarias@example.org,Recruitment consultant,"Melendez, Johnson and Garcia"
4319,Andrea,Davis,brettclark@example.org,Cartographer,"Flynn, Willis and Silva"
4320,Melody,Russo,haileykelly@example.net,"Exhibitions officer, museum/gallery","Mckenzie, Greer and Ryan"
4321,Lauren,Jones,beckerwilliam@example.com,Medical secretary,"Mullen, Davis and Carey"
4322,Patricia,Mcdaniel,herrerabeth@example.com,"Psychotherapist, dance movement",Warner-Santos
4323,Deborah,Baxter,jromero@example.org,Outdoor activities/education manager,"Flores, Phillips and Walker"
4324,Briana,Hart,dianabowen@example.com,Chief Technology Officer,"Schultz, Alvarado and Norris"
4325,Diana,Roberts,smithkristin@example.com,"Production assistant, television","Wallace, Williamson and Russell"
4326,James,Green,pamelabrown@example.org,Press sub,Padilla-Taylor
4327,Laura,Martinez,margaret30@example.net,"Doctor, general practice","Rocha, Brooks and Miller"
4328,Michael,Higgins,sampsonmaria@example.org,Heritage manager,Villarreal-Beard
4329,Matthew,Mercer,steve52@example.com,Radiation protection practitioner,Meadows-Sanford
4330,Kenneth,Warner,darrenmann@example.net,Automotive engineer,Thompson-Simpson
4331,Janet,Chen,cfernandez@example.net,Secretary/administrator,Mejia Ltd
4332,Robin,French,mary52@example.com,Pensions consultant,"Ford, Ramos and Ross"
4333,Robert,Miller,jermaineriley@example.net,"Sales professional, IT","Barton, Hammond and Delgado"
4334,Richard,Burton,kathleen70@example.com,Immunologist,"Lewis, Elliott and Johnson"
4335,Carolyn,Edwards,marcus30@example.net,Haematologist,Haley PLC
4336,Tammy,Andrade,brownmia@example.net,Human resources officer,Fisher Inc
4337,Samantha,White,michelletran@example.net,Paediatric nurse,"Melendez, Todd and Harris"
4338,David,Washington,mrobinson@example.org,"Horticulturist, amenity",Lopez-Bailey
4339,Virginia,Maxwell,alvarezjulie@example.org,Health and safety inspector,Riley-Lamb
4340,Michael,Hernandez,iballard@example.net,Biomedical scientist,"Sanchez, Smith and Griffin"
4341,Patty,Roth,ikelly@example.org,"Administrator, sports",Hall PLC
4342,Amber,Johnson,owensmichael@example.com,Advertising art director,"Roberts, Nielsen and Phelps"
4343,Elizabeth,Davis,seth54@example.net,Merchant navy officer,"Kelly, Hudson and Horton"
4344,David,Rivera,porterdeanna@example.net,"Education officer, museum",Green PLC
4345,Kevin,Yoder,qwilliams@example.org,"Secretary, company",Lamb Group
4346,Bryan,Cain,krogers@example.org,Counsellor,Hopkins Group
4347,Darrell,Phillips,grantantonio@example.org,Fashion designer,Bowman PLC
4348,Nathan,Estrada,kelleytiffany@example.org,"Journalist, broadcasting","Duran, Lewis and Patel"
4349,Alejandro,Ramos,meghan53@example.org,Marketing executive,Vargas-Ellis
4350,Richard,Soto,callahanevan@example.net,Facilities manager,Carroll-Le
4351,Stacy,Zamora,shawn30@example.com,Control and instrumentation engineer,Arnold-Lucas
4352,Jonathan,Williams,michelle77@example.com,Jewellery designer,Woodward-Lawrence
4353,Melissa,Ross,tchan@example.com,Television camera operator,Ellis Group
4354,Katherine,Kennedy,haydenpatricia@example.org,Regulatory affairs officer,Carlson-Gordon
4355,Ricardo,Miller,rebeccabennett@example.com,Herbalist,Fields Ltd
4356,Cynthia,Kelly,tcisneros@example.net,Ecologist,Sloan-Marshall
4357,Holly,Miller,virginia44@example.net,"Surveyor, mining","Jackson, Shepherd and Johnson"
4358,Jesus,Hicks,christinestanley@example.net,Dentist,Myers Inc
4359,Matthew,Mcdonald,dunnbrian@example.net,Analytical chemist,"Bentley, Hill and Warner"
4360,James,Herrera,leekevin@example.org,Financial planner,Calderon-Fisher
4361,Steven,Robertson,tgonzalez@example.net,Customer service manager,"Gray, Johnson and Oliver"
4362,Donna,Smith,nelsonchris@example.com,Commercial art gallery manager,Young and Sons
4363,Brandon,Chandler,anthonytownsend@example.net,Water engineer,"Summers, Sanchez and Cobb"
4364,Danielle,Hopkins,christopherflores@example.org,"Engineer, water",Padilla Group
4365,Richard,Walker,thomas77@example.com,Health and safety inspector,Esparza-Duran
4366,Tara,Peterson,briannajones@example.org,Meteorologist,Barnett-Anderson
4367,Sara,Collier,cwall@example.com,Bonds trader,"Barnes, Nicholson and Hall"
4368,William,Whitney,davidjasmine@example.org,Learning disability nurse,Avery LLC
4369,Brian,Lewis,melissaporter@example.org,"Engineer, land",Gonzalez-Wheeler
4370,Brandon,Oconnor,james12@example.com,Occupational psychologist,"Ford, Matthews and Johnson"
4371,Lawrence,Gonzales,regina47@example.org,Jewellery designer,Cooper-Curry
4372,Timothy,Le,ruthmiller@example.com,Mechanical engineer,"Davis, Moses and Mason"
4373,Emily,Williams,douglasjackson@example.com,"Teacher, special educational needs",Smith-George
4374,James,Nelson,ffoster@example.com,Historic buildings inspector/conservation officer,"Moore, Wilson and Sanders"
4375,Allison,Vasquez,kaitlyn33@example.org,"Journalist, broadcasting",Smith-Mosley
4376,Gary,Spence,ericksongarrett@example.org,"Accountant, chartered certified",Robbins-Trevino
4377,Francisco,Preston,coleadrian@example.net,Tax adviser,"Williams, Brown and Sanchez"
4378,Mark,Mcdonald,bgonzalez@example.com,Sub,Johnson Ltd
4379,Anthony,Daniel,christina43@example.net,"Psychologist, clinical",Moore-Pena
4380,Michael,Page,grayangela@example.org,Human resources officer,Farley Group
4381,Andrew,Turner,jonathonfloyd@example.org,"Production designer, theatre/television/film",Poole-Novak
4382,Jamie,Juarez,christiechoi@example.org,Production manager,Holmes-Bates
4383,Kristen,Wells,john50@example.com,Chemical engineer,Johnson Group
4384,Deborah,Martin,claudiaromero@example.org,Private music teacher,Nelson LLC
4385,John,Walker,zachary37@example.com,Pathologist,Price PLC
4386,Martin,Rowe,baileyalexandra@example.com,Chemical engineer,"Shields, Campbell and Harrington"
4387,Matthew,Banks,pnguyen@example.com,Medical technical officer,"Mueller, Morrison and Carroll"
4388,Jonathan,Bowen,cookgeorge@example.org,"Therapist, drama",Green-Hartman
4389,Jeremy,Gregory,amberkerr@example.org,"Editor, magazine features",Vaughn Group
4390,Matthew,Kline,fdelacruz@example.org,Toxicologist,Hayes-Smith
4391,Michael,Perkins,lisa29@example.org,Travel agency manager,"Nguyen, Banks and Chandler"
4392,Jennifer,Arroyo,manndebra@example.net,"Teacher, special educational needs",Williams-Mills
4393,Cheryl,Harris,laura27@example.net,Estate agent,Griffin and Sons
4394,Christine,Hartman,alexandrataylor@example.com,"Journalist, newspaper",Trevino LLC
4395,Anita,Cowan,amanda94@example.org,"Merchandiser, retail",Zamora-Wallace
4396,Diana,Hoover,tiffany05@example.com,Herpetologist,Moses-Tucker
4397,Joseph,Burns,uhughes@example.org,Dietitian,Harper-Gentry
4398,Ethan,Chandler,towens@example.org,"Conservation officer, nature",Floyd-Green
4399,Emily,Johnson,cruzmichael@example.com,Microbiologist,"Mendez, Brown and Jordan"
4400,Laura,Williams,kanderson@example.org,"Designer, fashion/clothing",Maxwell Group
4401,Marie,Park,tararandall@example.org,Chief Strategy Officer,Potts-Jones
4402,Matthew,Castillo,slowe@example.com,Clinical psychologist,"Baker, Davis and Wilson"
4403,Matthew,White,jim88@example.org,"Embryologist, clinical","Key, Evans and Moreno"
4404,David,Howard,jonathanortiz@example.com,Data scientist,Gillespie PLC
4405,Gabriela,Thompson,brent88@example.net,Tourist information centre manager,"Vance, Harris and Kim"
4406,Bryan,Payne,stacystone@example.net,Energy engineer,"Ford, Murray and Howard"
4407,Jacqueline,White,bradleydunn@example.com,Immigration officer,Robertson and Sons
4408,Toni,Williams,michaelmitchell@example.org,Arts administrator,"Mayer, Little and Johnson"
4409,Robert,Hill,ddominguez@example.com,Comptroller,Lang-Drake
4410,James,Jacobs,jeremyhernandez@example.com,Make,Carter-Beasley
4411,Kristin,Rhodes,mooreanita@example.com,Podiatrist,Mejia-Phillips
4412,Theresa,Singleton,hreed@example.com,Naval architect,Barton PLC
4413,Haley,Campbell,hernandezlatoya@example.net,"Scientist, forensic",Sanchez-Gallagher
4414,Rachel,Cardenas,vclark@example.com,"Therapist, music",Ward Group
4415,Denise,Spence,gpalmer@example.org,Paediatric nurse,"Jordan, Henderson and Smith"
4416,Edward,Tucker,jarvishannah@example.org,Public relations account executive,Perkins Group
4417,Timothy,Cain,monica02@example.com,Freight forwarder,Mercado-Rojas
4418,Thomas,Williams,seanhaney@example.org,Medical illustrator,"Robinson, Kane and Johnson"
4419,Susan,Olson,abell@example.org,Architectural technologist,"Martinez, Thomas and Wilson"
4420,James,Michael,vanessasexton@example.org,Agricultural consultant,Payne and Sons
4421,Jennifer,Black,tara51@example.net,Drilling engineer,Becker Ltd
4422,John,James,ashleystein@example.org,"Scientist, marine",Sandoval-Buchanan
4423,Ryan,Smith,arnolddesiree@example.net,Bookseller,Hooper and Sons
4424,Christy,Johnston,kayla94@example.com,Restaurant manager,"Singleton, Olson and Dawson"
4425,Alexis,Young,ujones@example.org,"Scientist, marine",Mclaughlin LLC
4426,Eric,Randolph,iowens@example.net,Risk manager,Chapman PLC
4427,Daniel,Lamb,zjimenez@example.com,Contractor,Smith and Sons
4428,Margaret,Pierce,lfuller@example.org,Biomedical scientist,"Burns, Johnson and Jones"
4429,Mary,Moore,tmoore@example.net,Insurance claims handler,"Gray, Hall and Nguyen"
4430,Timothy,Mckenzie,leeronald@example.org,Astronomer,"Guzman, Walton and Wright"
4431,Juan,Reyes,qwaters@example.net,Financial planner,"Rice, Henry and Gutierrez"
4432,Regina,Lewis,pkennedy@example.net,Cartographer,Lambert-Lee
4433,Paul,Nguyen,bmoses@example.net,"Horticulturist, amenity","Flores, Robinson and Garcia"
4434,Amanda,Hawkins,eshaw@example.com,Ecologist,Clark Inc
4435,Eric,Schmidt,calderoncolton@example.org,Animal technologist,Brock and Sons
4436,Julia,Riddle,elloyd@example.net,Optometrist,Flores PLC
4437,Carolyn,Watkins,john78@example.net,Quality manager,"Cox, Grant and Rios"
4438,Jessica,Gutierrez,shannonsnow@example.com,Community arts worker,Hale-Ritter
4439,Dana,Navarro,georgemiller@example.net,Product manager,Ritter-Anderson
4440,Isaiah,Simmons,nelsonashley@example.com,Purchasing manager,Jones and Sons
4441,Sarah,Green,tyler97@example.net,IT consultant,Miranda-Bradford
4442,Jennifer,Melton,asimon@example.org,Community pharmacist,Kirby Inc
4443,Laura,Franklin,justin51@example.org,Dentist,"Bryant, Torres and Williams"
4444,Brianna,Walters,wbrown@example.com,"Conservator, museum/gallery",Ellis Inc
4445,Debra,Morrow,matthewpacheco@example.net,"Physicist, medical","Aguilar, Brown and Ross"
4446,Timothy,Rivera,levinerebecca@example.org,Publishing copy,"Wolf, Patterson and Martinez"
4447,Debra,Mckee,angelafrey@example.org,"Surveyor, commercial/residential",Craig-Wong
4448,Anthony,Randolph,daniel10@example.org,Recycling officer,"Gallegos, Morris and Robinson"
4449,Stephen,Haley,arnolddeborah@example.net,Medical secretary,Harris-Smith
4450,Brittany,Barnes,campbelljessica@example.com,Print production planner,"Blackburn, Cantu and Barber"
4451,Jason,Perkins,derek21@example.net,"Designer, ceramics/pottery",Moon and Sons
4452,Brittney,Moore,stevenhaney@example.org,Clinical embryologist,Lindsey PLC
4453,Cameron,Sosa,umitchell@example.net,Network engineer,Valdez-Walsh
4454,Lauren,Maynard,brittanymaynard@example.org,Electrical engineer,"Moore, Wallace and King"
4455,Diane,Ramirez,starkmary@example.org,Barrister,Love Inc
4456,Brittany,Callahan,kyle00@example.com,Fish farm manager,"Collins, Castaneda and Durham"
4457,Andrew,Lucero,jennifer50@example.org,Associate Professor,"Novak, Hunt and Jones"
4458,Alison,Mendoza,monicafloyd@example.com,IT trainer,"Vazquez, Kelly and Jimenez"
4459,Carl,Miller,michellebolton@example.org,Marketing executive,Garcia-Crawford
4460,Dan,Howard,gwebb@example.org,"Secretary, company","Rodriguez, Newton and Stewart"
4461,Andre,Dickerson,gallen@example.net,Commissioning editor,Mercado and Sons
4462,Richard,Yoder,joseph61@example.net,Child psychotherapist,Casey and Sons
4463,Eric,Wright,pattersonmitchell@example.org,Technical author,Moses-Patel
4464,Jessica,Jones,jessicastone@example.net,Maintenance engineer,Jordan Group
4465,Meagan,Gonzales,thomasbecker@example.net,"Engineer, biomedical",Smith Ltd
4466,Jacob,Byrd,petersonricky@example.org,"Programmer, multimedia",Pittman-Bennett
4467,Marcus,Anderson,bgates@example.org,Accounting technician,"Steele, Rivera and James"
4468,David,Martinez,nathan80@example.org,"Teacher, English as a foreign language","Johnson, Wagner and Sanchez"
4469,Christopher,Wagner,vhoward@example.net,Cytogeneticist,Johnston-Berry
4470,Ryan,Payne,susan24@example.com,"Accountant, chartered",Navarro and Sons
4471,David,Allen,zsmith@example.net,Lawyer,"Mendez, Solis and Krause"
4472,Jessica,Gordon,bettyhodge@example.com,Veterinary surgeon,Conrad and Sons
4473,Samantha,Dunlap,madison67@example.com,Dance movement psychotherapist,"Lewis, Sullivan and Green"
4474,Daniel,Arroyo,victoria86@example.net,Broadcast journalist,Perez-Gomez
4475,James,Thompson,taylorhamilton@example.net,Planning and development surveyor,"Stewart, Wright and Castro"
4476,Logan,Patton,lcox@example.com,"Scientist, marine",Davis-Brennan
4477,Keith,Burns,carrjennifer@example.com,"Journalist, magazine","Jones, Morrison and Petersen"
4478,John,Gonzales,simpsonheather@example.org,Medical technical officer,Taylor-Pena
4479,Barbara,Jones,fferguson@example.com,Publishing copy,Mcdonald and Sons
4480,Jessica,Patel,ijordan@example.net,Risk manager,Thornton-Robinson
4481,Joyce,Banks,jstevens@example.com,Research scientist (medical),Hensley PLC
4482,Lisa,Wolfe,hillrichard@example.org,Armed forces training and education officer,Sanchez-Brandt
4483,Kevin,King,masonmichelle@example.com,Energy engineer,Parrish PLC
4484,Melissa,Henry,smithwilliam@example.net,"Exhibitions officer, museum/gallery","Gonzalez, Gonzalez and Contreras"
4485,Katie,Huffman,skelly@example.org,Speech and language therapist,Graves and Sons
4486,Katherine,Wheeler,rossstephanie@example.net,"Engineer, water",Bailey-Fernandez
4487,Suzanne,Ruiz,adam58@example.com,Health visitor,Kelly-Hurst
4488,Christopher,Saunders,wisecrystal@example.net,Herpetologist,"Montgomery, Acosta and Jones"
4489,Harold,Johnson,justin96@example.net,Nature conservation officer,Edwards-Farmer
4490,Julie,Kelly,william25@example.org,Research scientist (maths),"Rush, Mills and Washington"
4491,Ethan,Reeves,holderstephanie@example.com,Sports development officer,Webster-Ali
4492,Luis,Collins,brianaunderwood@example.com,"Teacher, music",Solis-Johnson
4493,Anthony,Wood,christopher09@example.net,"Editor, magazine features",Phillips Inc
4494,Shelly,Kaufman,vanessa27@example.net,Risk analyst,Bell-Salinas
4495,Lauren,Shepherd,eric05@example.org,"Teacher, early years/pre",Ray and Sons
4496,Ana,Ruiz,gblackburn@example.org,Insurance account manager,Reed-Johnson
4497,Marcus,Dixon,avilaemily@example.com,Physiotherapist,Escobar-Hoover
4498,Mitchell,Miller,watsonann@example.org,Adult guidance worker,"Grimes, Phillips and Cooper"
4499,Manuel,Wolf,jody69@example.net,Education administrator,Martin-Stevens
4500,Danielle,Bradley,jeremy85@example.com,"Engineer, civil (contracting)",Pitts-Foley
4501,Joshua,Morales,nicholas35@example.com,Estate agent,Frank-Baker
4502,Kenneth,Keller,brandygreene@example.com,Theatre stage manager,Edwards-Sharp
4503,Ronnie,Curry,david38@example.org,Airline pilot,Wilson-Clark
4504,Marcus,Lawrence,rmartinez@example.com,"Scientist, research (maths)","Jones, Barnes and Stone"
4505,Thomas,Berger,williamclark@example.com,"Therapist, occupational","Fritz, Barajas and Blair"
4506,Logan,Robinson,bparrish@example.org,Merchant navy officer,Johnson-Weber
4507,Emily,Jacobson,vickie54@example.net,Hydrologist,Sexton Ltd
4508,Spencer,Howard,barbaraadkins@example.net,Warehouse manager,"Blanchard, Little and Allen"
4509,Jacob,Johnson,floresshelly@example.com,Make,"Herring, Ross and Orr"
4510,Rachel,Cochran,joelreyes@example.org,"Surveyor, quantity","White, Cruz and Kennedy"
4511,Sherri,Thompson,james42@example.com,"Administrator, local government",Robertson-Howard
4512,Danielle,Brewer,danastevens@example.net,Nature conservation officer,Spears Group
4513,David,Huynh,wware@example.org,"Engineer, water",Watson-Whitehead
4514,Jacob,Henderson,lbuckley@example.org,"Scientist, physiological",Morgan-Holmes
4515,Christina,Bradley,ymartinez@example.org,Press sub,"Olson, Sims and Hall"
4516,Alex,Taylor,ywilkins@example.org,Hospital doctor,Williamson-Levy
4517,Darlene,Brown,cjenkins@example.com,Facilities manager,Medina Inc
4518,Jessica,Ramirez,johnmoore@example.net,Psychiatrist,Hammond Inc
4519,Nicholas,Gonzales,christina66@example.com,Seismic interpreter,"Fisher, Chapman and Murray"
4520,Donald,Yates,ryanleonard@example.com,"Administrator, arts","Atkins, Anderson and Mejia"
4521,Robert,Torres,martintyrone@example.net,Geographical information systems officer,Whitehead-Trevino
4522,Victoria,Hernandez,eileen34@example.org,Health and safety inspector,Roberts-English
4523,Christopher,May,david75@example.org,Restaurant manager,"Chambers, Mcintosh and Palmer"
4524,Timothy,Anderson,gina27@example.org,Chief of Staff,Graham-Dorsey
4525,Katherine,Turner,kimberlyhorton@example.com,"Pilot, airline","Lee, Brown and Sullivan"
4526,Melissa,Shannon,zramsey@example.net,Quality manager,Hartman Ltd
4527,Teresa,Rose,christinemurphy@example.org,"Administrator, Civil Service","Perez, Burns and Perez"
4528,Ann,Cox,tylerday@example.org,Medical sales representative,Norris-Hernandez
4529,James,Boyd,michael50@example.com,"Engineer, civil (consulting)",Kim-Vega
4530,Jesse,Bush,cklein@example.com,Banker,"Lee, Carlson and Carpenter"
4531,Patricia,Mccarthy,lmelendez@example.org,Science writer,Henry-Robinson
4532,Alice,Smith,tfrank@example.org,Database administrator,Dunn-Chandler
4533,Daniel,Young,christopheringram@example.net,Chartered certified accountant,Atkins-Navarro
4534,Deborah,Boyd,jeremy08@example.net,"Scientist, research (physical sciences)","Carter, Mathews and Shaw"
4535,Ronnie,Anthony,paige88@example.com,Restaurant manager,Good-Kent
4536,Brittany,Matthews,teresa84@example.net,"Runner, broadcasting/film/video",Bartlett-Newton
4537,Ernest,Owens,kenneth35@example.org,"Biochemist, clinical",Carroll-Jackson
4538,Aaron,Soto,tiffanylandry@example.org,"Therapist, sports",Smith LLC
4539,Amy,Gray,foxgeorge@example.org,Printmaker,Mitchell-Rodriguez
4540,Michael,Hayes,orozcosteve@example.com,Plant breeder/geneticist,"Chen, Irwin and Case"
4541,Jennifer,Robinson,jessicahuff@example.net,Health physicist,Joyce-Blair
4542,Paul,Li,ghodges@example.com,Sports coach,"Watts, Frank and Schwartz"
4543,Kathy,Whitehead,lfarley@example.com,Museum education officer,Ingram-Lewis
4544,Donna,Nelson,sharonstevens@example.com,Print production planner,"Miller, Nichols and Nelson"
4545,Megan,Mullins,jessicathompson@example.com,Multimedia specialist,Joseph Inc
4546,Patricia,Miller,bishopjoseph@example.com,"Surveyor, building control",Byrd-Waller
4547,Tina,Warren,careycatherine@example.net,Warden/ranger,Lee-Ramos
4548,Andrew,Walker,tiffanyanderson@example.com,Clinical embryologist,Washington-Lewis
4549,Robert,Young,schmidtrobert@example.org,"Scientist, research (medical)",Nash-Clark
4550,Luke,Mcdaniel,josephmoore@example.com,Community pharmacist,Silva Group
4551,Jennifer,Mercado,hernandezcrystal@example.net,"Sound technician, broadcasting/film/video",Little-Burke
4552,April,Turner,spearsrobin@example.org,"Engineer, control and instrumentation",Novak and Sons
4553,Roberto,Schneider,nleon@example.net,Holiday representative,Stewart and Sons
4554,Shirley,Johnson,allendavid@example.net,Theme park manager,"Davis, Lester and Soto"
4555,Brian,Nelson,rvelasquez@example.org,Field trials officer,"Henry, Anderson and Burke"
4556,William,Jones,hollythomas@example.net,"Engineer, agricultural",Cameron-Craig
4557,Thomas,Johnson,baguilar@example.org,Fitness centre manager,"Rodriguez, Williams and Chavez"
4558,Joshua,Benitez,lindsey38@example.com,"Psychologist, occupational",Burke-Stevens
4559,Damon,Faulkner,dlucas@example.org,"Psychotherapist, child",Hill-Smith
4560,Julie,Johnson,darlene79@example.org,"Scientist, research (physical sciences)","Moore, Gilbert and Wilson"
4561,Gregory,Huff,amorgan@example.net,"Surveyor, building control","Martinez, Rivas and Berry"
4562,Joseph,Alvarez,melinda87@example.net,Manufacturing engineer,White-Bishop
4563,Brian,Waller,christopher82@example.net,Jewellery designer,"Turner, Mcgee and Gallagher"
4564,Holly,Williams,dmoore@example.com,Community arts worker,Gross LLC
4565,Kelli,Nielsen,ruizaaron@example.org,"Social research officer, government",West-Hurst
4566,Daniel,Walls,phillip41@example.org,Legal executive,Singleton-Zuniga
4567,Mallory,Watson,joseph41@example.com,Chief Marketing Officer,Warner-Washington
4568,Cheryl,Murphy,justinperry@example.org,Textile designer,Mitchell Group
4569,Nicole,Pena,jamescox@example.com,Architectural technologist,Alvarez-Moore
4570,Jacqueline,Richardson,lopezbenjamin@example.com,"Psychologist, clinical","Douglas, Burgess and Baker"
4571,Wesley,Payne,gary59@example.net,Marketing executive,"Becker, Hayes and Brown"
4572,Lori,Mitchell,diazjessica@example.com,Clothing/textile technologist,Carter and Sons
4573,Jason,Maxwell,erica26@example.org,Clinical cytogeneticist,Velez-Tucker
4574,David,Lucas,smithsherry@example.org,"Exhibitions officer, museum/gallery",Leon and Sons
4575,Larry,Thompson,james46@example.net,Accommodation manager,"Maldonado, Crawford and Jackson"
4576,Samuel,Mcdaniel,ywatkins@example.org,Financial controller,Walker-Moreno
4577,William,Drake,manningtyler@example.com,Event organiser,Williams and Sons
4578,Maria,Cruz,hernandezdavid@example.org,Curator,"French, Foster and Wang"
4579,Douglas,Hood,millerxavier@example.org,"Librarian, academic","Davis, Johnson and Henderson"
4580,Melinda,Sharp,jacob02@example.org,Health service manager,Williams-Beck
4581,Matthew,Butler,lunasally@example.net,Civil Service administrator,Rojas PLC
4582,Lonnie,Holt,stacey96@example.net,"Civil engineer, consulting",Hahn-Smith
4583,Matthew,Hernandez,pjimenez@example.org,Psychiatrist,Martin-Lane
4584,Amanda,Moore,jacqueline96@example.org,"Accountant, chartered",Stark-Bradford
4585,Lauren,Tapia,khill@example.org,Private music teacher,Powell-Jackson
4586,David,Trujillo,oaguirre@example.net,Charity fundraiser,Sims LLC
4587,Sarah,Howell,pooleamber@example.com,"Producer, radio",Juarez-Garcia
4588,Christian,Weeks,brianmcgrath@example.net,Exhibition designer,Perez-Lin
4589,Fernando,Taylor,moniquelozano@example.com,Herbalist,Tran LLC
4590,Kaitlin,Lee,jjohnson@example.org,Merchant navy officer,Bauer-Myers
4591,Lorraine,Vasquez,matthewguerrero@example.org,Archaeologist,Leonard-Bell
4592,Christina,Perry,stephanie30@example.org,Child psychotherapist,"Smith, Parsons and Christian"
4593,Martin,Lyons,sshepherd@example.net,Environmental education officer,Huber-Obrien
4594,Priscilla,Snyder,jacksoncrystal@example.net,Gaffer,Myers Inc
4595,April,Brady,michelle23@example.net,Research scientist (maths),Williams-Levine
4596,Jacob,Hughes,fordjonathan@example.com,"Accountant, chartered management",Compton-Sawyer
4597,Shawn,Ross,leekayla@example.org,Trade mark attorney,"Cole, Lopez and Thomas"
4598,John,Rodriguez,fcarter@example.com,"Runner, broadcasting/film/video",Davis-Howard
4599,Michelle,Reyes,hward@example.com,Occupational hygienist,Roberson PLC
4600,Brett,Edwards,monique39@example.net,"Teacher, special educational needs",Potter-Watkins
4601,Christopher,Evans,awhite@example.net,Horticultural consultant,Parsons-Gregory
4602,Hannah,Hawkins,robertwest@example.net,Risk analyst,Hawkins-Allen
4603,Andrew,Hart,aaronbarnes@example.org,Radio producer,"Smith, Davis and Cohen"
4604,Joshua,Richardson,cookerhonda@example.net,Illustrator,Richmond-Jordan
4605,Veronica,Crawford,reidkatelyn@example.com,Insurance risk surveyor,Perkins Inc
4606,Jose,Grant,krista96@example.com,Hydrographic surveyor,Lewis-Griffin
4607,Raven,Perry,danielsmith@example.net,Radio broadcast assistant,Mason-Simmons
4608,Stephen,Reed,dflores@example.net,"Psychologist, educational",Johnson-Franklin
4609,Betty,Warren,christopher69@example.net,Environmental manager,Curtis-Mcgrath
4610,Kara,Glass,eshaw@example.com,Trade union research officer,"Bailey, Wright and Owens"
4611,Brittany,Robertson,pruittdaniel@example.com,Toxicologist,"Duarte, Jones and Green"
4612,Johnny,Vargas,qmurphy@example.com,"Teacher, adult education",Garcia-White
4613,Mark,Brown,goldenrobert@example.net,Child psychotherapist,Robertson Group
4614,Patrick,Smith,ramirezcarrie@example.com,Archivist,Dixon Inc
4615,Christopher,Hogan,wmatthews@example.net,Arts development officer,Brown Ltd
4616,Brandon,Day,onealjulie@example.net,"Surveyor, quantity",Hensley Ltd
4617,Bobby,Powell,nicolebarnes@example.org,Government social research officer,Conway LLC
4618,Jacob,Flores,shawngray@example.com,"Scientist, marine",Matthews Inc
4619,Amanda,Green,williamsgina@example.org,"Presenter, broadcasting",Jackson PLC
4620,Ernest,Richardson,kporter@example.com,"Pharmacist, hospital","Schwartz, Galvan and Jones"
4621,Linda,Reid,darius52@example.com,Armed forces operational officer,Hood-Davis
4622,Claire,Johnson,glennrobert@example.com,Medical physicist,Lopez-Davis
4623,Veronica,Anderson,dtaylor@example.com,Metallurgist,Grimes Group
4624,Kevin,Morrison,ykemp@example.org,Higher education careers adviser,Peck Ltd
4625,Angela,Johns,nina07@example.net,Advertising art director,Cox PLC
4626,Craig,Castaneda,ymoore@example.org,"Pilot, airline","Mcneil, Mueller and Thomas"
4627,Michael,Winters,jasminecastillo@example.net,"Nurse, mental health",Montoya-Gomez
4628,Michael,White,xlewis@example.net,Immunologist,Sosa-Landry
4629,Crystal,Reeves,ruizjason@example.net,Customer service manager,Berg Ltd
4630,Felicia,Wood,amber80@example.com,"Administrator, education",Kelly-Molina
4631,Leslie,Nguyen,douglas45@example.com,"Clinical scientist, histocompatibility and immunogenetics",Gutierrez-Lee
4632,Vincent,Perkins,gwendolynblankenship@example.org,Holiday representative,Cooper Ltd
4633,Denise,Franklin,jennifer64@example.net,"Editor, film/video","Rodriguez, Johns and Wong"
4634,Mary,Miller,daniel20@example.net,Best boy,Vargas-Roberson
4635,Amanda,Wilkinson,jessicasheppard@example.net,Health promotion specialist,Morris Group
4636,Tim,Smith,derek53@example.org,"Restaurant manager, fast food","Griffin, Guerrero and Gonzales"
4637,Sabrina,Boyer,vazquezelizabeth@example.net,"Editor, commissioning",Davis and Sons
4638,Darrell,Morris,mbrooks@example.com,Radio producer,King Group
4639,Eric,Lyons,chasestacy@example.org,"Embryologist, clinical",Shannon LLC
4640,Edward,Washington,riveraallison@example.net,"Psychologist, sport and exercise","Snyder, Richardson and Ruiz"
4641,Stephanie,Wood,shawn48@example.com,Associate Professor,Andrews-Miller
4642,Robert,Welch,roberthill@example.org,Financial risk analyst,"Beck, Wade and Humphrey"
4643,Daniel,Summers,kathryn28@example.org,Speech and language therapist,Jones-Frey
4644,Lisa,Thomas,diaztammy@example.org,"Production designer, theatre/television/film","Wright, Garcia and Smith"
4645,Amy,Reid,pwilliams@example.org,Private music teacher,Owens Ltd
4646,Patricia,Pierce,rmcdaniel@example.com,"Accountant, chartered",Holloway Group
4647,Mark,Jordan,acoleman@example.org,Glass blower/designer,Green-Luna
4648,Cody,Moore,williamcooper@example.net,"Nurse, adult",Martinez-Thomas
4649,Jeremy,Dodson,nsmith@example.net,Airline pilot,"Williams, Ortega and Carey"
4650,Alex,Johnson,herbertdiaz@example.com,Public affairs consultant,Williams PLC
4651,Samuel,Robinson,maryday@example.org,Sport and exercise psychologist,Gentry-Martinez
4652,Eric,Walker,pfisher@example.com,Community pharmacist,"Smith, Kelley and Parsons"
4653,Joseph,Zamora,jessicacunningham@example.org,"Radiographer, diagnostic",Singh Inc
4654,Jonathan,Trujillo,ibuckley@example.org,IT technical support officer,West-Morales
4655,Jessica,Smith,webbricky@example.net,Armed forces technical officer,Mendez-Griffin
4656,Christian,Baird,andrewespinoza@example.net,Product manager,"Mitchell, Moore and Flores"
4657,Candace,Taylor,patrickcollins@example.com,"Secretary, company","Young, Ochoa and Ryan"
4658,Jonathan,King,danaedwards@example.com,"Presenter, broadcasting","Mcknight, Sullivan and Lewis"
4659,Jose,Yates,samanthagreene@example.net,Clothing/textile technologist,"Steele, Chavez and Smith"
4660,Adam,Howard,harpertracy@example.com,"Engineer, energy","Davidson, Jacobs and Taylor"
4661,Sabrina,Hernandez,dennismarquez@example.com,"Investment banker, operational",Stevenson-Johnson
4662,Jennifer,Ryan,kingfrederick@example.org,"Pharmacist, hospital",Stephens PLC
4663,Joshua,Diaz,thomashorn@example.org,Primary school teacher,Baker LLC
4664,Brandon,Wong,lrusso@example.net,Social worker,Hendrix-Meza
4665,Jorge,Cooper,riddlejames@example.com,Medical laboratory scientific officer,"Kennedy, Tanner and Cherry"
4666,Samantha,Becker,margaretmcknight@example.org,Multimedia specialist,Evans PLC
4667,Richard,Morris,codyjohnson@example.com,Herpetologist,Burns-Alexander
4668,Alan,Rangel,rivasshannon@example.net,Veterinary surgeon,Moyer-Green
4669,Matthew,Moore,oarias@example.org,Ambulance person,Kaufman and Sons
4670,Anna,Green,arojas@example.net,"Psychologist, sport and exercise",Welch Inc
4671,James,Garcia,yvetteschultz@example.net,"Therapist, art",Stephens-Jensen
4672,Benjamin,Stephens,rburke@example.org,"Geologist, wellsite",Morales-Simpson
4673,Casey,Pratt,robersonjason@example.com,Media planner,"Jones, Fuentes and Graham"
4674,Valerie,Robinson,cruzmarcus@example.org,Minerals surveyor,Stevens Inc
4675,Gabriela,Scott,harmonrobert@example.com,Land/geomatics surveyor,"Thompson, Swanson and Ayala"
4676,Pamela,Watkins,elizabethbrown@example.com,Insurance underwriter,Brown-Francis
4677,Michael,Aguirre,oliverscott@example.com,Ecologist,"Turner, Vincent and Ruiz"
4678,Carolyn,Rios,ralphlee@example.org,Chemical engineer,Donaldson Ltd
4679,Brandi,Brown,jhicks@example.net,Oncologist,"Lopez, Hicks and Juarez"
4680,Pamela,Hamilton,johnscharles@example.net,Logistics and distribution manager,Powers-Mitchell
4681,Anna,Moore,gschmitt@example.org,"Pharmacist, hospital","Rollins, Wright and Atkinson"
4682,Mark,Moore,fischeralec@example.com,Accommodation manager,"Robinson, Smith and Hull"
4683,Belinda,Ryan,raytyler@example.org,"Designer, jewellery",Watkins-Acosta
4684,Larry,Rodriguez,waltercassandra@example.com,Senior tax professional/tax inspector,Nguyen-Little
4685,Jonathan,Love,robertsjulie@example.net,Local government officer,Parks LLC
4686,Christina,Durham,jamesvasquez@example.net,Research scientist (maths),Stewart LLC
4687,Danielle,Oneal,petersonerica@example.net,"Administrator, Civil Service",Irwin Group
4688,Meredith,Beltran,gflores@example.com,"Education officer, museum","Payne, Cohen and Martinez"
4689,Matthew,Young,dunnrebecca@example.com,Trading standards officer,Cox-Morgan
4690,Brandon,Rodriguez,janetarellano@example.org,Hydrographic surveyor,Anderson-Jones
4691,Kerry,Acevedo,summersgina@example.org,Land/geomatics surveyor,Rojas LLC
4692,Elizabeth,Hebert,taylormelissa@example.net,Ergonomist,Vasquez-Mathis
4693,Nicole,Lynch,melissa09@example.org,Museum education officer,"Sullivan, Quinn and Fry"
4694,Sara,Swanson,hernandezchad@example.com,"Horticulturist, commercial",Gardner-Joyce
4695,Kylie,Richardson,zgomez@example.net,"Embryologist, clinical","Reyes, Manning and Montgomery"
4696,Angelica,Campbell,kathleen50@example.org,Higher education careers adviser,Martinez LLC
4697,Peter,Williams,benjaminmiranda@example.com,"Doctor, hospital","Whitney, Payne and Savage"
4698,Justin,Hansen,john97@example.net,Energy engineer,"Lewis, Simpson and White"
4699,Richard,Davis,daniel78@example.net,Occupational psychologist,Jacobson-Vincent
4700,Jill,Martinez,qschroeder@example.org,"Runner, broadcasting/film/video",Morris-Lucas
4701,Rodney,Wallace,april13@example.net,Brewing technologist,"Barnett, Baker and Davis"
4702,Jason,Fry,lisabradley@example.net,"Editor, commissioning",Silva PLC
4703,Beverly,Garcia,jmclean@example.org,Speech and language therapist,Mccullough-Smith
4704,Russell,Wilson,heatherwilkerson@example.net,Furniture designer,"Lane, Collier and Sparks"
4705,Morgan,Hensley,treed@example.org,"Social research officer, government",Miller and Sons
4706,John,Camacho,rosegilmore@example.org,"Chemist, analytical","Pineda, Phillips and Skinner"
4707,Michelle,Frazier,smithfelicia@example.net,Systems developer,"Knight, Gibson and Brown"
4708,Linda,Padilla,wilsonsarah@example.net,Magazine features editor,Anderson-Lopez
4709,Michael,Chen,jenkinsthomas@example.net,"Optician, dispensing",Ramirez-Sandoval
4710,Mary,Diaz,michael83@example.com,Research scientist (maths),"West, Schwartz and Hutchinson"
4711,Alexandra,Whitaker,dneal@example.org,Exhibition designer,"Bowman, Murphy and Parks"
4712,Kimberly,Miller,katherine44@example.com,"Programme researcher, broadcasting/film/video",Anderson Ltd
4713,Latoya,Lee,petersmaureen@example.com,Conference centre manager,"Shepherd, Beard and Davenport"
4714,Brenda,Rivera,yho@example.org,Dentist,"Mccall, Brown and Avery"
4715,Kyle,Anderson,nhill@example.com,Land/geomatics surveyor,Glover PLC
4716,Sara,Guzman,connerstephanie@example.org,Maintenance engineer,"Moore, Johnson and Cortez"
4717,Jim,Cox,nancyfriedman@example.net,Administrator,"Roberts, Ruiz and Campbell"
4718,Roger,Figueroa,joneskaren@example.com,"Solicitor, Scotland",Robinson-Wolfe
4719,Jennifer,Tran,robertnoble@example.net,Furniture designer,Delgado-Stevenson
4720,David,Frye,mwood@example.org,Firefighter,"Vargas, Lewis and Paul"
4721,Destiny,Bass,devonedwards@example.org,"Programmer, systems",Jones Inc
4722,Peter,Nelson,billywolf@example.org,Claims inspector/assessor,Erickson-Williams
4723,Jesse,Orozco,jamie87@example.net,Ophthalmologist,Hunter-Brown
4724,Nicholas,Armstrong,mejiasonya@example.com,Transport planner,Ramirez LLC
4725,Rachel,Ellis,vrose@example.net,Architect,"Johnson, Hoffman and Oneill"
4726,Brian,Scott,brittanywhite@example.org,Mudlogger,Wall Ltd
4727,Amy,Heath,meyerraymond@example.com,Recruitment consultant,"Vang, Murphy and Jackson"
4728,Christopher,Johns,seth62@example.org,Health and safety inspector,"Chavez, Taylor and Garcia"
4729,Emily,Miller,monique24@example.com,Clinical molecular geneticist,"Torres, Lewis and Weaver"
4730,Veronica,Foster,bergerjoshua@example.org,Restaurant manager,Franklin-Perez
4731,Jennifer,Jackson,crystal40@example.net,"Psychologist, sport and exercise","Chung, Howard and Norris"
4732,Benjamin,Lewis,randyweaver@example.net,Emergency planning/management officer,Chung-Harrison
4733,Ryan,Shea,lisa46@example.org,Forensic scientist,"Murray, Carter and Woods"
4734,Mary,Carey,obailey@example.net,"Radiographer, therapeutic",Long and Sons
4735,Tristan,Larson,iperry@example.com,"Embryologist, clinical",Morales and Sons
4736,Mary,Jones,janice95@example.net,Field seismologist,Odonnell-Mann
4737,Benjamin,Arnold,cannonrandy@example.org,"Programmer, systems","Morales, Decker and Cox"
4738,Travis,Griffin,tkramer@example.org,Heritage manager,Smith-Alvarez
4739,Rebecca,Jimenez,tara95@example.org,Prison officer,Johnson-Willis
4740,Crystal,Berry,juliahenry@example.com,Soil scientist,"Evans, Gray and Munoz"
4741,Diane,Blake,kdaugherty@example.com,Chief of Staff,Brown-Dalton
4742,Rebecca,Acosta,seanpetty@example.org,Patent examiner,"Wood, Morales and Knight"
4743,Daniel,Jenkins,kathleen87@example.org,"Accountant, chartered certified","Clark, Sutton and Hamilton"
4744,Jenna,Hanna,flawson@example.com,Stage manager,"Smith, Gregory and Grimes"
4745,Bradley,Shields,alvin86@example.com,Consulting civil engineer,Williams-Adkins
4746,Sean,Rodriguez,estesteresa@example.net,Geophysical data processor,Gould-Mckinney
4747,Bradley,Williams,upratt@example.net,Operational investment banker,Gaines Ltd
4748,Lisa,Salazar,robert88@example.net,"Lecturer, higher education",Stewart Group
4749,Corey,Lee,mccartyjeffrey@example.com,Maintenance engineer,"Martin, Snyder and Duncan"
4750,Wendy,Hayes,palmerfernando@example.net,Merchant navy officer,Brown PLC
4751,Mark,Moore,gloriajohnson@example.org,Futures trader,"Herring, Tran and Jordan"
4752,John,Sutton,brittneybaker@example.com,"Scientist, forensic",Jones-Watson
4753,Zachary,Thomas,hclements@example.net,"Editor, magazine features",Thompson-Davis
4754,Bruce,Perez,lisa71@example.org,Analytical chemist,Meyer and Sons
4755,Robert,Wright,wheelerjulian@example.com,"Engineer, civil (contracting)",Brooks-Johnson
4756,Kyle,Harris,sdean@example.org,Marine scientist,"Preston, Maddox and Robertson"
4757,Dennis,Wilson,adamsdarren@example.net,Landscape architect,"Gray, Sims and Marshall"
4758,Kayla,Salazar,corey28@example.net,"Journalist, newspaper","Osborne, Hawkins and Martinez"
4759,Christine,Morgan,millerrodney@example.net,"Accountant, chartered certified",Austin Group
4760,Brandy,Wallace,williamsallison@example.net,Estate manager/land agent,"Lewis, Pena and Green"
4761,Patrick,Aguilar,katiesullivan@example.net,Database administrator,Watson Group
4762,Nathaniel,Watkins,csalas@example.net,Radio broadcast assistant,Berry PLC
4763,Diamond,Davis,yfuller@example.org,"Designer, jewellery",Fox Ltd
4764,Robert,Abbott,asanchez@example.com,"Merchandiser, retail",Vasquez LLC
4765,April,Maldonado,nathanjackson@example.net,Broadcast presenter,Weber LLC
4766,Gina,Wheeler,leslieanderson@example.org,"Restaurant manager, fast food",Watson Group
4767,Brandon,Johnson,riverastephanie@example.org,Telecommunications researcher,"Palmer, Estes and Barrera"
4768,Doris,Jenkins,mercerhaley@example.net,"Education officer, environmental",Alvarez Group
4769,Alicia,Fuentes,jjohnston@example.net,Warehouse manager,Gonzales Group
4770,John,Murphy,richmondchristy@example.net,Civil Service administrator,"Campbell, Cox and Smith"
4771,William,Cohen,hannah00@example.org,Multimedia specialist,Williams-Solis
4772,Amy,Johnson,jacobsonwillie@example.com,"Doctor, hospital","Garcia, Bowen and Barnett"
4773,Heather,Watkins,martinvincent@example.com,Operational researcher,"Schneider, Martin and Klein"
4774,Mary,Vance,dsmith@example.org,Chief Technology Officer,"Graham, Clark and Gray"
4775,Taylor,Ryan,amystewart@example.com,Fashion designer,"Benson, Vang and Garcia"
4776,Joshua,Atkins,katelyn50@example.net,Marketing executive,Jordan-Fisher
4777,Brian,Alexander,vangrachel@example.org,Lawyer,"Love, Salazar and Hudson"
4778,Kaitlyn,Kerr,dixonbeth@example.org,Orthoptist,"Hudson, Kelley and Dalton"
4779,Sarah,Wyatt,amysmith@example.net,"Pharmacist, hospital","Snyder, Harvey and Cameron"
4780,Aaron,Ferguson,nicolebrown@example.net,Animator,Martinez LLC
4781,Richard,Sandoval,clarkdaniel@example.com,IT consultant,"Brown, Gilmore and Wong"
4782,Kristin,French,ldavis@example.com,Higher education careers adviser,Molina PLC
4783,Kelsey,Moody,rickysmith@example.org,Chartered certified accountant,Moody-Jones
4784,John,Bowen,stevenpierce@example.net,Print production planner,"Alexander, Hernandez and Bird"
4785,Michael,Deleon,corey50@example.net,Jewellery designer,"King, Price and Nolan"
4786,Amanda,Taylor,bvalentine@example.com,Patent attorney,"Rivas, Patterson and Moore"
4787,Katrina,Kelley,jodi80@example.org,Contracting civil engineer,Vaughn LLC
4788,Lori,Banks,kimberly81@example.com,"Scientist, research (medical)","Holmes, Hernandez and Bailey"
4789,Bailey,Hoffman,richardssara@example.net,"Scientist, product/process development",Odonnell Group
4790,Melinda,Marsh,brownconnie@example.net,"Designer, jewellery",Rivera-Howard
4791,Alison,Flynn,wendy23@example.org,Environmental manager,Andrade PLC
4792,Mike,Garrison,laurajacobs@example.com,Emergency planning/management officer,Williamson Inc
4793,Rachel,Jones,tcohen@example.com,Set designer,Palmer Ltd
4794,Thomas,Nguyen,smithnicole@example.com,Consulting civil engineer,Reynolds and Sons
4795,Christopher,Castillo,kevin34@example.org,Health visitor,George and Sons
4796,Joseph,Burke,susanmcconnell@example.com,"Lecturer, further education","Hernandez, Yang and Campos"
4797,Laura,Myers,chandlerjorge@example.com,Games developer,Scott-Jones
4798,Jasmine,Bentley,parkeradam@example.com,Chiropodist,Dodson-Bauer
4799,Kristina,Nichols,zsmith@example.org,"Accountant, chartered certified",Pierce Group
4800,Paul,Sanchez,vmitchell@example.org,Health and safety adviser,Davis-Davidson
4801,Michelle,Stanley,allisontamara@example.net,Community development worker,"Hicks, Garner and Herring"
4802,Richard,Gonzales,anunez@example.org,Interpreter,"Miller, Reyes and Rodriguez"
4803,Miranda,Rodriguez,jennifersmith@example.net,Research scientist (maths),Bennett and Sons
4804,Kristin,Villegas,jeffreyblackwell@example.org,Fashion designer,Brown Group
4805,Jennifer,Richard,jshields@example.com,"Therapist, sports",Dawson-Rowe
4806,Stephen,Stone,cberg@example.com,Chiropodist,"Todd, Turner and Yang"
4807,Brian,Miller,cassandra39@example.net,Fashion designer,"Ryan, Brown and Mann"
4808,Kayla,Jackson,michaelbarr@example.net,Town planner,Johnson LLC
4809,Jamie,Fischer,seanhampton@example.org,Pension scheme manager,"Robinson, Zamora and Rose"
4810,Lindsey,Lopez,lvega@example.com,"Engineer, production",Ramirez Group
4811,Brian,Evans,robbinskaren@example.com,Exhibition designer,"Cummings, Garza and Miller"
4812,Tammy,Christensen,evanstracy@example.org,Pathologist,Norton-Molina
4813,Shawn,Oliver,spatterson@example.net,"Engineer, materials",Massey Ltd
4814,Nicole,Petersen,amybell@example.com,Water engineer,Richardson-Grimes
4815,Michael,Parker,blevinshenry@example.com,Museum/gallery curator,Hernandez and Sons
4816,John,Garcia,bennettmargaret@example.net,"Designer, fashion/clothing",Poole LLC
4817,Douglas,Moses,tuckerlogan@example.net,"Geneticist, molecular","Smith, Reese and Ewing"
4818,Jesse,Butler,deborah98@example.org,"Editor, commissioning",Quinn-Cook
4819,Melanie,Ferguson,asanders@example.net,"Geologist, engineering",Richardson-Martin
4820,Shawn,Wallace,harveyryan@example.net,Contractor,"Powell, Smith and Johnson"
4821,Melissa,Levy,patricia30@example.com,"Librarian, academic",Martinez-Lawrence
4822,Billy,Baxter,jessewood@example.com,"Therapist, music","Mccarthy, Nelson and Lowe"
4823,Amanda,Lee,jacksonkevin@example.com,Animal nutritionist,Todd-Douglas
4824,Hannah,Martin,knightsteven@example.com,Financial manager,Ellison LLC
4825,Rebecca,Warner,donna52@example.com,Product/process development scientist,"Walton, Weaver and White"
4826,Thomas,Adams,timothyscott@example.net,"Designer, multimedia",Salazar and Sons
4827,Jonathan,Jordan,loveemily@example.org,"Investment banker, corporate",Brown Ltd
4828,Eric,Carlson,erika44@example.com,Site engineer,Rodriguez Group
4829,Adrian,Hawkins,richard51@example.org,Fish farm manager,Patton-Salazar
4830,April,Murphy,angela17@example.net,Herbalist,"Rice, Romero and Martin"
4831,James,Harvey,mark07@example.com,Museum education officer,"Davis, Warren and Kim"
4832,Valerie,Parker,nancycurtis@example.net,Marine scientist,Jackson Inc
4833,George,Price,zjones@example.net,Chief of Staff,Hunter-Taylor
4834,Cynthia,Lee,timothy54@example.com,Further education lecturer,"Hernandez, Gomez and Hayden"
4835,Emily,Cummings,sandystone@example.org,"Engineer, aeronautical",Walters-Miller
4836,Brian,Faulkner,gonzalezcody@example.org,Energy engineer,Smith-Wilson
4837,Cory,Myers,kenneth43@example.net,Secretary/administrator,Graves-Taylor
4838,Bryan,Nunez,lmcgee@example.net,Fisheries officer,White-Rodriguez
4839,Pamela,Mooney,sean11@example.net,Consulting civil engineer,Kramer LLC
4840,Jessica,Davis,imoore@example.com,Hydrologist,"Robertson, Sanchez and Stafford"
4841,Felicia,Cruz,billy91@example.org,Records manager,"Gray, Brown and Fernandez"
4842,Daniel,Martin,riverabelinda@example.com,Chiropractor,Black and Sons
4843,Kathryn,Ramirez,mcclaindavid@example.com,Bonds trader,Robinson Group
4844,Jose,Fuller,kellyhenderson@example.org,Diagnostic radiographer,Thomas-Liu
4845,Scott,Moran,kylemiller@example.com,"Presenter, broadcasting",Ford Ltd
4846,Michael,Vaughn,garrettpatricia@example.net,"Administrator, sports",Marquez-Rivera
4847,Erica,Graves,mcbridenicholas@example.com,Trade mark attorney,Herrera-Wilson
4848,David,Gardner,terry46@example.com,Field seismologist,Hall Ltd
4849,Peter,Collins,kellyjohns@example.com,Art gallery manager,"Spencer, Escobar and Lee"
4850,Jose,Schultz,tclark@example.com,Learning mentor,Shepherd and Sons
4851,Jack,Moreno,turnerwendy@example.net,Publishing rights manager,Woods-Johnston
4852,Michael,Howell,smithlauren@example.org,Clinical molecular geneticist,"Maldonado, Flores and Williams"
4853,Robert,Coleman,ugillespie@example.com,Public relations officer,Williams Group
4854,Samuel,Duarte,michaelrodriguez@example.net,Applications developer,"Rodriguez, Johnson and Russell"
4855,Dawn,Richardson,christopher52@example.net,Historic buildings inspector/conservation officer,Phillips-Russell
4856,John,Ellis,eileenmarks@example.com,Newspaper journalist,Edwards and Sons
4857,Michelle,Dunn,hansenmark@example.org,Television floor manager,"Monroe, Grimes and Logan"
4858,Monica,Joseph,harrishailey@example.net,Chiropodist,Torres and Sons
4859,Rachel,Russell,tonymorris@example.net,"Producer, television/film/video","Joseph, Williams and Romero"
4860,Cynthia,Brown,garywilliams@example.org,Cabin crew,Merritt LLC
4861,Stephanie,Bates,stevenmarshall@example.net,"Engineer, production","Fisher, Scott and White"
4862,Nancy,Lewis,fdaniels@example.com,Special effects artist,Simmons-Gilmore
4863,Michelle,Jones,courtney86@example.org,Science writer,"Gonzales, Burnett and Adkins"
4864,Christopher,Carr,rmaddox@example.org,Professor Emeritus,Welch Ltd
4865,Ashlee,Hunt,mary44@example.net,Diplomatic Services operational officer,Ward Group
4866,Maurice,Orozco,santiagoreginald@example.com,Broadcast presenter,Lindsey-Conley
4867,Cody,Wilson,jeffrey85@example.com,Special educational needs teacher,"Nguyen, Warren and Nelson"
4868,Michelle,Campbell,harrisonaustin@example.com,Holiday representative,Rodriguez-Carr
4869,Tony,Odonnell,tcastro@example.com,Microbiologist,"Brewer, Wood and Krueger"
4870,Jane,Gould,ldean@example.org,"Engineer, control and instrumentation",Kim Ltd
4871,James,Griffith,nwilliams@example.com,Bookseller,Ryan-Smith
4872,Matthew,Gordon,kfleming@example.org,"Nurse, learning disability","Richards, Harris and Payne"
4873,Susan,Padilla,emann@example.org,Sports development officer,May Ltd
4874,Nicholas,Barrera,gonzalezjohnathan@example.org,Environmental consultant,Rogers-Flores
4875,Kelly,Martin,sherrydyer@example.com,Water quality scientist,"Clark, Sanders and Durham"
4876,Shelby,Cohen,abigailmolina@example.com,Pharmacologist,Adams Inc
4877,Phillip,Ramirez,andersonrhonda@example.org,"Surveyor, land/geomatics",Bauer and Sons
4878,Brenda,Chapman,bchapman@example.net,Electrical engineer,Baker-Roberts
4879,Vincent,Lopez,ashleyshelton@example.com,Industrial/product designer,Romero Inc
4880,Lisa,Fox,angelarodriguez@example.org,Dancer,"Anderson, Gill and Gomez"
4881,Regina,Snyder,pscott@example.com,Audiological scientist,"Cochran, Moore and Banks"
4882,Louis,Ramirez,robertphillips@example.com,Environmental health practitioner,Adkins PLC
4883,Hunter,Sims,dianerogers@example.org,Race relations officer,Richardson-Ford
4884,Tanya,Howell,quinntrevor@example.org,Occupational psychologist,Matthews-Henson
4885,Curtis,Griffin,nmoore@example.net,Records manager,"Harper, Herrera and King"
4886,Christina,Jones,emurphy@example.com,Armed forces logistics/support/administrative officer,Johnson-Dean
4887,John,Warren,gabriel82@example.com,Equities trader,Macdonald-Stephens
4888,Jillian,Cruz,marshbrandi@example.com,Quantity surveyor,Smith Inc
4889,Laura,Brady,melissamitchell@example.com,"Investment banker, corporate",Walter and Sons
4890,Kyle,Wade,lperry@example.org,Professor Emeritus,Miller-Wood
4891,Taylor,Bennett,schultzwesley@example.com,Pharmacologist,White and Sons
4892,Jane,Foley,glenhawkins@example.com,"Investment banker, operational","Bowen, Williams and Barnes"
4893,Nicole,Odonnell,usalazar@example.net,Hotel manager,Ford-Rios
4894,Jonathan,Riggs,berryrita@example.org,Building control surveyor,Stewart-Miller
4895,Angelica,Walker,daniel32@example.net,Air traffic controller,Robinson-Holder
4896,Christopher,Pena,larry42@example.org,Stage manager,"Christensen, Smith and Martin"
4897,Katherine,Jacobs,markstanley@example.com,Animal technologist,Wright-Smith
4898,Alison,Richards,sadams@example.com,Microbiologist,"Solis, Pierce and Shah"
4899,Lisa,Miller,carrollcarl@example.com,Police officer,Farmer LLC
4900,Joshua,King,steven22@example.com,Hotel manager,Ruiz Inc
4901,Vincent,Mills,lbaker@example.org,"Engineer, communications",Bradley-Huang
4902,Wayne,Marshall,jrobinson@example.net,"Editor, film/video",Dixon-Stewart
4903,William,Reyes,hsimpson@example.org,Seismic interpreter,Gonzalez Ltd
4904,Amy,Wilson,humphreycharles@example.net,Press sub,Ball-Pratt
4905,Richard,Reilly,hensonbradley@example.com,Furniture designer,"Hendricks, Miller and Campbell"
4906,David,Burnett,larrycastro@example.org,Cabin crew,"Rodriguez, Weiss and French"
4907,Timothy,Melton,diane63@example.net,Chiropractor,Garcia Ltd
4908,Sandra,Howell,melanie36@example.org,Exhibition designer,"Holmes, Freeman and Jones"
4909,Edwin,Hensley,daniel72@example.org,Sub,"Brown, Joyce and Graham"
4910,Robert,Walker,timothy08@example.com,Retail manager,Moore-Prince
4911,Elaine,Warren,tylerclark@example.com,"Radiographer, diagnostic",Stone-Porter
4912,Steven,Robertson,amy84@example.org,"Production assistant, radio",Price-Mccullough
4913,Andrew,Johnson,whardin@example.net,"Designer, exhibition/display",Maynard PLC
4914,Dawn,Walls,sullivanjeremiah@example.net,"Education officer, community","Johnson, Steele and Moore"
4915,William,Williams,alozano@example.com,Trading standards officer,Fuller Ltd
4916,Hannah,Lewis,amy04@example.com,"Engineer, biomedical",May PLC
4917,Catherine,Kim,jesusbanks@example.org,Chief Technology Officer,Rush-Neal
4918,Kristi,Guerrero,tthomas@example.net,"Accountant, chartered management","Wilson, Sanchez and Green"
4919,Ryan,Kent,hayesrobert@example.org,"Research officer, government",Howard-Sparks
4920,Elizabeth,Stephens,teresayates@example.org,"Psychologist, prison and probation services",Johnson-Suarez
4921,Angela,Brown,nolanjamie@example.com,Location manager,Hines Ltd
4922,Frank,Brown,jennifer89@example.org,Systems developer,Wilson-Ramsey
4923,Nicholas,Mathews,jason21@example.com,Print production planner,Walker LLC
4924,Russell,White,hannahshah@example.org,"Production assistant, radio","Myers, Lee and Shepherd"
4925,Megan,Weber,lambwayne@example.com,Retail merchandiser,"Foster, Berg and Woodward"
4926,Jay,Hart,haydencynthia@example.com,"Presenter, broadcasting",Nolan-Hicks
4927,Tiffany,Collins,mmeyers@example.org,"Engineer, broadcasting (operations)","Hall, Jones and Rice"
4928,Heather,Glass,fieldskelly@example.org,Hydrogeologist,Shepherd-Kelley
4929,Kimberly,Ross,brucecampbell@example.org,Retail merchandiser,Young-Ortega
4930,Darren,Ford,michael55@example.com,Learning mentor,Wolfe-Massey
4931,Rebecca,Sanchez,mark42@example.org,Veterinary surgeon,"Cole, Murray and Wilson"
4932,Tara,Russell,john36@example.com,"Pilot, airline","Cortez, Larsen and Whitaker"
4933,Tammy,Fox,hfuentes@example.net,"Chemist, analytical",Vazquez-Kelly
4934,Christian,Hogan,teresa74@example.net,"Pilot, airline",Martin and Sons
4935,Veronica,Ramsey,zguerrero@example.net,International aid/development worker,King PLC
4936,Kyle,Dixon,bianca34@example.com,Clinical cytogeneticist,"Baker, Morton and Woods"
4937,Michael,Cervantes,kevincarroll@example.net,Volunteer coordinator,Mcintyre Inc
4938,Corey,Barrett,nchurch@example.org,Advertising account planner,Thompson LLC
4939,Douglas,Pierce,stephanie03@example.org,Aeronautical engineer,Jones-Kline
4940,Michael,Hunt,pgriffin@example.org,Statistician,Scott-Garcia
4941,Deborah,Martinez,williamsdaniel@example.org,Retail merchandiser,Ortiz PLC
4942,Christopher,Anderson,pettyjill@example.com,"Engineer, maintenance","Mathis, Williams and Reynolds"
4943,James,Coleman,steven34@example.net,Management consultant,Armstrong-Lee
4944,Michelle,Villa,rmoreno@example.com,Community education officer,"Smith, Garrett and Malone"
4945,David,Jones,rogerstimothy@example.org,Office manager,"Sanchez, Bryan and Carlson"
4946,Amanda,Lewis,deborahruiz@example.net,Lobbyist,Forbes Group
4947,Kimberly,Lozano,ameadows@example.com,Tax inspector,Sims LLC
4948,Andrew,Moreno,montgomerychad@example.org,Plant breeder/geneticist,"Rogers, Love and Mitchell"
4949,Jason,Green,wilsonmichael@example.net,Ecologist,Rich PLC
4950,Andrew,Bradshaw,ewalker@example.com,Financial risk analyst,Johnston Ltd
4951,William,Brown,martinrenee@example.com,Event organiser,"Meyer, Chan and Russell"
4952,Pamela,Randall,rgonzalez@example.org,Hospital pharmacist,Martinez-Allen
4953,Robert,Holloway,ncantrell@example.org,Theme park manager,Carr-Cabrera
4954,Shelia,Roberson,andrewssandra@example.net,"Nurse, children's",Clarke-Green
4955,John,Hanson,laurieday@example.org,"Engineer, aeronautical",Kelly-Smith
4956,Robin,Savage,carpentermichael@example.org,Operational investment banker,"Fry, Torres and Riley"
4957,Amanda,Brennan,lcrane@example.org,Chief Executive Officer,"Castillo, Jenkins and Sexton"
4958,Carol,Phillips,cruzchristopher@example.net,Patent examiner,Molina-Little
4959,Brian,Morse,andersondavid@example.com,Geophysical data processor,Kelly-Summers
4960,David,Moore,elizabeth20@example.net,Water engineer,Nichols LLC
4961,Angela,Cook,sabrina89@example.com,"Therapist, occupational","Griffin, Banks and Mcdowell"
4962,Cory,Hall,brian84@example.net,"Social research officer, government",Bailey Ltd
4963,Sarah,Hernandez,mgoodman@example.com,Research scientist (physical sciences),"Peterson, Mooney and Tran"
4964,Thomas,Contreras,gregorymccullough@example.net,Financial risk analyst,English-Lane
4965,Joseph,Mendoza,wattsryan@example.org,Legal secretary,Mcguire LLC
4966,Kenneth,Smith,matthew42@example.net,Newspaper journalist,"Guerrero, Nichols and Chavez"
4967,Diana,Stewart,erinjackson@example.net,"Runner, broadcasting/film/video","Cardenas, Mitchell and Fernandez"
4968,Stephanie,Harper,danielcabrera@example.org,"Journalist, broadcasting",Johnson Inc
4969,Raymond,Gonzalez,zbryan@example.org,Tour manager,Mcmahon Ltd
4970,Deborah,Myers,rzuniga@example.com,Television camera operator,"Lopez, Pineda and Flores"
4971,Kenneth,Hanson,cjackson@example.net,Chief Strategy Officer,"Miller, Rodriguez and Cook"
4972,Ashley,Jones,ypace@example.com,Therapeutic radiographer,"Brooks, Nelson and Day"
4973,Susan,Ingram,nicole37@example.net,"Radiographer, therapeutic","Nelson, Woodward and Parrish"
4974,Melissa,Huynh,krista21@example.net,Immunologist,Henderson-Lopez
4975,Susan,Moreno,joyanthony@example.com,Armed forces technical officer,"Colon, Gibson and Holland"
4976,Sherry,Holmes,rmcclure@example.net,"Research officer, trade union",Morrison and Sons
4977,John,Olson,anne86@example.com,Interior and spatial designer,Nelson-Powell
4978,Elizabeth,Griffin,megan01@example.org,Best boy,Willis and Sons
4979,Lauren,Terrell,youngkimberly@example.org,Pension scheme manager,"Melton, Jackson and Rhodes"
4980,Sara,Becker,smithlinda@example.net,"Administrator, charities/voluntary organisations",Guerrero-Benitez
4981,Taylor,Spence,sbarnes@example.org,"Engineer, automotive",Estes LLC
4982,Aaron,Johnson,zavalaandrew@example.com,Higher education careers adviser,Burns-Mason
4983,Scott,Hoover,ramireztimothy@example.net,Quantity surveyor,James and Sons
4984,Mark,French,wilkinsdavid@example.net,Actuary,Carter Inc
4985,Kim,Cook,janebrown@example.net,Prison officer,Rodriguez-Mathis
4986,Adam,Hall,gomezcharles@example.com,Air broker,Willis-Tucker
4987,James,Garcia,ifisher@example.com,Technical sales engineer,Miller-Hansen
4988,Megan,Sutton,fwells@example.com,"Engineer, electrical","Benson, Davis and Graham"
4989,Tony,Short,richard43@example.org,"Development worker, international aid",Taylor Ltd
4990,Susan,Martin,oscott@example.org,Occupational therapist,Delgado-Lindsey
4991,Kimberly,Alvarado,martin33@example.com,Museum/gallery curator,Young PLC
4992,Brett,Bell,amber16@example.com,Health promotion specialist,Morrow-Swanson
4993,Cynthia,Doyle,michelerogers@example.com,Recruitment consultant,Hobbs LLC
4994,Gregory,Ross,fstephens@example.org,"Psychologist, occupational",Brown-Hansen
4995,Carolyn,Taylor,walterdavid@example.net,Environmental education officer,Gonzalez LLC
4996,Jesse,Payne,lnewton@example.net,Early years teacher,Young-Jacobson
4997,Chelsea,Garza,dlucero@example.net,"Psychologist, sport and exercise",Williams and Sons
4998,Jennifer,Wilson,wbrown@example.com,Further education lecturer,Baker-Brown
4999,Drew,White,dperez@example.com,"Pilot, airline",Marshall Ltd
5000,Michael,Jacobson,robert37@example.org,Copy,Mathis PLC
